{"type": "FeatureCollection", "features": [{"type": "Feature", "properties": {"district": "Kamrup Metro", "dist_lgd": 618, "state": "ASSAM", "role": "neighbor_district"}, "geometry": {"type": "Polygon", "coordinates": [[[91.9530222, 26.2543078], [91.9533369, 26.2537755], [91.9533912, 26.2536761], [91.9541354, 26.2523815], [91.9545434, 26.2517068], [91.9548465, 26.2512324], [91.9554885, 26.2502659], [91.9563334, 26.2488844], [91.9567134, 26.2483111], [91.9570133, 26.2476791], [91.9571281, 26.2472277], [91.9572129, 26.2467042], [91.9571718, 26.2451608], [91.9570763, 26.2446418], [91.9568907, 26.2438024], [91.9565937, 26.2413159], [91.9565332, 26.2406299], [91.9564067, 26.2386173], [91.9564408, 26.2377774], [91.9564413, 26.2377642], [91.9564808, 26.2370286], [91.9565957, 26.2363295], [91.9566054, 26.2362704], [91.9567396, 26.2350879], [91.9567544, 26.2345823], [91.9568785, 26.2329937], [91.9569683, 26.2325785], [91.9570282, 26.2323843], [91.9571081, 26.2321902], [91.9573229, 26.2316756], [91.9577228, 26.2310075], [91.9581028, 26.2305876], [91.9583678, 26.2302986], [91.959118, 26.2296483], [91.9600935, 26.2291333], [91.961199, 26.2286498], [91.9619794, 26.2284688], [91.9625899, 26.2283963], [91.9632854, 26.2283191], [91.9636856, 26.2282827], [91.9642611, 26.2282508], [91.9647515, 26.228219], [91.9650666, 26.228106], [91.9662372, 26.227654], [91.9670024, 26.2272112], [91.9674775, 26.2268814], [91.9683178, 26.2262807], [91.9696129, 26.2253142], [91.9705582, 26.2245824], [91.9709382, 26.2242301], [91.9711831, 26.2239818], [91.9715231, 26.2235619], [91.972468, 26.2226586], [91.9731581, 26.2221166], [91.9740733, 26.221448], [91.9750283, 26.2207118], [91.9777986, 26.2185527], [91.9795686, 26.2171524], [91.9799585, 26.2168679], [91.9816688, 26.2157384], [91.983279, 26.2147218], [91.983714, 26.2144462], [91.9841691, 26.2141434], [91.984659, 26.2137776], [91.985489, 26.2132083], [91.9863291, 26.2127067], [91.9871392, 26.2121465], [91.9886441, 26.2110983], [91.9901142, 26.2100908], [91.9916691, 26.2090606], [91.9929142, 26.2082924], [91.9939792, 26.2076462], [91.9949907, 26.2070512], [91.9963135, 26.2063009], [91.9968913, 26.2059948], [91.9987797, 26.2050781], [91.9994906, 26.2046952], [92.0000016, 26.2045093], [92.0014372, 26.204223], [92.0022827, 26.2042148], [92.0032681, 26.2043646], [92.0043334, 26.204713], [92.0052385, 26.2050477], [92.0066937, 26.2057169], [92.0090142, 26.2065312], [92.0092951, 26.2066223], [92.0103396, 26.2069611], [92.0112698, 26.2072597], [92.0121852, 26.2073868], [92.0130007, 26.207392], [92.0142818, 26.207041], [92.0150527, 26.2066129], [92.0163946, 26.2054586], [92.0168654, 26.2049806], [92.0171609, 26.2046469], [92.0175418, 26.2039567], [92.0176923, 26.2034694], [92.017785, 26.2029073], [92.0178034, 26.2024134], [92.0178639, 26.2019486], [92.0179743, 26.201556], [92.0182497, 26.2012945], [92.0189453, 26.2010694], [92.0198409, 26.2009933], [92.0209314, 26.2010844], [92.0221318, 26.2013652], [92.023027, 26.2016998], [92.0239871, 26.2021924], [92.024442, 26.2025357], [92.0250219, 26.2030191], [92.0254467, 26.2034707], [92.0260314, 26.2042654], [92.0262611, 26.2047033], [92.0264759, 26.2051322], [92.0266856, 26.2055566], [92.0267753, 26.2059628], [92.0268494, 26.2070957], [92.0268589, 26.2076373], [92.026946, 26.2080558], [92.0269735, 26.2081879], [92.0270825, 26.2084725], [92.0271931, 26.2087612], [92.0275229, 26.2092624], [92.0279878, 26.2096915], [92.0284679, 26.2099175], [92.0289281, 26.2100487], [92.0295584, 26.2101394], [92.0300036, 26.2101623], [92.0305075, 26.2101266], [92.0308242, 26.2101042], [92.0318402, 26.2097258], [92.0324602, 26.2094197], [92.0329813, 26.2091624], [92.033221, 26.2090126], [92.0339624, 26.2085493], [92.0348235, 26.2079496], [92.0356294, 26.2073409], [92.0356488, 26.2073258], [92.0361979, 26.2068969], [92.0363453, 26.2067817], [92.036761, 26.2061682], [92.0370467, 26.2055185], [92.0371974, 26.2048416], [92.037494, 26.2029915], [92.037655, 26.2018182], [92.0376206, 26.20106], [92.0375462, 26.2002385], [92.0377768, 26.1995888], [92.0382375, 26.1990611], [92.0386279, 26.1988221], [92.0395486, 26.1985068], [92.0406242, 26.1984894], [92.0414245, 26.1986704], [92.0421496, 26.1989732], [92.0431098, 26.1994387], [92.0438648, 26.199904], [92.0442698, 26.2002201], [92.0445548, 26.2004911], [92.0447197, 26.2007439], [92.0448944, 26.2012811], [92.0449491, 26.201782], [92.0448534, 26.2025853], [92.044501, 26.2057307], [92.0444099, 26.2071387], [92.0443844, 26.2078473], [92.0444038, 26.2086596], [92.0444104, 26.2088133], [92.0444111, 26.2088274], [92.0444431, 26.2095668], [92.0443974, 26.2105687], [92.0443676, 26.211185], [92.0443517, 26.2115164], [92.0443209, 26.2125002], [92.0443445, 26.2129453], [92.0443653, 26.2133397], [92.044435, 26.2138361], [92.0446696, 26.2146035], [92.0448545, 26.214906], [92.0449369, 26.2150336], [92.0450678, 26.2152363], [92.0452778, 26.2154241], [92.0453378, 26.2154495], [92.045658, 26.2155853], [92.0460688, 26.2155586], [92.0462532, 26.2154322], [92.0467507, 26.2150064], [92.0474017, 26.2142395], [92.0476477, 26.2139347], [92.0484817, 26.2126531], [92.0493837, 26.2111789], [92.0507428, 26.2089471], [92.0519817, 26.2070224], [92.0522392, 26.2066482], [92.0529811, 26.2055911], [92.0532565, 26.2052076], [92.053313, 26.2051377], [92.0535118, 26.2048918], [92.0535168, 26.2048873], [92.0536143, 26.2047497], [92.0541864, 26.2039418], [92.0545584, 26.2034166], [92.05495, 26.2028414], [92.0550591, 26.2026812], [92.0554124, 26.2020933], [92.0563761, 26.2006285], [92.0571022, 26.1995916], [92.0574833, 26.1990968], [92.0582379, 26.1982727], [92.059465, 26.1970286], [92.0598854, 26.1966587], [92.0601307, 26.1964512], [92.0608714, 26.1959281], [92.0613317, 26.1957116], [92.0624876, 26.1952022], [92.0630429, 26.1951212], [92.0641184, 26.1952165], [92.066144, 26.1959169], [92.0668092, 26.196179], [92.0674444, 26.1965493], [92.0677539, 26.1966524], [92.0678245, 26.1966759], [92.0681805, 26.1967646], [92.0687498, 26.1969064], [92.0693801, 26.1970376], [92.0699904, 26.1971236], [92.071151, 26.1970879], [92.0725719, 26.1967997], [92.0743179, 26.1965115], [92.074929, 26.1962972], [92.0753336, 26.1961554], [92.075889, 26.1959074], [92.0763443, 26.1956774], [92.0768146, 26.1954293], [92.0771649, 26.1951902], [92.0775953, 26.1948429], [92.0778984, 26.1945204], [92.0779006, 26.1945181], [92.0779439, 26.1944519], [92.0784312, 26.1937059], [92.0785714, 26.1933494], [92.0787117, 26.1929207], [92.0787869, 26.1925687], [92.0787832, 26.1922209], [92.0787586, 26.1886198], [92.0787586, 26.1886153], [92.0788639, 26.1879744], [92.0789191, 26.187654], [92.0789874, 26.1874006], [92.0790443, 26.1871892], [92.0794096, 26.1867877], [92.0809508, 26.1854839], [92.0814011, 26.1852675], [92.0817513, 26.1851683], [92.0822916, 26.1850557], [92.0829469, 26.1850423], [92.0839271, 26.1853721], [92.0843622, 26.1855437], [92.0851474, 26.1859456], [92.0855525, 26.1862211], [92.0859624, 26.1865242], [92.0860226, 26.1865687], [92.0867676, 26.1872278], [92.0867726, 26.1872324], [92.0871127, 26.187589], [92.0874077, 26.1879961], [92.0876426, 26.1883203], [92.0878342, 26.1885191], [92.0880777, 26.1887717], [92.0884677, 26.1891193], [92.0893179, 26.1895934], [92.0896506, 26.1897552], [92.0897731, 26.1898147], [92.0902832, 26.1899412], [92.0908735, 26.1899955], [92.0915788, 26.1899777], [92.0923643, 26.1897387], [92.0930647, 26.1894229], [92.0933309, 26.1891688], [92.0934049, 26.1890981], [92.0936502, 26.1886649], [92.0938104, 26.1881775], [92.0938756, 26.1876991], [92.093863, 26.1872747], [92.0938607, 26.1871982], [92.0937758, 26.1867604], [92.0937708, 26.1867378], [92.0935259, 26.1859435], [92.093336, 26.1853973], [92.093021, 26.1851581], [92.0917057, 26.1842686], [92.0906205, 26.1835688], [92.0896103, 26.1829548], [92.0877949, 26.1819752], [92.0859846, 26.1810808], [92.0842793, 26.1802183], [92.0842793, 26.1802138], [92.0835142, 26.1797938], [92.0823639, 26.1793376], [92.0813434, 26.178937], [92.0807536, 26.1787594], [92.0805335, 26.1786465], [92.0805285, 26.178642], [92.0804183, 26.178532], [92.0800636, 26.178178], [92.0800536, 26.1781679], [92.0798486, 26.1779467], [92.0798336, 26.17787], [92.0798488, 26.1774774], [92.0799539, 26.177342], [92.080139, 26.1772744], [92.0805776, 26.177193], [92.0806492, 26.1771798], [92.0820347, 26.1770539], [92.0849258, 26.1768833], [92.0858411, 26.1768746], [92.0867965, 26.1767981], [92.0889273, 26.1765686], [92.0898176, 26.1764424], [92.0898376, 26.1764379], [92.0914686, 26.176063], [92.0939795, 26.175511], [92.0948446, 26.1753606], [92.09581, 26.1750901], [92.0958839, 26.1750692], [92.0970255, 26.1747473], [92.0989963, 26.174134], [92.0999867, 26.1737416], [92.1009321, 26.1733265], [92.1019125, 26.1729341], [92.1028379, 26.1726274], [92.1047436, 26.1720997], [92.1049487, 26.1720817], [92.105984, 26.1720818], [92.1066092, 26.172109], [92.1070443, 26.1722129], [92.1085796, 26.1727592], [92.1107851, 26.1738427], [92.1125856, 26.1747726], [92.114311, 26.175698], [92.1150912, 26.1760771], [92.11593, 26.1764022], [92.1159415, 26.1764067], [92.1168768, 26.1767136], [92.117722, 26.1769845], [92.1185823, 26.1772328], [92.1193626, 26.1774134], [92.1203179, 26.1775849], [92.1214332, 26.17777], [92.1234439, 26.1781492], [92.1243142, 26.1783975], [92.1260598, 26.1791061], [92.1280431, 26.1799179], [92.1287808, 26.180266], [92.1289534, 26.1803383], [92.1294811, 26.1805594], [92.1296861, 26.1805909], [92.1298012, 26.1805503], [92.1301763, 26.1803111], [92.1302255, 26.1802361], [92.1304514, 26.1798914], [92.1306015, 26.1791377], [92.1306615, 26.1784427], [92.1307165, 26.1774092], [92.1307115, 26.1769038], [92.1307665, 26.1754054], [92.1308605, 26.174779], [92.1308715, 26.1747059], [92.1309666, 26.174408], [92.1313267, 26.1736272], [92.1316768, 26.1729728], [92.1321949, 26.1722586], [92.1324579, 26.1719919], [92.1331822, 26.1713391], [92.1367381, 26.1692719], [92.1383735, 26.1684189], [92.1400639, 26.1675658], [92.1402789, 26.1674529], [92.1405835, 26.1672809], [92.1406882, 26.1672217], [92.1420443, 26.1664554], [92.1420593, 26.1664464], [92.1434495, 26.1654669], [92.1446797, 26.1646048], [92.1475251, 26.1627451], [92.1475401, 26.162736], [92.1496954, 26.1615262], [92.1502355, 26.1613953], [92.1507856, 26.1615848], [92.1512058, 26.1619187], [92.1514109, 26.1621398], [92.151696, 26.1627129], [92.1518061, 26.1631642], [92.1519463, 26.1640758], [92.1522118, 26.1659036], [92.1522769, 26.1668017], [92.1523366, 26.1677323], [92.1523523, 26.1684986], [92.1523673, 26.1685979], [92.1525176, 26.1690509], [92.1525575, 26.169171], [92.1526522, 26.1693726], [92.1527376, 26.1695546], [92.1527476, 26.1695726], [92.1531028, 26.17006], [92.1533829, 26.1703037], [92.1537681, 26.1705338], [92.1546784, 26.1708766], [92.1551486, 26.1709216], [92.1555848, 26.1708428], [92.1557737, 26.1708087], [92.1562344, 26.1706661], [92.1562989, 26.1706461], [92.1563189, 26.1706371], [92.1567016, 26.1704229], [92.1568189, 26.1703572], [92.157164, 26.1700096], [92.1571867, 26.1699844], [92.157649, 26.1694725], [92.1577192, 26.1693746], [92.1578965, 26.1691273], [92.1580585, 26.1689015], [92.1593911, 26.1672097], [92.1606537, 26.1651844], [92.161156, 26.1643999], [92.1612086, 26.1643178], [92.161673, 26.1636655], [92.1617155, 26.1636058], [92.1617485, 26.1635595], [92.1617635, 26.1635459], [92.1621885, 26.1632254], [92.1626335, 26.1629951], [92.1632086, 26.1627377], [92.1636936, 26.1625616], [92.1643038, 26.1625344], [92.1647189, 26.162611], [92.1651991, 26.162814], [92.1656892, 26.1630711], [92.1661144, 26.1633463], [92.1663796, 26.1635629], [92.1666158, 26.1637718], [92.1669048, 26.1640276], [92.1669698, 26.1639915], [92.1669736, 26.1638638], [92.1669995, 26.162985], [92.1669793, 26.1624841], [92.1669542, 26.1619696], [92.1668688, 26.1608955], [92.1668135, 26.1600696], [92.1668334, 26.1596228], [92.1668334, 26.1596183], [92.1666275, 26.1569286], [92.1665222, 26.1561162], [92.1660716, 26.1541622], [92.1657613, 26.153386], [92.1650108, 26.1521676], [92.1644405, 26.1512697], [92.1644113, 26.1512246], [92.1639152, 26.1504574], [92.1635849, 26.1498257], [92.163338, 26.1488856], [92.1628892, 26.1474113], [92.1623236, 26.1455611], [92.1620584, 26.1450015], [92.1620183, 26.1445141], [92.1623026, 26.1421447], [92.1624572, 26.1405425], [92.162482, 26.139676], [92.1626049, 26.1379019], [92.1627212, 26.1367965], [92.1627959, 26.1357901], [92.1628706, 26.1347837], [92.1629053, 26.1337095], [92.1629118, 26.1335083], [92.1629297, 26.1329525], [92.16294, 26.1326354], [92.1629714, 26.1318758], [92.1629847, 26.1315568], [92.163079, 26.1293995], [92.1631337, 26.1283208], [92.1631532, 26.1280366], [92.1632084, 26.1272331], [92.1632623, 26.1263952], [92.1632781, 26.12615], [92.1633051, 26.1256985], [92.1633428, 26.1250668], [92.1633775, 26.1239791], [92.1634568, 26.1218038], [92.1639874, 26.121008], [92.1640165, 26.1209642], [92.1649908, 26.1191362], [92.165312, 26.1184676], [92.1654505, 26.1181793], [92.1659251, 26.1172179], [92.1664347, 26.1162474], [92.1669343, 26.1152724], [92.1671004, 26.114933], [92.1674326, 26.114254], [92.1687378, 26.1117969], [92.1687578, 26.111727], [92.1689532, 26.1110433], [92.1692022, 26.110172], [92.1693249, 26.109525], [92.1697961, 26.1074053], [92.1700307, 26.106471], [92.1702353, 26.1055051], [92.1703844, 26.1046847], [92.1704149, 26.1045167], [92.1708291, 26.1025128], [92.1710371, 26.1016049], [92.1710587, 26.1015108], [92.1711036, 26.1013077], [92.1711061, 26.1012129], [92.1710574, 26.099567], [92.1704785, 26.0981952], [92.1698275, 26.0973461], [92.1691766, 26.0966929], [92.1686981, 26.0961301], [92.1686639, 26.0959654], [92.1686585, 26.0959395], [92.1685638, 26.0947944], [92.1681041, 26.0940458], [92.1681629, 26.0920546], [92.1688485, 26.0899116], [92.1698246, 26.0887222], [92.1700821, 26.0880816], [92.1701135, 26.0880035], [92.1704642, 26.0861616], [92.1711709, 26.0849096], [92.1719985, 26.0837884], [92.1727805, 26.083112], [92.1733333, 26.0829649], [92.1737985, 26.0828411], [92.1738296, 26.0828275], [92.1741899, 26.0826701], [92.1745148, 26.082414], [92.1747088, 26.0822611], [92.175316, 26.081338], [92.1753869, 26.0811325], [92.175677, 26.0802926], [92.1757468, 26.079818], [92.1757534, 26.0797732], [92.1758212, 26.0793125], [92.1760954, 26.0780906], [92.1761332, 26.0779506], [92.1758616, 26.0779248], [92.1751819, 26.0778349], [92.1749119, 26.0777898], [92.1744471, 26.0776907], [92.1738824, 26.0776277], [92.1732877, 26.0776279], [92.172698, 26.0777184], [92.1722732, 26.0776779], [92.1719883, 26.0775742], [92.1715635, 26.0773667], [92.1712235, 26.0772089], [92.1708538, 26.0771774], [92.1706689, 26.0772181], [92.170389, 26.0773896], [92.1699744, 26.077647], [92.1697245, 26.0776787], [92.1693997, 26.0776382], [92.1691498, 26.0775525], [92.1687048, 26.0771871], [92.1671653, 26.0762172], [92.1667404, 26.0758609], [92.1663554, 26.0753826], [92.1659954, 26.0749539], [92.1657004, 26.0746606], [92.1653156, 26.0744306], [92.1649449, 26.0742868], [92.1647458, 26.0742096], [92.1641361, 26.073948], [92.1635313, 26.073551], [92.1629514, 26.0730683], [92.1625465, 26.0727615], [92.1621767, 26.0726126], [92.1619418, 26.0725496], [92.161612, 26.0724142], [92.1613121, 26.0722518], [92.1609672, 26.0720263], [92.1605273, 26.0716699], [92.1600324, 26.0712096], [92.1595176, 26.0707584], [92.1589978, 26.0703659], [92.1587179, 26.0701764], [92.158513, 26.0701178], [92.1582631, 26.0700908], [92.1580482, 26.0701179], [92.1575786, 26.0702218], [92.1573237, 26.0702083], [92.1571338, 26.070091], [92.1570038, 26.0699602], [92.1568638, 26.0696894], [92.1567288, 26.069369], [92.1565788, 26.0690937], [92.1563099, 26.0687927], [92.1559339, 26.0683718], [92.1552142, 26.0676092], [92.1549443, 26.067334], [92.1547094, 26.0671535], [92.1544245, 26.0670813], [92.1541747, 26.0670904], [92.154088, 26.0671126], [92.1539449, 26.0671491], [92.1533602, 26.0673163], [92.1530754, 26.0672802], [92.1526806, 26.0671404], [92.1522357, 26.0667794], [92.1518609, 26.0663823], [92.151611, 26.0659852], [92.151191, 26.0652046], [92.1508062, 26.0646856], [92.1502564, 26.0641486], [92.1495616, 26.0635756], [92.1495117, 26.0635348], [92.1490919, 26.0631921], [92.148887, 26.0629528], [92.148562, 26.0625422], [92.1483322, 26.0621271], [92.1480422, 26.0614997], [92.1475674, 26.0609493], [92.1472425, 26.0607327], [92.1469527, 26.0605928], [92.1464131, 26.0605026], [92.1459384, 26.0604169], [92.1455236, 26.0601507], [92.1451437, 26.0597221], [92.1446089, 26.0587473], [92.1440341, 26.0574566], [92.1436093, 26.0564547], [92.1433943, 26.056044], [92.1432044, 26.0559178], [92.1430545, 26.0559223], [92.1427997, 26.0559584], [92.1425349, 26.0560623], [92.1424403, 26.0561295], [92.1422301, 26.0562789], [92.1420553, 26.0563241], [92.1419203, 26.0563105], [92.1416505, 26.0561751], [92.1412308, 26.0558638], [92.1407961, 26.0555028], [92.1405112, 26.0552907], [92.1402613, 26.0551553], [92.1399615, 26.0550425], [92.1397317, 26.0550019], [92.139352, 26.0549659], [92.1388673, 26.054975], [92.1383826, 26.0550202], [92.137908, 26.0551015], [92.1377131, 26.0550879], [92.1375432, 26.0550383], [92.1369836, 26.0546999], [92.1364489, 26.0543478], [92.1359442, 26.0539553], [92.1344002, 26.052615], [92.1342103, 26.052448], [92.1341104, 26.0522494], [92.1340004, 26.0519967], [92.1339705, 26.0516447], [92.1339954, 26.0513874], [92.1341403, 26.0510083], [92.1342451, 26.0506157], [92.1342551, 26.0501418], [92.1342351, 26.0499071], [92.1341552, 26.0497131], [92.1338703, 26.0491896], [92.1336355, 26.0488059], [92.1335305, 26.0485713], [92.1335255, 26.048305], [92.1335754, 26.047795], [92.1336004, 26.0475919], [92.1336304, 26.0472895], [92.1336303, 26.0467228], [92.1336303, 26.0466667], [92.1336102, 26.0465133], [92.1335253, 26.0462651], [92.1332405, 26.04571], [92.1328058, 26.0449698], [92.1326559, 26.0446584], [92.1326409, 26.0444959], [92.1327258, 26.0442928], [92.1326159, 26.0442387], [92.132471, 26.0442206], [92.1322462, 26.0442477], [92.1320114, 26.0442974], [92.1317166, 26.0444554], [92.1312687, 26.0447489], [92.1309523, 26.0449563], [92.1305476, 26.0452046], [92.129993, 26.0454574], [92.1294335, 26.0455747], [92.1288639, 26.0456785], [92.1282144, 26.0456786], [92.1277798, 26.045656], [92.1273051, 26.0455974], [92.1268154, 26.045489], [92.1263059, 26.045304], [92.1257963, 26.0450874], [92.1252167, 26.0448572], [92.1246172, 26.0446271], [92.1227987, 26.0439455], [92.122294, 26.0438237], [92.1218994, 26.0437876], [92.1214047, 26.0438824], [92.1211749, 26.0439771], [92.1208702, 26.0442073], [92.1207352, 26.0443923], [92.1205654, 26.0447398], [92.1202606, 26.0453672], [92.1200957, 26.0457553], [92.1199009, 26.0459629], [92.119676, 26.0460531], [92.1192214, 26.0461072], [92.1189351, 26.0460832], [92.118848, 26.0460759], [92.1187917, 26.0460712], [92.1182472, 26.0460666], [92.1176177, 26.0460982], [92.1173229, 26.0461433], [92.1165784, 26.046414], [92.1156441, 26.0468427], [92.11436, 26.0475196], [92.1138054, 26.0478807], [92.1131059, 26.0484131], [92.1128261, 26.0487245], [92.1125662, 26.0489547], [92.111397, 26.0496993], [92.1109523, 26.04997], [92.1103778, 26.0502362], [92.110028, 26.0503896], [92.1092535, 26.0505746], [92.1088038, 26.0506783], [92.108529, 26.0507009], [92.1079195, 26.0506602], [92.1074898, 26.0505608], [92.1071701, 26.0504479], [92.1068953, 26.0503171], [92.1066505, 26.0501861], [92.105926, 26.0499469], [92.1055613, 26.0498701], [92.1051916, 26.0497933], [92.104692, 26.0497888], [92.1041424, 26.0497435], [92.103348, 26.0495494], [92.1027785, 26.0493552], [92.1023887, 26.0492694], [92.1018642, 26.0492558], [92.1014345, 26.0492782], [92.100765, 26.0493097], [92.1003803, 26.0492375], [92.0999306, 26.0490975], [92.0984916, 26.0492732], [92.0972876, 26.0492234], [92.095454, 26.0489477], [92.092282, 26.0480225], [92.0906182, 26.0471775], [92.0891595, 26.0463378], [92.0871863, 26.0454436], [92.0858325, 26.0450461], [92.0853979, 26.0450008], [92.0849982, 26.0449106], [92.0845986, 26.044748], [92.0826105, 26.0437951], [92.0822559, 26.0435874], [92.0819812, 26.0433797], [92.0816725, 26.0430969], [92.0816166, 26.0430456], [92.081267, 26.0427928], [92.0810171, 26.0426573], [92.0807074, 26.0426347], [92.0801479, 26.042657], [92.0795483, 26.0427019], [92.0791287, 26.0426883], [92.0786441, 26.0425482], [92.0781795, 26.0423992], [92.0779148, 26.0422863], [92.0764913, 26.0414689], [92.0761217, 26.0412161], [92.0751528, 26.0403041], [92.0740193, 26.0391528], [92.0729455, 26.0383491], [92.0726608, 26.0381595], [92.0724911, 26.0380737], [92.0711274, 26.0374368], [92.0708977, 26.0373374], [92.0706629, 26.0373373], [92.070448, 26.0374095], [92.0704385, 26.0374191], [92.0702532, 26.037608], [92.0701082, 26.0377072], [92.0699234, 26.0376936], [92.0697335, 26.0375491], [92.0691244, 26.0368809], [92.0685102, 26.0362534], [92.0683055, 26.0360592], [92.0671318, 26.0353457], [92.0646695, 26.0344239], [92.0640201, 26.0341665], [92.0622915, 26.0344681], [92.0610523, 26.0350318], [92.0608774, 26.0350813], [92.060791, 26.0350729], [92.0605976, 26.0350541], [92.0600182, 26.034959], [92.0588593, 26.0348548], [92.0581948, 26.0348409], [92.0579551, 26.0348227], [92.0577802, 26.034782], [92.0575456, 26.0345878], [92.0572659, 26.0343215], [92.0569864, 26.0340866], [92.0568415, 26.0340324], [92.0556377, 26.0337475], [92.0551182, 26.033666], [92.0539395, 26.0332547], [92.0529103, 26.0329484], [92.0517467, 26.0328249], [92.0506025, 26.0330275], [92.0503078, 26.0330318], [92.0484397, 26.0328097], [92.0481399, 26.0327734], [92.0472853, 26.0332785], [92.0466456, 26.0337384], [92.045821, 26.0342389], [92.0449466, 26.0344415], [92.0441171, 26.0347209], [92.0435673, 26.0352171], [92.0433074, 26.0354516], [92.0430874, 26.0355733], [92.0427628, 26.0355641], [92.0422533, 26.0353698], [92.0420835, 26.0353696], [92.0419536, 26.0354282], [92.0412787, 26.0360011], [92.0406889, 26.0365062], [92.0404791, 26.0365512], [92.0402392, 26.036524], [92.0396799, 26.0362664], [92.0394352, 26.0362121], [92.0378466, 26.0361254], [92.0365577, 26.0361652], [92.0363328, 26.0362102], [92.0360429, 26.0364357], [92.0358979, 26.0365936], [92.0356928, 26.0369275], [92.0354175, 26.0377577], [92.0346723, 26.0387005], [92.0345424, 26.0388177], [92.0343974, 26.0389169], [92.0341676, 26.038971], [92.033718, 26.03893], [92.0331836, 26.0386905], [92.0331592, 26.0386812], [92.032814, 26.0385504], [92.0324093, 26.0385546], [92.0321395, 26.0386582], [92.0320542, 26.0387168], [92.0315946, 26.0390325], [92.0310798, 26.0393933], [92.03062, 26.0395825], [92.0301254, 26.0395732], [92.0287566, 26.0395226], [92.0284269, 26.0394998], [92.0270433, 26.039219], [92.0267336, 26.0390925], [92.0260794, 26.0388032], [92.0258397, 26.0386316], [92.0243867, 26.0378452], [92.024042, 26.0378089], [92.0235823, 26.0378763], [92.0234073, 26.0379619], [92.0232972, 26.0382011], [92.0232669, 26.0386343], [92.0230169, 26.0389139], [92.0228719, 26.03895], [92.0226421, 26.0389497], [92.0219081, 26.0386017], [92.0210142, 26.0381949], [92.0207394, 26.0381721], [92.01969, 26.0385054], [92.01947, 26.0386767], [92.019345, 26.0388707], [92.01906, 26.0391052], [92.0187701, 26.0392132], [92.0184454, 26.0391904], [92.018096, 26.0389239], [92.0177217, 26.0385265], [92.0177054, 26.0385072], [92.0168633, 26.0375104], [92.0165939, 26.037095], [92.016499, 26.0370453], [92.0163391, 26.0370767], [92.0154246, 26.0374281], [92.0151094, 26.0378521], [92.0148542, 26.0383483], [92.0146593, 26.0384746], [92.0142595, 26.038533], [92.0132704, 26.0384419], [92.0127812, 26.0380895], [92.011723, 26.037186], [92.0106242, 26.0368783], [92.0101247, 26.0367335], [92.0089407, 26.0367777], [92.0088108, 26.0368182], [92.0085107, 26.0384561], [92.0081102, 26.0384506], [92.0076406, 26.0380178], [92.0074658, 26.037986], [92.0072359, 26.03804], [92.0069194, 26.038301], [92.0068859, 26.0383285], [92.006561, 26.0385088], [92.0062162, 26.0385536], [92.0058667, 26.038418], [92.0047789, 26.0371263], [92.0047142, 26.0368374], [92.0047147, 26.0363635], [92.00466, 26.0360611], [92.0044256, 26.0357315], [92.004111, 26.0355687], [92.0037414, 26.0355729], [92.0022726, 26.0356529], [91.9997297, 26.0357771], [91.9993493, 26.0363544], [91.999454, 26.036517], [91.9989991, 26.0368732], [91.9980496, 26.0371115], [91.9969953, 26.0373407], [91.995036, 26.0383444], [91.9949012, 26.0384438], [91.9947564, 26.038489], [91.9945616, 26.0385117], [91.9944616, 26.0385028], [91.9941318, 26.0383767], [91.993867, 26.0382731], [91.993587, 26.0381245], [91.9933571, 26.0379847], [91.9929522, 26.0378586], [91.9928123, 26.0378318], [91.9925975, 26.0378454], [91.9924428, 26.0379223], [91.9921932, 26.0381255], [91.9916288, 26.0382885], [91.9908047, 26.0385193], [91.990575, 26.0385376], [91.9891162, 26.0385388], [91.9890562, 26.0385297], [91.9886114, 26.0383766], [91.9885164, 26.0382819], [91.9884963, 26.0381601], [91.9884962, 26.0380789], [91.988571, 26.0379028], [91.9884056, 26.0374245], [91.9879751, 26.036432], [91.9883693, 26.0359939], [91.987959, 26.0352766], [91.9872739, 26.0345054], [91.9870932, 26.0336797], [91.9867081, 26.0332737], [91.986588, 26.0330572], [91.9865681, 26.0330211], [91.9865178, 26.0327188], [91.9865324, 26.0323803], [91.9865719, 26.0318523], [91.9865719, 26.0317349], [91.9865568, 26.0316356], [91.9865217, 26.0315454], [91.9864267, 26.0314281], [91.9863317, 26.031392], [91.9861018, 26.031329], [91.9858271, 26.0313158], [91.9857121, 26.0312843], [91.9855922, 26.0312166], [91.9855221, 26.031149], [91.9854621, 26.0310272], [91.985472, 26.0309279], [91.9854919, 26.0308421], [91.9855617, 26.0306028], [91.9857761, 26.030174], [91.9859905, 26.0297766], [91.98613, 26.0294426], [91.9861998, 26.0292168], [91.9862146, 26.0291266], [91.9862045, 26.0290499], [91.9861745, 26.0289777], [91.9860696, 26.028901], [91.9858047, 26.0287884], [91.98545, 26.0286758], [91.9851651, 26.0286084], [91.9850002, 26.0285589], [91.9847503, 26.0284146], [91.9846103, 26.0282523], [91.9845152, 26.0281124], [91.9844602, 26.027977], [91.98447, 26.0277379], [91.9844295, 26.027282], [91.9843791, 26.0267586], [91.984324, 26.0265555], [91.984249, 26.0264247], [91.9841039, 26.0262488], [91.9838189, 26.0259783], [91.983569, 26.0258024], [91.983484, 26.0257844], [91.9833491, 26.0257574], [91.9831594, 26.0257576], [91.9830394, 26.0257667], [91.9828896, 26.0258209], [91.9827349, 26.0259384], [91.9823157, 26.0263585], [91.982131, 26.02653], [91.9820162, 26.0265663], [91.9817864, 26.0265529], [91.9814066, 26.0264809], [91.9811219, 26.0265082], [91.9809122, 26.0265445], [91.9805027, 26.026766], [91.9802336, 26.0270548], [91.9801534, 26.0271409], [91.9798938, 26.0273441], [91.9797241, 26.027439], [91.9793945, 26.0275204], [91.9791547, 26.0275117], [91.9789748, 26.0274757], [91.978725, 26.0273856], [91.978535, 26.0272638], [91.9772407, 26.0266149], [91.9766755, 26.0257984], [91.9757209, 26.0251943], [91.9752763, 26.0251676], [91.9750115, 26.0251091], [91.9747865, 26.0248836], [91.9747514, 26.0246624], [91.9748211, 26.0244277], [91.9748808, 26.0242155], [91.9749206, 26.0239492], [91.9748855, 26.023868], [91.9746257, 26.0237057], [91.9741062, 26.0237061], [91.9739263, 26.0236882], [91.9736165, 26.0235936], [91.9736004, 26.0235761], [91.9734665, 26.0234313], [91.9734264, 26.0232643], [91.9734762, 26.0230115], [91.9735959, 26.0227813], [91.9736007, 26.0226052], [91.9735606, 26.0224338], [91.9734406, 26.0222895], [91.9731657, 26.0221136], [91.972856, 26.0220145], [91.9724114, 26.0220148], [91.9718221, 26.0221912], [91.9715325, 26.0223088], [91.9712078, 26.0223541], [91.9711134, 26.0223405], [91.9709281, 26.0223137], [91.9706282, 26.0221694], [91.9695938, 26.0215428], [91.9685245, 26.0211554], [91.9682497, 26.0210653], [91.9680349, 26.021088], [91.9676904, 26.0212823], [91.9672203, 26.0214023], [91.9659573, 26.0214504], [91.9658024, 26.0214414], [91.9656275, 26.021419], [91.9653678, 26.0213605], [91.9651978, 26.0212658], [91.9649879, 26.02109], [91.9646879, 26.020711], [91.964513, 26.0205081], [91.9642781, 26.0203186], [91.9640932, 26.0201924], [91.9637683, 26.0201114], [91.9634586, 26.0200619], [91.9630041, 26.0201163], [91.9627495, 26.0201661], [91.9625048, 26.0202295], [91.9622251, 26.0202838], [91.9619503, 26.0202569], [91.9617304, 26.0201803], [91.9616355, 26.0201082], [91.9615805, 26.0199953], [91.9615754, 26.0198194], [91.9617101, 26.0196433], [91.9618028, 26.0195531], [91.9619746, 26.0193858], [91.9620595, 26.0193], [91.9620944, 26.0192414], [91.9620893, 26.0190698], [91.9620243, 26.0189842], [91.9619143, 26.0189165], [91.9617645, 26.0188488], [91.9614098, 26.018822], [91.9611451, 26.0189305], [91.9608206, 26.0190932], [91.9606357, 26.0191249], [91.9604559, 26.0190979], [91.9602011, 26.0189672], [91.9599112, 26.0187191], [91.9596113, 26.0184169], [91.9592216, 26.0182005], [91.9581624, 26.017962], [91.9575579, 26.017854], [91.9571283, 26.0177639], [91.9566188, 26.0176198], [91.9559843, 26.0173764], [91.9529314, 26.0160061], [91.9526166, 26.0158348], [91.9523418, 26.015659], [91.9521818, 26.0155056], [91.9519869, 26.0152259], [91.9517669, 26.0149236], [91.951557, 26.0147431], [91.9513721, 26.0146575], [91.9511074, 26.0146577], [91.9509476, 26.014739], [91.9507879, 26.0149241], [91.9506433, 26.015213], [91.9504886, 26.0154614], [91.9503738, 26.0155382], [91.9502039, 26.0155833], [91.9499541, 26.0155429], [91.9497294, 26.0154798], [91.9493896, 26.0153084], [91.9486304, 26.0153179], [91.9482009, 26.0153768], [91.9479161, 26.0153363], [91.9477962, 26.0152912], [91.9476763, 26.015192], [91.9475864, 26.0150612], [91.9475163, 26.0149078], [91.9475161, 26.0146054], [91.9475161, 26.0146054], [91.9475808, 26.014294], [91.9477654, 26.0138605], [91.9478053, 26.0137433], [91.9478201, 26.013504], [91.9474654, 26.0132515], [91.9471755, 26.0131749], [91.9469358, 26.0131479], [91.9462764, 26.0131076], [91.9449928, 26.013036], [91.9443784, 26.0130228], [91.9439539, 26.0129688], [91.9430946, 26.0127842], [91.9424652, 26.0125905], [91.9410065, 26.0121488], [91.9398425, 26.011829], [91.9394679, 26.0115989], [91.9390182, 26.0115269], [91.9384238, 26.0114505], [91.9378794, 26.011383], [91.9374998, 26.0113561], [91.9366956, 26.0112617], [91.9358514, 26.0111176], [91.935252, 26.0109238], [91.9349872, 26.010784], [91.9347273, 26.0105856], [91.9345225, 26.0104412], [91.9341878, 26.0103059], [91.933973, 26.0102745], [91.9337782, 26.0102926], [91.9337333, 26.0103332], [91.9337234, 26.0104144], [91.9337234, 26.0105544], [91.9338484, 26.0108612], [91.9338436, 26.0110959], [91.9337688, 26.0113667], [91.933669, 26.0116466], [91.9333795, 26.0118724], [91.9325455, 26.0121976], [91.9317514, 26.0123785], [91.9314118, 26.0124237], [91.931277, 26.0124103], [91.9312219, 26.0123877], [91.931147, 26.0123561], [91.9311021, 26.0123246], [91.9310821, 26.0122705], [91.931122, 26.0121079], [91.9312167, 26.0118145], [91.9312365, 26.0115437], [91.9311965, 26.0113316], [91.9310915, 26.0111376], [91.9308467, 26.0109121], [91.930352, 26.0106053], [91.9301122, 26.0103482], [91.9299322, 26.0100098], [91.9297773, 26.0096307], [91.9296922, 26.009351], [91.9296521, 26.0090802], [91.9296069, 26.0086921], [91.9296667, 26.0082632], [91.9297913, 26.0078661], [91.9298462, 26.0076358], [91.9299259, 26.0072612], [91.9299109, 26.007013], [91.9298758, 26.0068686], [91.9296259, 26.0065934], [91.9294061, 26.006422], [91.9291057, 26.0061948], [91.9290064, 26.0061198], [91.9288416, 26.0060611], [91.9285618, 26.0058672], [91.928357, 26.0057229], [91.9282771, 26.0056551], [91.9282321, 26.0055198], [91.928232, 26.0054792], [91.9283168, 26.0051858], [91.9283962, 26.0041161], [91.9283356, 26.0025139], [91.9282706, 26.002356], [91.9281156, 26.0021711], [91.9277009, 26.0018146], [91.9273012, 26.0014809], [91.9268416, 26.0011064], [91.9255326, 25.9998341], [91.9252828, 25.9996131], [91.924963, 25.9993921], [91.9245784, 25.9992703], [91.9238293, 25.9991668], [91.923165, 25.9990497], [91.9226306, 25.998937], [91.9220755, 25.998645], [91.9220561, 25.9986348], [91.9214067, 25.9981431], [91.9210071, 25.9979582], [91.9202729, 25.9977553], [91.9195838, 25.9977872], [91.9189844, 25.9978325], [91.9184351, 25.9980041], [91.9179658, 25.9982074], [91.9170919, 25.9983927], [91.9163128, 25.998429], [91.915304, 25.9983932], [91.9148146, 25.9985919], [91.9143952, 25.9987997], [91.913906, 25.999382], [91.9135466, 26.0001267], [91.913392, 26.0006142], [91.9130281, 26.0026317], [91.9130382, 26.003065], [91.9131282, 26.0035118], [91.9131232, 26.003593], [91.9130434, 26.0038367], [91.9129586, 26.0039812], [91.9125392, 26.0044867], [91.9123495, 26.004726], [91.9122896, 26.0048389], [91.9122796, 26.0049201], [91.9122896, 26.0049833], [91.9123246, 26.00506], [91.9124995, 26.0052585], [91.912969, 26.0053983], [91.9132737, 26.0055201], [91.9137983, 26.0059216], [91.9140631, 26.0062555], [91.914198, 26.0064676], [91.914303, 26.0067564], [91.9143031, 26.0068827], [91.9142482, 26.0070317], [91.9141733, 26.0072033], [91.9138886, 26.0074155], [91.9134692, 26.00756], [91.9129748, 26.0075646], [91.9118409, 26.007425], [91.9112565, 26.0073033], [91.9108819, 26.0073305], [91.9105923, 26.0073712], [91.9104675, 26.0074479], [91.9102427, 26.0076511], [91.910078, 26.0079896], [91.9097886, 26.0086261], [91.9097586, 26.008775], [91.9097638, 26.0088707], [91.9097986, 26.0089375], [91.9104832, 26.0097858], [91.910653, 26.0098985], [91.9107579, 26.0099526], [91.9109827, 26.0099617], [91.9111275, 26.0099074], [91.911492, 26.0096365], [91.9117466, 26.0093567], [91.9119164, 26.0091987], [91.9121711, 26.0090948], [91.9123909, 26.0090542], [91.9126755, 26.0090541], [91.9130252, 26.0091443], [91.913285, 26.0093247], [91.91332, 26.0094014], [91.913325, 26.0095052], [91.91328, 26.0096316], [91.9130803, 26.009767], [91.9127157, 26.0098619], [91.9122313, 26.0100065], [91.9119967, 26.0101509], [91.9117969, 26.0104173], [91.9116123, 26.0107197], [91.9113775, 26.0109635], [91.9107933, 26.0113743], [91.9103688, 26.0116407], [91.910244, 26.0117085], [91.9099844, 26.0120244], [91.9098795, 26.0122276], [91.9098296, 26.012363], [91.9097548, 26.0126744], [91.9097998, 26.0129677], [91.9099298, 26.0132114], [91.9101046, 26.0133512], [91.9104093, 26.0135001], [91.910769, 26.0135407], [91.9115931, 26.0134592], [91.9121975, 26.0133552], [91.9131513, 26.0131068], [91.9137007, 26.0130795], [91.9138756, 26.0131201], [91.9141104, 26.0132554], [91.9142403, 26.0133772], [91.9143752, 26.0135262], [91.9147899, 26.0139909], [91.9148849, 26.0142301], [91.9147901, 26.0144422], [91.9146652, 26.014537], [91.9145355, 26.0146318], [91.9142058, 26.0146771], [91.9136713, 26.0145554], [91.9132817, 26.0145464], [91.9131119, 26.0145871], [91.912987, 26.0147135], [91.9129871, 26.014903], [91.9130371, 26.0150836], [91.913232, 26.015431], [91.9135868, 26.0160177], [91.9140266, 26.0166358], [91.9143815, 26.0171728], [91.9149713, 26.0183054], [91.9150412, 26.0185446], [91.9150913, 26.0189327], [91.9150617, 26.0198129], [91.914917, 26.0202777], [91.9146923, 26.0204989], [91.9126594, 26.0209237], [91.9122148, 26.0209689], [91.9114956, 26.0209692], [91.9109761, 26.0210595], [91.9105766, 26.0212086], [91.9101421, 26.0214569], [91.9098124, 26.0215744], [91.9096376, 26.0215924], [91.9095077, 26.0215474], [91.9094478, 26.0215112], [91.9090929, 26.0210735], [91.9087582, 26.0209292], [91.9085135, 26.0209699], [91.9080391, 26.0211866], [91.9079342, 26.0212679], [91.9076995, 26.0215523], [91.9074647, 26.021805], [91.9061015, 26.023227], [91.9057969, 26.0235114], [91.9053924, 26.0237778], [91.9051826, 26.0238726], [91.9042434, 26.0239269], [91.9041036, 26.0239315], [91.9037739, 26.0238955], [91.9035891, 26.0238007], [91.9032942, 26.0234758], [91.9030544, 26.0230155], [91.9028694, 26.0226636], [91.9026846, 26.0225191], [91.9025347, 26.0224244], [91.9024748, 26.0224018], [91.902305, 26.0223748], [91.9021302, 26.0223794], [91.9018604, 26.0224516], [91.9016057, 26.0225871], [91.901351, 26.0228127], [91.9008615, 26.0232235], [91.900532, 26.0234087], [91.9001923, 26.0234719], [91.899413, 26.0234134], [91.8986037, 26.0232916], [91.8981992, 26.0233233], [91.8978295, 26.0233955], [91.89737, 26.0236032], [91.8968356, 26.023978], [91.8965609, 26.0242578], [91.8958967, 26.0250206], [91.8955771, 26.0254314], [91.8952474, 26.025657], [91.894668, 26.0258241], [91.8940536, 26.025928], [91.8938738, 26.0260048], [91.8934742, 26.0262531], [91.8928898, 26.0266774], [91.892785, 26.0267316], [91.8925702, 26.0267948], [91.8921955, 26.0267812], [91.891616, 26.0266369], [91.8911564, 26.0265512], [91.8908967, 26.0265513], [91.890507, 26.0265739], [91.8901374, 26.0266867], [91.8898377, 26.0268673], [91.8894131, 26.02726], [91.8889687, 26.0277114], [91.8887438, 26.0278693], [91.888484, 26.0279054], [91.8880994, 26.0278468], [91.8869905, 26.0279507], [91.8864909, 26.0281042], [91.886396, 26.0281178], [91.8861263, 26.0281178], [91.8857966, 26.0280411], [91.8854819, 26.0279011], [91.8847375, 26.0273687], [91.8843778, 26.0270392], [91.8839832, 26.0266151], [91.8835984, 26.0262676], [91.8833437, 26.026078], [91.8832288, 26.026051], [91.883044, 26.0261006], [91.8828892, 26.0262676], [91.8826694, 26.0267505], [91.8824945, 26.0270259], [91.8820351, 26.0272245], [91.8816654, 26.0273282], [91.8814156, 26.0274997], [91.8811759, 26.0278699], [91.8809761, 26.0284205], [91.8807813, 26.0291471], [91.8807063, 26.0293863], [91.8805565, 26.0296571], [91.8801969, 26.0300768], [91.8796124, 26.030492], [91.8792128, 26.030799], [91.8789331, 26.0311511], [91.8789314, 26.0311614], [91.8788631, 26.0315934], [91.8788957, 26.0320337], [91.8791696, 26.0326862], [91.8792124, 26.0333325], [91.8792268, 26.0340693], [91.8791553, 26.0343667], [91.8788406, 26.0345089], [91.8784259, 26.0344959], [91.8781828, 26.034483], [91.8780112, 26.0344959], [91.8777824, 26.0345864], [91.8775678, 26.0348838], [91.8775107, 26.0354008], [91.8770846, 26.035747], [91.8765555, 26.035747], [91.8762695, 26.0352558], [91.8758118, 26.0349327], [91.8756831, 26.0349326], [91.8754829, 26.0349715], [91.8751682, 26.0351136], [91.8751825, 26.0353592], [91.8754542, 26.0356049], [91.8757974, 26.0357858], [91.8760407, 26.0360185], [91.8762409, 26.0362512], [91.8761979, 26.0364063], [91.8760264, 26.036471], [91.875726, 26.0364063], [91.8751825, 26.0363546], [91.8746534, 26.036471], [91.8745246, 26.0367295], [91.8746534, 26.0369621], [91.8749537, 26.0374275], [91.874968, 26.0378411], [91.8747542, 26.0380946], [91.8742822, 26.0382626], [91.8738389, 26.0382496], [91.8735242, 26.0383272], [91.8730952, 26.0388055], [91.8730523, 26.0389994], [91.8731238, 26.0393356], [91.8734384, 26.0395682], [91.8738817, 26.0397621], [91.8743251, 26.0400206], [91.8744395, 26.0403438], [91.8742536, 26.040667], [91.8736958, 26.0411324], [91.8735084, 26.0414389], [91.8734512, 26.0417491], [91.873537, 26.041943], [91.8741663, 26.0420335], [91.8746812, 26.0422403], [91.8748671, 26.0426023], [91.8748413, 26.0427657], [91.8748242, 26.0428737], [91.8747993, 26.0429233], [91.8747527, 26.0430159], [91.8744952, 26.0430935], [91.8744061, 26.0430887], [91.874009, 26.0430676], [91.8735513, 26.0430806], [91.873208, 26.0433004], [91.8729792, 26.0435847], [91.8727075, 26.0444249], [91.8723927, 26.0446059], [91.8720209, 26.0446188], [91.8717294, 26.0443846], [91.8715764, 26.0440814], [91.8714049, 26.0434092], [91.8709471, 26.0427112], [91.8704037, 26.0424267], [91.8696027, 26.042375], [91.8680295, 26.0419872], [91.8674385, 26.0417019], [91.867298, 26.0420176], [91.867238, 26.0422478], [91.867283, 26.0425095], [91.8675727, 26.0432182], [91.8680723, 26.0441975], [91.8687616, 26.0452852], [91.8693512, 26.0462556], [91.8697308, 26.0470273], [91.8700805, 26.0474651], [91.8704352, 26.0478713], [91.8709548, 26.0483136], [91.8710847, 26.0484806], [91.8711619, 26.0486144], [91.8712096, 26.0486972], [91.8717942, 26.0505295], [91.8719241, 26.0509583], [91.871909, 26.0511975], [91.8718291, 26.0513645], [91.8714244, 26.0516759], [91.8708724, 26.0521449], [91.8706749, 26.0523664], [91.8704451, 26.0528673], [91.8702952, 26.0533864], [91.8702701, 26.0536616], [91.8702802, 26.0545056], [91.8704999, 26.0555572], [91.8709296, 26.0568119], [91.8712293, 26.0578183], [91.8715391, 26.0589015], [91.871784, 26.0600614], [91.8718988, 26.0611671], [91.8720487, 26.0617222], [91.8723935, 26.0628053], [91.8725684, 26.0634417], [91.8725883, 26.0641232], [91.8727283, 26.0659194], [91.8727632, 26.0666596], [91.8726383, 26.0673365], [91.8726033, 26.0676299], [91.8726483, 26.0679052], [91.8727482, 26.0682076], [91.873258, 26.0687943], [91.8739875, 26.0696472], [91.8743772, 26.0703378], [91.8747371, 26.0711185], [91.874992, 26.0720618], [91.8753074, 26.0732228], [91.8761014, 26.0752616], [91.8764362, 26.0760153], [91.8765411, 26.0763583], [91.8766061, 26.0766652], [91.8765961, 26.076945], [91.8766561, 26.0781771], [91.8767361, 26.0789353], [91.876873, 26.0797566], [91.8770359, 26.0803705], [91.8773459, 26.0813724], [91.8776107, 26.0821442], [91.8776908, 26.0826225], [91.8776108, 26.0831235], [91.8775658, 26.0833852], [91.8773109, 26.0842292], [91.877206, 26.0847482], [91.8772004, 26.0850747], [91.8771989, 26.0851629], [91.877196, 26.0853304], [91.877216, 26.0855832], [91.877346, 26.0861879], [91.8776708, 26.0866437], [91.8778308, 26.0869461], [91.8778558, 26.0872394], [91.8777708, 26.0877178], [91.8777509, 26.088264], [91.8778858, 26.0887153], [91.8783357, 26.0894058], [91.8784506, 26.0897803], [91.8783607, 26.0901008], [91.8780108, 26.0903761], [91.8775959, 26.0905611], [91.8771811, 26.090832], [91.8770062, 26.0910124], [91.8769163, 26.0912923], [91.8768663, 26.0916488], [91.8769263, 26.0921362], [91.8769749, 26.0924682], [91.8771912, 26.0929576], [91.8773961, 26.0932599], [91.8778859, 26.0936752], [91.8781359, 26.0939279], [91.8783209, 26.0941897], [91.8790056, 26.095169], [91.8795005, 26.0957421], [91.8796404, 26.0960355], [91.8796754, 26.0963559], [91.8796754, 26.0966718], [91.8792757, 26.0977053], [91.8791707, 26.0979762], [91.8790757, 26.0980619], [91.8789607, 26.09808], [91.8788008, 26.0980935], [91.8785359, 26.0981431], [91.8780261, 26.0984049], [91.8769494, 26.099018], [91.8761867, 26.0995017], [91.8752869, 26.0999485], [91.8740274, 26.10049], [91.8736374, 26.10063], [91.8730126, 26.1006074], [91.8725828, 26.1005758], [91.872213, 26.1005036], [91.871973, 26.1004494], [91.8714731, 26.100305], [91.8712332, 26.1002192], [91.8697887, 26.1001379], [91.8685841, 26.1001153], [91.8683092, 26.1001695], [91.8679093, 26.1004492], [91.8671944, 26.1009908], [91.8665946, 26.1012841], [91.8663846, 26.1013564], [91.8662598, 26.1013473], [91.8661548, 26.1012841], [91.8661548, 26.1011803], [91.8661648, 26.1010223], [91.8661998, 26.1007335], [91.8661398, 26.1005349], [91.8660248, 26.1004402], [91.8658749, 26.1003995], [91.86576, 26.1004175], [91.8656549, 26.1004898], [91.8655549, 26.1005935], [91.865415, 26.1007831], [91.865275, 26.1010945], [91.8646902, 26.1018978], [91.8639253, 26.1026288], [91.8634504, 26.102868], [91.8630956, 26.1029221], [91.8624358, 26.1029221], [91.8618217, 26.102836], [91.8615204, 26.1027938], [91.8610162, 26.1027956], [91.8608762, 26.1028272], [91.8607162, 26.1028903], [91.8586666, 26.1038695], [91.8562422, 26.1050517], [91.8551874, 26.1056382], [91.8529928, 26.1069286], [91.8521378, 26.1075874], [91.8515628, 26.1081064], [91.8510129, 26.1084041], [91.850503, 26.1085078], [91.8499832, 26.1084672], [91.8497515, 26.1084123], [91.8493733, 26.1083226], [91.8487935, 26.1080833], [91.8482836, 26.1080697], [91.8479137, 26.1082366], [91.8475788, 26.1084758], [91.8471188, 26.108769], [91.8465989, 26.1089359], [91.846134, 26.109008], [91.8449792, 26.1093734], [91.8438893, 26.1097342], [91.8425745, 26.1102168], [91.8413796, 26.1105685], [91.8408948, 26.1106226], [91.8406748, 26.1107038], [91.8403197, 26.1110693], [91.8399497, 26.1115069], [91.8394997, 26.111895], [91.8389298, 26.1120619], [91.8382849, 26.1120617], [91.83774, 26.1121021], [91.8373601, 26.1122374], [91.83643, 26.1128555], [91.835735, 26.1134284], [91.83538, 26.1138255], [91.8351449, 26.1142226], [91.8349847, 26.1147145], [91.8343845, 26.1157253], [91.8333195, 26.1162169], [91.8328644, 26.1168035], [91.8323893, 26.1172186], [91.8309992, 26.118369], [91.8308491, 26.1184411], [91.8301942, 26.1185854], [91.8272794, 26.1191395], [91.8254041, 26.1194018], [91.824103, 26.1189154], [91.8213003, 26.1175061], [91.820228, 26.1164075], [91.8197281, 26.1149556], [91.8200433, 26.1139092], [91.8203583, 26.1130178], [91.8202298, 26.1125526], [91.8194059, 26.1121451], [91.8184049, 26.1118088], [91.8170179, 26.1111493], [91.8161316, 26.1102962], [91.8149023, 26.1090296], [91.8131771, 26.1071099], [91.8119623, 26.105559], [91.8101395, 26.1032904], [91.8099967, 26.1028899], [91.809826, 26.1014299], [91.8096122, 26.0998968], [91.8090413, 26.0977906], [91.8087125, 26.0976225], [91.8085267, 26.0975449], [91.8081548, 26.0976997], [91.8074681, 26.0981904], [91.8065095, 26.0989394], [91.8059373, 26.0992233], [91.8056228, 26.0991198], [91.8054524, 26.098841], [91.8053527, 26.0981045], [91.8051672, 26.0973679], [91.8046386, 26.0967217], [91.8037811, 26.0958039], [91.8031808, 26.0952869], [91.8029234, 26.0952609], [91.802723, 26.0956355], [91.8025935, 26.0969015], [91.8024397, 26.0973835], [91.8021389, 26.0982489], [91.8012801, 26.0994371], [91.8006361, 26.1001345], [91.8003501, 26.1000439], [91.799693, 26.0989324], [91.7981385, 26.0961128], [91.7976241, 26.0953373], [91.796534, 26.0938309], [91.7959954, 26.0930108], [91.7945863, 26.0912219], [91.7937861, 26.0903817], [91.7929433, 26.0891279], [91.7924042, 26.087713], [91.7919475, 26.0864724], [91.7913622, 26.0852317], [91.7904187, 26.0848824], [91.7889462, 26.0845197], [91.7888727, 26.0845056], [91.7869875, 26.0841439], [91.785858, 26.084014], [91.7856281, 26.0842799], [91.7850552, 26.0855974], [91.7841816, 26.0873281], [91.783323, 26.0880899], [91.7818991, 26.0888061], [91.7806117, 26.0892833], [91.7796963, 26.0896187], [91.7785522, 26.0897859], [91.7772799, 26.0893457], [91.7765574, 26.0888878], [91.7763265, 26.0887415], [91.776094, 26.0883706], [91.7757323, 26.0877496], [91.7754297, 26.0871887], [91.7752157, 26.0868282], [91.7749351, 26.0864741], [91.7744034, 26.0860266], [91.7738137, 26.0855989], [91.7734666, 26.0853383], [91.7729497, 26.0847906], [91.7725364, 26.0840828], [91.772123, 26.0835152], [91.7717021, 26.0830476], [91.7713107, 26.0826335], [91.7706978, 26.0820824], [91.7698559, 26.0813809], [91.7693684, 26.0809868], [91.7691321, 26.0807797], [91.7689919, 26.0805593], [91.7688637, 26.0803098], [91.7689333, 26.0799451], [91.7689039, 26.0797382], [91.768808, 26.0795379], [91.7686751, 26.0793108], [91.7676962, 26.078279], [91.7670462, 26.0778179], [91.7662929, 26.0772768], [91.7658056, 26.0768024], [91.7651925, 26.0763214], [91.7643823, 26.0757038], [91.7637841, 26.0752361], [91.7633706, 26.0749087], [91.7630014, 26.0746147], [91.7627578, 26.0742541], [91.7626397, 26.0740605], [91.7626177, 26.0738335], [91.7626623, 26.0735932], [91.7628031, 26.0732129], [91.7628846, 26.0729994], [91.762911, 26.0726198], [91.7627339, 26.0723526], [91.7623351, 26.072132], [91.7617588, 26.0718646], [91.7612713, 26.0716974], [91.7608711, 26.07158], [91.7603477, 26.0714697], [91.7592025, 26.0711685], [91.7584341, 26.0709542], [91.7573039, 26.070466], [91.7570749, 26.0703591], [91.7569716, 26.0701855], [91.7569389, 26.0700516], [91.7569686, 26.0699248], [91.7571258, 26.0697325], [91.756962, 26.0691171], [91.7560095, 26.0683488], [91.7549607, 26.0677404], [91.7535423, 26.0672639], [91.7532173, 26.0670768], [91.7526635, 26.0667692], [91.7509571, 26.066107], [91.7504975, 26.0660298], [91.7499744, 26.0659526], [91.7491541, 26.0659185], [91.7483191, 26.0659312], [91.7482531, 26.0659374], [91.7476196, 26.0659976], [91.7470289, 26.0660698], [91.7459787, 26.0661901], [91.7454734, 26.0656128], [91.7443787, 26.0652256], [91.7436842, 26.0653255], [91.7431495, 26.0652988], [91.7428046, 26.0650599], [91.7425895, 26.0648209], [91.7425892, 26.0645772], [91.7429886, 26.0642655], [91.7435228, 26.0638047], [91.7431774, 26.0631821], [91.7429124, 26.0630335], [91.7424827, 26.0630113], [91.7412706, 26.0629503], [91.7410685, 26.0629402], [91.7408036, 26.0628185], [91.7405432, 26.0626391], [91.7391854, 26.0620582], [91.7381644, 26.0619812], [91.7372847, 26.0617427], [91.7363247, 26.0609942], [91.7356547, 26.0606563], [91.7347204, 26.0607066], [91.7340008, 26.0606576], [91.7334961, 26.0605632], [91.732051, 26.0595037], [91.7310612, 26.0589267], [91.730876, 26.0586155], [91.7306357, 26.0581327], [91.7306354, 26.0578213], [91.7307151, 26.0575775], [91.7308999, 26.057433], [91.7314045, 26.0573604], [91.7327963, 26.0569803], [91.7331376, 26.0565377], [91.733487, 26.056226], [91.7338617, 26.0560588], [91.7345261, 26.0560582], [91.7358058, 26.0566079], [91.7365005, 26.0567066], [91.7368501, 26.056562], [91.7368997, 26.056246], [91.7359943, 26.055168], [91.7349791, 26.0541805], [91.7347138, 26.0536346], [91.7349279, 26.0527904], [91.7353268, 26.0519688], [91.7351913, 26.0513189], [91.7348161, 26.0509311], [91.7338321, 26.0511485], [91.7335922, 26.0511261], [91.7329775, 26.0508828], [91.7328723, 26.0505941], [91.7331617, 26.0502599], [91.7336162, 26.0499933], [91.7338308, 26.0497042], [91.7336954, 26.0492034], [91.7332156, 26.0490142], [91.7326808, 26.048771], [91.7320707, 26.0482433], [91.7315058, 26.0478827], [91.7298814, 26.0471392], [91.7292667, 26.0469456], [91.7280675, 26.0468021], [91.7274029, 26.0467799], [91.7268951, 26.0467606], [91.7261239, 26.0467312], [91.725349, 26.0461766], [91.7250787, 26.0455766], [91.725238, 26.0449717], [91.7250022, 26.0437218], [91.7244663, 26.0421786], [91.7242009, 26.0414567], [91.7241457, 26.0410957], [91.7244092, 26.0396964], [91.7239084, 26.038212], [91.7238529, 26.0375124], [91.7237173, 26.0367904], [91.7235322, 26.0363799], [91.7231045, 26.0354762], [91.7227409, 26.0355643], [91.7226867, 26.0351342], [91.7221677, 26.0351445], [91.711865, 26.0384239], [91.7114432, 26.0386016], [91.7081743, 26.0399781], [91.7049566, 26.041333], [91.7019387, 26.0426036], [91.6998331, 26.0431156], [91.6946098, 26.0443855], [91.6873407, 26.0461525], [91.6839466, 26.0477075], [91.6785337, 26.0501872], [91.6758184, 26.0514311], [91.6711267, 26.0531978], [91.6676871, 26.0544929], [91.6595555, 26.0575542], [91.6584428, 26.0580956], [91.6561475, 26.0592125], [91.6510883, 26.061674], [91.6487754, 26.0627993], [91.6473453, 26.063495], [91.6439058, 26.0648002], [91.6433511, 26.0650106], [91.6419581, 26.0655392], [91.6418116, 26.0655948], [91.6416128, 26.0656703], [91.6409755, 26.0659121], [91.6408779, 26.0659491], [91.6408399, 26.0659635], [91.6403093, 26.0661648], [91.640082, 26.0662511], [91.6395092, 26.0664684], [91.6389655, 26.0666747], [91.6383824, 26.0668959], [91.6372998, 26.0674601], [91.636887, 26.0677518], [91.6355239, 26.0687148], [91.6341278, 26.0697012], [91.6328941, 26.0705728], [91.6289348, 26.0698511], [91.6274362, 26.0700904], [91.6260881, 26.070329], [91.6256223, 26.0704922], [91.6247371, 26.0708191], [91.6240345, 26.0713991], [91.6239827, 26.0718597], [91.6241633, 26.0722805], [91.624923, 26.0733459], [91.6250976, 26.0735351], [91.625728, 26.0742174], [91.627398, 26.0748022], [91.6290923, 26.0752612], [91.6296421, 26.0758532], [91.6293052, 26.0762649], [91.6272787, 26.0761099], [91.6257717, 26.0759919], [91.6233059, 26.0754533], [91.621499, 26.0746481], [91.618822, 26.0731071], [91.6170439, 26.0723761], [91.6156259, 26.0722848], [91.6130251, 26.0723972], [91.6116899, 26.0724282], [91.6110187, 26.0724438], [91.6109109, 26.0724463], [91.6108578, 26.0724475], [91.6102291, 26.0746208], [91.6106331, 26.0757984], [91.6106569, 26.0758677], [91.6106901, 26.0759643], [91.6083194, 26.0762529], [91.6081219, 26.076277], [91.6052991, 26.0760868], [91.6001504, 26.0756113], [91.5997861, 26.0736393], [91.6002056, 26.0705258], [91.6002049, 26.0705079], [91.6000858, 26.0673075], [91.5994382, 26.0642637], [91.599064, 26.063455], [91.5987903, 26.0628632], [91.5988088, 26.062576], [91.598817, 26.0624503], [91.5988376, 26.0621302], [91.5988471, 26.0619836], [91.5987759, 26.0618569], [91.598302, 26.0610144], [91.5886988, 26.0572745], [91.58626, 26.0582251], [91.5857123, 26.0589068], [91.5856569, 26.0598026], [91.5858502, 26.0605399], [91.5861364, 26.0616321], [91.5860508, 26.0633412], [91.5857654, 26.0648426], [91.58532, 26.0660391], [91.585114, 26.066814], [91.5850109, 26.0672019], [91.5850079, 26.0672132], [91.5814772, 26.0680332], [91.5796093, 26.0684669], [91.5791955, 26.0654833], [91.5791563, 26.0634453], [91.5790668, 26.062181], [91.5790568, 26.0606676], [91.5789968, 26.060503], [91.5784714, 26.0590607], [91.5775119, 26.0586724], [91.5769574, 26.0586718], [91.5765766, 26.0590271], [91.5765346, 26.0590663], [91.5762918, 26.0592929], [91.5761058, 26.0594663], [91.5757065, 26.0596856], [91.5751817, 26.0599738], [91.574258, 26.0602305], [91.5734378, 26.0601034], [91.5723218, 26.0595178], [91.5722783, 26.0595026], [91.5706512, 26.0589316], [91.5694197, 26.0591067], [91.568022, 26.0602562], [91.5680976, 26.0605726], [91.5684634, 26.0621046], [91.5687499, 26.0627901], [91.5688622, 26.0630587], [91.5691846, 26.0638301], [91.5693331, 26.0639923], [91.5700463, 26.0647709], [91.5701917, 26.0649298], [91.57147, 26.0666188], [91.5715503, 26.0674805], [91.5715521, 26.0674998], [91.5715489, 26.0675092], [91.5713958, 26.0679613], [91.5713337, 26.0681444], [91.5712356, 26.068434], [91.571071, 26.06892], [91.5710977, 26.0698463], [91.5711037, 26.0700519], [91.5711284, 26.0700889], [91.5713989, 26.0704924], [91.5714659, 26.0705923], [91.5719238, 26.0712754], [91.5739264, 26.0715397], [91.5761051, 26.0718272], [91.5777595, 26.0720455], [91.5786564, 26.0730309], [91.5794534, 26.0739063], [91.5801239, 26.0760084], [91.5800887, 26.076668], [91.5800219, 26.0779212], [91.5799945, 26.0784347], [91.5799707, 26.0788817], [91.5799357, 26.0795383], [91.5803344, 26.0810929], [91.5803182, 26.0824339], [91.5800747, 26.0833954], [91.5798793, 26.0838063], [91.5798758, 26.0838137], [91.5793606, 26.0848972], [91.5807179, 26.0858546], [91.5841149, 26.0884679], [91.5851819, 26.09078], [91.5852633, 26.0909088], [91.5857731, 26.0917157], [91.5842028, 26.0922978], [91.5834424, 26.0925797], [91.5800662, 26.0929661], [91.5778193, 26.0939708], [91.5777579, 26.0940302], [91.577731, 26.0940562], [91.5770644, 26.0947016], [91.5758536, 26.0949308], [91.5732142, 26.0954731], [91.5720044, 26.0957545], [91.5713514, 26.0960414], [91.5711061, 26.0971286], [91.5710919, 26.098302], [91.5715793, 26.1001928], [91.5721651, 26.1016236], [91.57239, 26.1022125], [91.572339, 26.1025892], [91.5719082, 26.1029406], [91.5717298, 26.1030861], [91.5710767, 26.103373], [91.5681899, 26.1041826], [91.5667042, 26.1042517], [91.5653536, 26.1046573], [91.5641345, 26.105693], [91.5644674, 26.1067707], [91.5643742, 26.1086231], [91.5643351, 26.1101692], [91.5644429, 26.1117932], [91.5644558, 26.1119878], [91.5647917, 26.1144032], [91.5650268, 26.1157432], [91.5650986, 26.1160826], [91.5650645, 26.1166921], [91.5650644, 26.1166943], [91.5650331, 26.1167275], [91.5647644, 26.1170137], [91.5645586, 26.1172329], [91.5645433, 26.1172492], [91.5645406, 26.1172521], [91.5644985, 26.1172969], [91.564486, 26.1173104], [91.5634746, 26.1184281], [91.5633873, 26.1185245], [91.5627388, 26.1193037], [91.5618663, 26.1205868], [91.5613365, 26.121682], [91.5612512, 26.1221032], [91.5611193, 26.122754], [91.5612001, 26.1236415], [91.561519, 26.1246737], [91.5620637, 26.1267045], [91.5621261, 26.1273903], [91.5614687, 26.1297084], [91.5609419, 26.1315996], [91.5608172, 26.1331927], [91.5608641, 26.1337075], [91.5610192, 26.1354113], [91.5611129, 26.1368227], [91.5611399, 26.1372299], [91.5611731, 26.1377048], [91.5612899, 26.1393712], [91.561384, 26.1399248], [91.561452, 26.1402863], [91.5614741, 26.1404042], [91.5615033, 26.1405252], [91.5615934, 26.1408983], [91.562731, 26.144535], [91.5631718, 26.1459483], [91.5636557, 26.1475001], [91.5642374, 26.1484746], [91.5647326, 26.149304], [91.5688851, 26.1505264], [91.5788206, 26.1524223], [91.5791006, 26.1524757], [91.5846298, 26.1533312], [91.5908875, 26.1547391], [91.5951635, 26.155913], [91.5997308, 26.1574954], [91.601624, 26.1577398], [91.6020422, 26.1577939], [91.6064739, 26.159769], [91.6105513, 26.1621744], [91.6132857, 26.1635131], [91.6135913, 26.1636627], [91.6162063, 26.1641611], [91.6183027, 26.1641812], [91.6205099, 26.1650506], [91.620868, 26.1651917], [91.6222596, 26.1657176], [91.6241433, 26.1659407], [91.6260327, 26.165754], [91.6274279, 26.1652856], [91.6309443, 26.1641052], [91.6322132, 26.1639201], [91.6332137, 26.1639873], [91.6362949, 26.1643738], [91.6408636, 26.1649467], [91.6421712, 26.1650445], [91.6436972, 26.1651586], [91.6463898, 26.1653599], [91.6470844, 26.1654118], [91.6471651, 26.1654179], [91.6482341, 26.1658811], [91.6499119, 26.1667957], [91.6509557, 26.1687561], [91.6515882, 26.1698449], [91.6520499, 26.1709308], [91.6529685, 26.1741767], [91.6531275, 26.1749001], [91.6534127, 26.1761976], [91.6540328, 26.1773184], [91.6553121, 26.1782964], [91.6563744, 26.1796823], [91.6573194, 26.1822834], [91.6573038, 26.1822857], [91.656465, 26.1816912], [91.6560159, 26.1804608], [91.6552376, 26.1793055], [91.6548159, 26.1789831], [91.6535274, 26.1783716], [91.6531956, 26.1783029], [91.6523571, 26.1781294], [91.6522712, 26.1781116], [91.6517889, 26.1783499], [91.6517145, 26.17876], [91.6520711, 26.1795928], [91.6532613, 26.1821835], [91.6537331, 26.1842718], [91.6539505, 26.1854184], [91.6537738, 26.186544], [91.6535116, 26.1870439], [91.6511795, 26.1878241], [91.6502543, 26.1883342], [91.6480935, 26.1896524], [91.6471782, 26.1902663], [91.6468581, 26.1906048], [91.6465031, 26.1907718], [91.6461528, 26.1907358], [91.6457727, 26.1905644], [91.6448722, 26.1902214], [91.6439367, 26.1898741], [91.6436616, 26.1898651], [91.6435065, 26.1899779], [91.6430464, 26.1909031], [91.6428715, 26.1913545], [91.6425456, 26.1922092], [91.6426988, 26.1928064], [91.6427951, 26.1929857], [91.6429291, 26.1932354], [91.6431744, 26.1936282], [91.6434798, 26.1940617], [91.6445362, 26.1952537], [91.6454924, 26.1960527], [91.645978, 26.1963101], [91.6468139, 26.1966893], [91.6474046, 26.1969239], [91.6479002, 26.1970774], [91.6483558, 26.1971586], [91.6487413, 26.1973978], [91.6490066, 26.1976687], [91.6490068, 26.1983054], [91.649001, 26.1984469], [91.6495887, 26.1997656], [91.6496929, 26.1999039], [91.6497077, 26.1999242], [91.6499833, 26.2003012], [91.6501185, 26.2006263], [91.6501036, 26.200798], [91.6500885, 26.2008882], [91.6498934, 26.2011366], [91.6495381, 26.2015702], [91.6495201, 26.201822], [91.6495032, 26.2020579], [91.6497806, 26.2022232], [91.6500116, 26.202311], [91.6500662, 26.2023318], [91.6508727, 26.2026172], [91.6513755, 26.2027951], [91.6516781, 26.2029021], [91.6531141, 26.2037819], [91.653302, 26.203952], [91.6539719, 26.2045588], [91.6542601, 26.2048197], [91.6547698, 26.2050793], [91.6560305, 26.2057212], [91.6569563, 26.2063845], [91.6575127, 26.2069028], [91.6578203, 26.2071893], [91.6581681, 26.2075132], [91.6586518, 26.2079159], [91.6591096, 26.208297], [91.6594437, 26.2085751], [91.6594835, 26.2086083], [91.6596043, 26.2087088], [91.661501, 26.2103646], [91.6623018, 26.2114024], [91.6628223, 26.2120793], [91.6629779, 26.2136362], [91.663158, 26.2141611], [91.6634888, 26.2151254], [91.6635995, 26.2152885], [91.6641656, 26.2161226], [91.6642037, 26.2161788], [91.6642146, 26.2161948], [91.6643726, 26.2165406], [91.6644032, 26.2166077], [91.6644249, 26.2166551], [91.664425, 26.2168333], [91.664425, 26.2168813], [91.664425, 26.2171109], [91.6643595, 26.217574], [91.6643091, 26.21793], [91.6642474, 26.2183662], [91.6642438, 26.2184839], [91.6642342, 26.2187953], [91.6642876, 26.2190522], [91.664447, 26.2197367], [91.6646057, 26.2197069], [91.6655567, 26.2192191], [91.6659664, 26.2190089], [91.6668563, 26.2185524], [91.6677236, 26.2181075], [91.6709005, 26.2173136], [91.6721356, 26.21945], [91.6725435, 26.2201553], [91.6730177, 26.2209756], [91.6733661, 26.2215782], [91.6763534, 26.219655], [91.6776682, 26.2188086], [91.679427, 26.2176762], [91.6804233, 26.2170348], [91.6814634, 26.216365], [91.6816783, 26.2162267], [91.682253, 26.2158566], [91.6820861, 26.2156231], [91.6817385, 26.2151368], [91.680482, 26.2142703], [91.6794758, 26.2142951], [91.6786922, 26.2136965], [91.6773522, 26.2131396], [91.6764018, 26.2125535], [91.6759393, 26.2117669], [91.6754053, 26.2108585], [91.6753717, 26.2106802], [91.6750767, 26.2091136], [91.6747383, 26.2084816], [91.6740754, 26.2079751], [91.67323, 26.2072168], [91.6730188, 26.2070273], [91.6726708, 26.2067151], [91.6719012, 26.2056711], [91.6716465, 26.2053256], [91.6711274, 26.2045324], [91.6706687, 26.2038314], [91.6705827, 26.2035368], [91.6700353, 26.2029583], [91.6698253, 26.2029409], [91.6692934, 26.2028971], [91.6691591, 26.2026543], [91.6696508, 26.2019097], [91.6708754, 26.2006046], [91.6715958, 26.1998797], [91.6717984, 26.1996759], [91.6718539, 26.1993697], [91.6719842, 26.1986508], [91.6717619, 26.1980607], [91.67115, 26.1974998], [91.6698241, 26.1970935], [91.6687047, 26.1960261], [91.6682244, 26.1945174], [91.6681692, 26.1940616], [91.668259, 26.1933982], [91.6684839, 26.1927527], [91.6689388, 26.1919583], [91.6696263, 26.1911886], [91.6703139, 26.190419], [91.6707988, 26.1896289], [91.670892, 26.1895511], [91.6718462, 26.1887534], [91.6719414, 26.1885591], [91.6721292, 26.188176], [91.6722314, 26.1874605], [91.6722501, 26.1870546], [91.6721716, 26.186201], [91.6724894, 26.1841353], [91.6785713, 26.1875067], [91.6851896, 26.1917594], [91.6857491, 26.1943353], [91.6860548, 26.1958292], [91.6861009, 26.196938], [91.686082, 26.1985574], [91.6860072, 26.2001855], [91.6859849, 26.2006711], [91.6859874, 26.2016764], [91.6861303, 26.2027822], [91.6862035, 26.2048712], [91.6862056, 26.2049303], [91.6862085, 26.2050134], [91.686225, 26.2054848], [91.6862617, 26.2054803], [91.6892204, 26.2051212], [91.6914678, 26.2046711], [91.6947246, 26.2040511], [91.6953947, 26.2037352], [91.6957448, 26.2035701], [91.6960297, 26.2032664], [91.6961492, 26.2031389], [91.6962926, 26.2029861], [91.696357, 26.2029175], [91.6963572, 26.2029171], [91.6963624, 26.2029084], [91.6963627, 26.2029078], [91.6967466, 26.2022677], [91.6971825, 26.2015409], [91.6973224, 26.201129], [91.6978408, 26.1996033], [91.6978876, 26.1994656], [91.6982857, 26.1974935], [91.6984572, 26.1970508], [91.6989527, 26.1968592], [91.7044379, 26.1947377], [91.7049685, 26.1945325], [91.7053248, 26.1943947], [91.7054222, 26.194357], [91.7072537, 26.1932588], [91.7085022, 26.1927233], [91.7088973, 26.1925539], [91.7106685, 26.191713], [91.7117882, 26.1914013], [91.7128592, 26.1914725], [91.7140901, 26.1917592], [91.7146166, 26.1921543], [91.7153975, 26.1932913], [91.7154257, 26.1933323], [91.7162324, 26.1947885], [91.7170235, 26.1954496], [91.7172038, 26.1956003], [91.7177556, 26.1958149], [91.7185113, 26.1961088], [91.7184815, 26.1966832], [91.7184732, 26.1968427], [91.7184187, 26.1977491], [91.7175768, 26.1980365], [91.7177193, 26.1984333], [91.717968, 26.1989697], [91.7182439, 26.1995304], [91.719053, 26.200405], [91.7197508, 26.2009845], [91.7199804, 26.2013465], [91.7202957, 26.202334], [91.7208777, 26.2034785], [91.7211124, 26.2038792], [91.7213948, 26.2043614], [91.7214211, 26.2043815], [91.7219813, 26.2048112], [91.7224126, 26.2049305], [91.7226908, 26.2049095], [91.723173, 26.204671], [91.7237248, 26.204579], [91.7248748, 26.204897], [91.7266718, 26.2057142], [91.727149, 26.2059311], [91.7281885, 26.2062874], [91.7284799, 26.2063872], [91.7297574, 26.2068725], [91.7300936, 26.2074793], [91.7303164, 26.208676], [91.7303151, 26.2095526], [91.7303147, 26.2098048], [91.7303142, 26.2101677], [91.7304835, 26.2104836], [91.7313924, 26.2109209], [91.7331731, 26.2110902], [91.7362659, 26.2108186], [91.7369546, 26.2107803], [91.7379293, 26.2102568], [91.7386079, 26.2101158], [91.7388773, 26.2101316], [91.7390673, 26.2101634], [91.739528, 26.2103475], [91.7403855, 26.2108793], [91.7406153, 26.2110218], [91.7409762, 26.2112457], [91.7410081, 26.2112655], [91.7421334, 26.2104936], [91.7442013, 26.2092254], [91.7464965, 26.2085975], [91.7472291, 26.2086434], [91.7489306, 26.2090434], [91.7500018, 26.2085802], [91.7519282, 26.2076753], [91.7538297, 26.2068279], [91.7564675, 26.2056026], [91.7575236, 26.2051387], [91.7591213, 26.2044304], [91.7613826, 26.2034134], [91.7621985, 26.203035], [91.7632331, 26.2025166], [91.7633497, 26.2024582], [91.7643808, 26.2018995], [91.7660682, 26.2012619], [91.7678491, 26.2004806], [91.7686993, 26.2000471], [91.7687502, 26.1998269], [91.7687843, 26.1997054], [91.7688958, 26.199308], [91.768934, 26.1992029], [91.7690613, 26.1988523], [91.7691251, 26.1987949], [91.7692466, 26.1986854], [91.769657, 26.1985007], [91.7709176, 26.1984791], [91.7723673, 26.1989383], [91.7734982, 26.1993746], [91.7740484, 26.1994879], [91.7748688, 26.1994975], [91.7755992, 26.1995296], [91.7767295, 26.1998779], [91.776956, 26.1999815], [91.777961, 26.2004408], [91.7780547, 26.2004836], [91.7797151, 26.2010354], [91.7807504, 26.2013114], [91.782031, 26.2015199], [91.7828313, 26.2016468], [91.7838066, 26.2019317], [91.7846269, 26.202176], [91.7849869, 26.2023568], [91.7854469, 26.2027136], [91.786117, 26.203039], [91.7867563, 26.2033382], [91.7868122, 26.2033644], [91.7878124, 26.2037712], [91.7885025, 26.2041507], [91.7892476, 26.2046115], [91.7900977, 26.205113], [91.7909479, 26.2055513], [91.7918632, 26.2058813], [91.793599, 26.2061125], [91.7951898, 26.2063166], [91.7954099, 26.2063257], [91.7956101, 26.2062807], [91.7959103, 26.2061726], [91.796596, 26.2058435], [91.7969163, 26.2057263], [91.7972829, 26.2056714], [91.7973666, 26.2056589], [91.7979019, 26.2056321], [91.7989425, 26.2056824], [91.8007435, 26.2058097], [91.801909, 26.2059999], [91.8024712, 26.2061416], [91.8028244, 26.2062306], [91.8045901, 26.2067505], [91.8061857, 26.2074102], [91.8067209, 26.2077208], [91.8070809, 26.2079297], [91.8071379, 26.2079472], [91.807391, 26.2080246], [91.8077412, 26.208079], [91.8080614, 26.2080836], [91.8082415, 26.2080205], [91.8084117, 26.2079439], [91.8089972, 26.2077501], [91.8093274, 26.2076871], [91.8103931, 26.2075703], [91.8106502, 26.2075469], [91.8112337, 26.207494], [91.8116839, 26.2075077], [91.8126494, 26.2076977], [91.8132046, 26.2079146], [91.8137348, 26.2082262], [91.8139361, 26.2084002], [91.8143148, 26.2087275], [91.8149251, 26.2090075], [91.8149386, 26.2090093], [91.8155054, 26.2090845], [91.8158153, 26.2091208], [91.8159306, 26.2091344], [91.8160306, 26.209116], [91.8162008, 26.2090848], [91.816361, 26.2089766], [91.8165122, 26.2088187], [91.8166763, 26.2086473], [91.8171041, 26.208071], [91.817182, 26.207966], [91.817296, 26.2077826], [91.8174624, 26.2075148], [91.8175325, 26.2074562], [91.8176776, 26.2074292], [91.8181629, 26.2074158], [91.8198639, 26.2074888], [91.8207494, 26.207611], [91.8216698, 26.2078641], [91.8223701, 26.208072], [91.8230052, 26.2086048], [91.8234153, 26.2090517], [91.8238953, 26.2095529], [91.8240243, 26.209616], [91.8243655, 26.2097832], [91.8244152, 26.2097791], [91.8249059, 26.2097383], [91.8261915, 26.2100457], [91.8273121, 26.2104793], [91.8278824, 26.2105833], [91.8285727, 26.2108634], [91.829443, 26.2114414], [91.8302182, 26.2121276], [91.8308784, 26.2125521], [91.8312211, 26.2126451], [91.8315438, 26.2127328], [91.8322592, 26.2129136], [91.8332497, 26.2131666], [91.835596, 26.2138263], [91.8369417, 26.2142464], [91.8377392, 26.2145387], [91.8382725, 26.2147342], [91.8398984, 26.2152762], [91.8412642, 26.2156196], [91.8421047, 26.2157462], [91.8430403, 26.2157509], [91.8437508, 26.2156699], [91.8447815, 26.2157739], [91.8460673, 26.2160044], [91.8469858, 26.2162177], [91.848839, 26.216506], [91.8511456, 26.2166967], [91.8514107, 26.2167186], [91.8529158, 26.2168099], [91.8531269, 26.2168227], [91.8548331, 26.216805], [91.8570095, 26.2168369], [91.8577636, 26.21691], [91.8581753, 26.2169499], [91.8591309, 26.2171351], [91.8602366, 26.2176091], [91.860837, 26.217889], [91.8619561, 26.2183314], [91.8619677, 26.218336], [91.8628933, 26.2186881], [91.8637188, 26.2190086], [91.8650697, 26.2196225], [91.865497, 26.2198058], [91.8658802, 26.2199701], [91.8666057, 26.2202771], [91.8675057, 26.2205506], [91.8675414, 26.2205615], [91.8696778, 26.2210851], [91.8700942, 26.2211266], [91.8704484, 26.2211619], [91.8707586, 26.22118], [91.8708587, 26.2211258], [91.8709187, 26.2210762], [91.8709187, 26.2210351], [91.8709187, 26.2210085], [91.8708087, 26.2207964], [91.8704384, 26.2203992], [91.8702878, 26.2202633], [91.8702383, 26.2202187], [91.8700532, 26.2197583], [91.8701333, 26.2194605], [91.8704336, 26.2189957], [91.8711241, 26.2183232], [91.871159, 26.2182895], [91.8716095, 26.2178539], [91.8721449, 26.2174433], [91.8726152, 26.2171048], [91.8741513, 26.2167438], [91.875147, 26.2166581], [91.8764428, 26.2165904], [91.877109, 26.2165571], [91.8776136, 26.2165318], [91.8787444, 26.2165273], [91.8798852, 26.2167214], [91.8828722, 26.2173847], [91.8843983, 26.2179082], [91.8854391, 26.2184723], [91.8856053, 26.2186083], [91.8859244, 26.2188694], [91.8863348, 26.2193929], [91.8865299, 26.2200609], [91.8864649, 26.2203813], [91.8863448, 26.220625], [91.8862992, 26.2207026], [91.8861154, 26.2210148], [91.8860446, 26.221135], [91.8859005, 26.2213861], [91.8859005, 26.2213864], [91.8859005, 26.2214628], [91.8859106, 26.2214989], [91.8859606, 26.2215711], [91.8861557, 26.2216884], [91.8870614, 26.2220674], [91.8883224, 26.2224916], [91.8898986, 26.2230826], [91.8917502, 26.2238812], [91.8932063, 26.2244271], [91.8948376, 26.2249504], [91.895343, 26.2250722], [91.8961337, 26.2253428], [91.8967591, 26.225609], [91.8973547, 26.225979], [91.8985757, 26.2263353], [91.8992012, 26.2265563], [91.8997117, 26.2269353], [91.8999169, 26.2270075], [91.900217, 26.2269624], [91.9014029, 26.2266462], [91.9019933, 26.2264701], [91.9021635, 26.2264926], [91.9025838, 26.2267182], [91.9032994, 26.2271062], [91.9040552, 26.2277197], [91.9049462, 26.2285184], [91.9057919, 26.229132], [91.9066678, 26.2297094], [91.9075837, 26.2302282], [91.9086346, 26.2308914], [91.9087248, 26.2310088], [91.9089952, 26.2315006], [91.9093907, 26.2322587], [91.9099565, 26.2333733], [91.910322, 26.2341043], [91.9106576, 26.2348489], [91.910868, 26.2356295], [91.9116945, 26.2383282], [91.9121854, 26.2397812], [91.9123807, 26.2401783], [91.9128864, 26.2408822], [91.913377, 26.2414417], [91.9137975, 26.2416672], [91.9143531, 26.242001], [91.915109, 26.2426778], [91.9156898, 26.2433591], [91.915935, 26.2435215], [91.9165256, 26.2437154], [91.9170962, 26.2437829], [91.9176517, 26.2438504], [91.9180322, 26.2440534], [91.9183425, 26.2443196], [91.9185429, 26.2447076], [91.9187233, 26.2455741], [91.9188636, 26.2460524], [91.919134, 26.2463096], [91.9195544, 26.2464268], [91.9202502, 26.2465845], [91.9225926, 26.2470666], [91.9235285, 26.2473416], [91.9237992, 26.2475109], [91.9242273, 26.2475611], [91.9246827, 26.2474933], [91.9249328, 26.2472721], [91.9249954, 26.247187], [91.925428, 26.2465995], [91.9258831, 26.2458005], [91.9259881, 26.2453672], [91.9260803, 26.2448326], [91.9261244, 26.2445767], [91.9261329, 26.2445278], [91.9263949, 26.2441646], [91.926413, 26.2441395], [91.9264646, 26.2440911], [91.9266681, 26.2439003], [91.9273836, 26.2436383], [91.9279391, 26.2434666], [91.9283493, 26.2431641], [91.9289046, 26.2426675], [91.9292848, 26.2423063], [91.9293799, 26.2422702], [91.92947, 26.2422701], [91.9295801, 26.2422836], [91.9300756, 26.2423782], [91.9333238, 26.2430089], [91.9338393, 26.2432163], [91.9349006, 26.2437439], [91.9360519, 26.2443978], [91.9378892, 26.2455163], [91.9389005, 26.2461703], [91.9399268, 26.2468559], [91.9407628, 26.2474242], [91.9415329, 26.2479586], [91.9433862, 26.2490793], [91.9446284, 26.2500376], [91.9451378, 26.2506494], [91.9452254, 26.2509154], [91.9453014, 26.2510202], [91.9467242, 26.2517422], [91.9486998, 26.2527426], [91.9494762, 26.253148], [91.95033, 26.2536064], [91.9509603, 26.2539485], [91.951223, 26.2540327], [91.9519348, 26.2540271], [91.952386, 26.2539867], [91.9526662, 26.2540973], [91.9528572, 26.2542085], [91.9530222, 26.2543078]]]}}, {"type": "Feature", "properties": {"district": "West Karbi Anglong", "dist_lgd": 710, "state": "ASSAM", "role": "neighbor_district"}, "geometry": {"type": "Polygon", "coordinates": [[[92.5227, 26.151572], [92.522855, 26.151554], [92.5229651, 26.1515541], [92.5232949, 26.1517349], [92.5237844, 26.1524123], [92.524048, 26.1526352], [92.5240942, 26.1526742], [92.5255289, 26.153131], [92.525994, 26.153154], [92.5263242, 26.1529737], [92.5263478, 26.1529029], [92.5265248, 26.1523736], [92.5265572, 26.1522486], [92.5266803, 26.1517734], [92.5268154, 26.1516968], [92.5270555, 26.1516745], [92.5277404, 26.1517742], [92.5283407, 26.1516979], [92.5287611, 26.1512379], [92.5288439, 26.1510086], [92.5288914, 26.150877], [92.5288268, 26.1503804], [92.5286072, 26.14992], [92.527633, 26.1488902], [92.5271286, 26.148091], [92.5269493, 26.1472109], [92.5267752, 26.1462315], [92.526442, 26.1442274], [92.5264417, 26.1442165], [92.5264227, 26.1433067], [92.5266892, 26.14161], [92.5266251, 26.1406125], [92.5261812, 26.1394704], [92.5254823, 26.1380437], [92.5246635, 26.1367479], [92.5240697, 26.1354071], [92.5232855, 26.1340992], [92.5231411, 26.1338584], [92.5226371, 26.1326756], [92.5221486, 26.1311813], [92.5218659, 26.1299341], [92.5218099, 26.1296873], [92.5214006, 26.12901], [92.5211169, 26.1276693], [92.5208778, 26.1265996], [92.5205692, 26.12525], [92.5202199, 26.1235892], [92.5200117, 26.1226319], [92.519443, 26.1203353], [92.5193593, 26.11991], [92.5192134, 26.1193682], [92.51916, 26.1191697], [92.5189256, 26.1185648], [92.5187565, 26.1182805], [92.5184314, 26.117734], [92.5177279, 26.1164336], [92.5176282, 26.1160184], [92.5176438, 26.1155264], [92.5178667, 26.1148533], [92.5178993, 26.1147549], [92.5179738, 26.1146556], [92.5179895, 26.1146346], [92.5186232, 26.113789], [92.5188254, 26.1135191], [92.5188483, 26.1134738], [92.5190018, 26.1131704], [92.5192911, 26.1125987], [92.519493, 26.1106086], [92.5192758, 26.1077742], [92.5192724, 26.1077388], [92.5190777, 26.1056845], [92.5190558, 26.1055168], [92.518934, 26.1045837], [92.5189239, 26.1045064], [92.5190348, 26.1033872], [92.5192352, 26.102909], [92.5193057, 26.1028288], [92.5196556, 26.1024308], [92.5201006, 26.1023319], [92.5207603, 26.1023505], [92.5207718, 26.1023514], [92.52149, 26.1024096], [92.5224549, 26.1023202], [92.5233852, 26.1017432], [92.5241405, 26.1010803], [92.524316, 26.1009031], [92.5256013, 26.0996056], [92.526572, 26.0985456], [92.5267269, 26.0985864], [92.5273862, 26.0994628], [92.5276306, 26.0997876], [92.5283161, 26.1006727], [92.5283545, 26.1007223], [92.5291536, 26.1014991], [92.5294872, 26.1015474], [92.5296154, 26.1015659], [92.5298433, 26.1015989], [92.5306883, 26.1014009], [92.5307141, 26.1004306], [92.5306226, 26.0993889], [92.5316749, 26.0991269], [92.5317267, 26.0989916], [92.5323761, 26.0972951], [92.5324867, 26.0970529], [92.5326666, 26.0966589], [92.5331719, 26.0960997], [92.5334818, 26.0960005], [92.5336818, 26.0959601], [92.5340814, 26.0961995], [92.5354958, 26.0964397], [92.5363805, 26.0964628], [92.5366902, 26.0965623], [92.5370399, 26.0969822], [92.5372392, 26.0978128], [92.5373484, 26.0986117], [92.5375929, 26.099212], [92.5384317, 26.1002912], [92.5392509, 26.1010681], [92.5400802, 26.1017184], [92.5411085, 26.1024209], [92.5414291, 26.1026399], [92.5425332, 26.1034575], [92.5430426, 26.1041392], [92.543237, 26.1048163], [92.5434613, 26.1057778], [92.543925, 26.1071771], [92.5444544, 26.1080755], [92.5448936, 26.108816], [92.545043, 26.1089622], [92.5456179, 26.1095249], [92.5476717, 26.1107446], [92.5485638, 26.11118], [92.5501253, 26.111942], [92.5524243, 26.1128414], [92.5537687, 26.1132212], [92.5554531, 26.1136418], [92.5581421, 26.1143968], [92.5587529, 26.114567], [92.5606413, 26.115093], [92.5630254, 26.1157351], [92.5638974, 26.1158775], [92.5668158, 26.1163542], [92.5675693, 26.1164773], [92.5691839, 26.1167171], [92.5705337, 26.1166816], [92.5715735, 26.1163796], [92.5724537, 26.1158429], [92.5735191, 26.1146248], [92.5735849, 26.114513], [92.5737054, 26.1143081], [92.5739055, 26.1139677], [92.5740894, 26.1136547], [92.5758647, 26.1105969], [92.576681, 26.1090387], [92.5767337, 26.1088352], [92.5770116, 26.1077616], [92.577187, 26.1065837], [92.5771725, 26.105478], [92.576838, 26.1044806], [92.5762238, 26.1031219], [92.5754699, 26.1014247], [92.5748308, 26.0997274], [92.5744116, 26.0982876], [92.5742725, 26.0966448], [92.5743178, 26.0956654], [92.5746082, 26.0948487], [92.5746932, 26.0947356], [92.5754934, 26.093671], [92.5766435, 26.0926109], [92.5777484, 26.091835], [92.580023, 26.0905135], [92.581168, 26.0896474], [92.5824729, 26.0884699], [92.5832478, 26.0879873], [92.5858123, 26.0863904], [92.5879268, 26.0852853], [92.5901562, 26.0841667], [92.5923706, 26.0830479], [92.593807, 26.0822751], [92.5944197, 26.0819455], [92.5947268, 26.0817763], [92.5953947, 26.0812616], [92.5954445, 26.0811755], [92.5954725, 26.0811272], [92.5956848, 26.0807606], [92.5956849, 26.0802277], [92.5956849, 26.0800025], [92.59567, 26.0786793], [92.5961458, 26.0749013], [92.5963263, 26.0738015], [92.5963717, 26.0722219], [92.5960174, 26.0709265], [92.5952432, 26.0696265], [92.5940344, 26.0680015], [92.5929504, 26.0667827], [92.591272, 26.0650853], [92.5893986, 26.0633743], [92.5888693, 26.0626159], [92.5884249, 26.0614154], [92.5878757, 26.0602192], [92.5873665, 26.0591585], [92.5860682, 26.0566532], [92.5858025, 26.0561729], [92.5853841, 26.0554165], [92.584785, 26.0542563], [92.584191, 26.0529384], [92.5838166, 26.0517603], [92.5838309, 26.0505263], [92.5838374, 26.0499731], [92.5838376, 26.0494912], [92.5838377, 26.0489938], [92.5837085, 26.0471975], [92.5834645, 26.0449273], [92.5832255, 26.0432482], [92.582891, 26.0421875], [92.5822322, 26.0407431], [92.5817937, 26.0399215], [92.5816131, 26.039583], [92.5812487, 26.0388051], [92.5808645, 26.0379852], [92.5800708, 26.0362157], [92.5796715, 26.0354935], [92.5795421, 26.0345141], [92.5795126, 26.0336942], [92.5794976, 26.0332775], [92.579653, 26.0318648], [92.5800732, 26.030827], [92.5801255, 26.0307663], [92.5805413, 26.0302843], [92.5808478, 26.0299291], [92.5815074, 26.0293472], [92.5823029, 26.0290668], [92.5823518, 26.0290496], [92.5859187, 26.0283782], [92.5862037, 26.0283413], [92.5868446, 26.0282581], [92.587932, 26.028117], [92.5904048, 26.0277613], [92.5905164, 26.0277063], [92.5907346, 26.0275988], [92.5908732, 26.0273884], [92.5911225, 26.0270097], [92.5913325, 26.0266908], [92.5913793, 26.0266197], [92.5913849, 26.0266098], [92.5918242, 26.0258344], [92.5918673, 26.0257424], [92.5922891, 26.0248416], [92.5925731, 26.0241404], [92.592722, 26.0237729], [92.592779, 26.0236322], [92.5932037, 26.0230953], [92.5936033, 26.0231902], [92.5941326, 26.0236912], [92.5943174, 26.0236868], [92.5944324, 26.02361], [92.5944207, 26.0235319], [92.5943277, 26.0229105], [92.5937886, 26.0214752], [92.5934412, 26.02143], [92.5928845, 26.0213576], [92.5908516, 26.0210953], [92.5885541, 26.0206162], [92.5854325, 26.0197037], [92.5844386, 26.0193243], [92.5823412, 26.0183262], [92.5794895, 26.0170887], [92.5737112, 26.0151684], [92.5709945, 26.0144317], [92.5686724, 26.0132483], [92.5669552, 26.0116635], [92.5662263, 26.0107243], [92.5659422, 26.0097268], [92.565974, 26.0094085], [92.5661632, 26.007511], [92.5665434, 26.0062023], [92.5666752, 26.0058711], [92.5673136, 26.0042664], [92.5673843, 26.0028267], [92.5671401, 26.001906], [92.5668307, 26.0014501], [92.565183, 26.0007272], [92.5647437, 26.000411], [92.5640766, 25.999918], [92.5630972, 25.9989014], [92.562554, 25.998163], [92.5623873, 25.9979183], [92.5618392, 25.9971138], [92.5601133, 25.9948452], [92.5589679, 25.9933908], [92.5583184, 25.9923865], [92.5573665, 25.9908324], [92.5565706, 25.9895034], [92.5561776, 25.988713], [92.5554568, 25.9875391], [92.5542033, 25.9856023], [92.5529248, 25.9836521], [92.5525521, 25.9830848], [92.5522856, 25.9826793], [92.5520142, 25.9823326], [92.5517264, 25.9817061], [92.5514863, 25.9806278], [92.5511556, 25.9793828], [92.5509689, 25.9789907], [92.5496585, 25.9776638], [92.5492304, 25.9769429], [92.5479766, 25.9748842], [92.5475221, 25.9741915], [92.5471462, 25.9736186], [92.5463527, 25.9724067], [92.5460491, 25.9719431], [92.5458575, 25.9715645], [92.545857, 25.9714607], [92.5460108, 25.9712388], [92.5460136, 25.971236], [92.5462098, 25.9710387], [92.5463489, 25.9708988], [92.5464663, 25.970803], [92.5464996, 25.9707758], [92.5468418, 25.9704967], [92.5472943, 25.9701275], [92.5476625, 25.9698153], [92.5480755, 25.9694651], [92.5496227, 25.968145], [92.5497501, 25.9680153], [92.5498113, 25.967953], [92.5498129, 25.9679513], [92.5500055, 25.9677552], [92.5504872, 25.966923], [92.5505038, 25.9668943], [92.5505059, 25.9668907], [92.5507736, 25.9664742], [92.5513211, 25.9660476], [92.5519591, 25.9657606], [92.5528665, 25.9653958], [92.553478, 25.9653225], [92.5536853, 25.9652977], [92.5548237, 25.9652029], [92.5573454, 25.9649942], [92.5586697, 25.9651063], [92.5588631, 25.9651048], [92.5598785, 25.965097], [92.5603977, 25.9650362], [92.5610606, 25.9647174], [92.5611941, 25.9646141], [92.5624092, 25.9636734], [92.5625251, 25.9635932], [92.5638081, 25.962706], [92.5650031, 25.961938], [92.5657063, 25.9617004], [92.5660857, 25.9616582], [92.566706, 25.9618363], [92.5672113, 25.9620013], [92.5683529, 25.962534], [92.5713785, 25.9642376], [92.573133, 25.9654587], [92.5743149, 25.9660589], [92.5750104, 25.9662864], [92.575885, 25.9663686], [92.5760696, 25.9663811], [92.5772043, 25.966458], [92.5799995, 25.9660264], [92.5808675, 25.9657925], [92.5842929, 25.9645365], [92.5851352, 25.9641446], [92.5862722, 25.9637786], [92.5872509, 25.9636977], [92.5880255, 25.9637713], [92.5885511, 25.9639813], [92.5889224, 25.9642913], [92.5892289, 25.9646467], [92.5894274, 25.9653594], [92.5898241, 25.9667259], [92.5901173, 25.967402], [92.5906671, 25.9684247], [92.5912922, 25.9695239], [92.5917772, 25.9705604], [92.5921113, 25.971417], [92.5921773, 25.9716064], [92.5922337, 25.9717638], [92.5926689, 25.972977], [92.5929208, 25.9733688], [92.593711, 25.9744989], [92.5944515, 25.9756788], [92.5945074, 25.9757902], [92.5949109, 25.9765935], [92.5954758, 25.9776342], [92.5959025, 25.9780162], [92.5962681, 25.9782043], [92.5963107, 25.9782057], [92.596513, 25.9782123], [92.5968226, 25.9781884], [92.5969563, 25.9780807], [92.5971576, 25.9779184], [92.5972249, 25.9778543], [92.5976473, 25.9772953], [92.598124, 25.9767379], [92.5989805, 25.9762194], [92.5997188, 25.9760131], [92.6007472, 25.9758642], [92.6015666, 25.9758922], [92.6020521, 25.9760572], [92.6027437, 25.9764697], [92.6033104, 25.9768782], [92.6056307, 25.9782409], [92.6061516, 25.9784779], [92.6070114, 25.9785914], [92.6070465, 25.978596], [92.6078306, 25.9785565], [92.6085844, 25.9784403], [92.6095214, 25.9780208], [92.6105133, 25.977592], [92.6106036, 25.9775892], [92.6111976, 25.9775709], [92.6117283, 25.9777763], [92.6122297, 25.9781128], [92.6126924, 25.9786888], [92.6133067, 25.9795892], [92.6137315, 25.9805446], [92.6139718, 25.9812381], [92.6142238, 25.9819649], [92.614937, 25.9836009], [92.6153339, 25.9840056], [92.6158043, 25.984148], [92.6162991, 25.9841775], [92.6173531, 25.9841367], [92.6185512, 25.9839553], [92.6200202, 25.9839759], [92.6206557, 25.9841717], [92.6220686, 25.984888], [92.6238382, 25.9859864], [92.6251167, 25.9867845], [92.6260687, 25.9872769], [92.6268394, 25.9874626], [92.6282399, 25.9878], [92.6295902, 25.9880333], [92.631057, 25.9885505], [92.6322596, 25.9891682], [92.6329571, 25.9897115], [92.6335242, 25.9901695], [92.6339116, 25.9906464], [92.633983, 25.9908989], [92.6339954, 25.9909913], [92.6340455, 25.9913638], [92.6340698, 25.9921449], [92.6340631, 25.9922311], [92.6339952, 25.993107], [92.6340245, 25.9938745], [92.6342966, 25.9942978], [92.6346582, 25.9946303], [92.634968, 25.9948033], [92.6350107, 25.9948272], [92.6350993, 25.9948767], [92.635215, 25.9949338], [92.6357156, 25.9951809], [92.6365271, 25.9955475], [92.6369284, 25.9958347], [92.6370152, 25.9961504], [92.6370165, 25.9963852], [92.6369328, 25.9966204], [92.6367245, 25.9968877], [92.6363752, 25.9973267], [92.6362233, 25.9975177], [92.6360703, 25.9978661], [92.6361416, 25.9981051], [92.6362878, 25.9983302], [92.6365584, 25.9984645], [92.6368382, 25.9984767], [92.6370325, 25.9983584], [92.6378744, 25.9978496], [92.6380036, 25.9977715], [92.638732, 25.9975785], [92.6392372, 25.997671], [92.640129, 25.9980914], [92.6412968, 25.9987183], [92.6413289, 25.9987349], [92.6427401, 25.9994658], [92.6437812, 25.9997771], [92.6442881, 25.9997949], [92.6449157, 25.999817], [92.6462138, 25.9996259], [92.6468461, 25.9993864], [92.6472548, 25.9992316], [92.6483281, 25.9991355], [92.6497996, 25.9992751], [92.650763, 25.9992895], [92.6514137, 25.9992992], [92.6535226, 25.999339], [92.6544984, 25.9995873], [92.6547589, 25.9996945], [92.6555235, 26.0002472], [92.6556934, 26.0004458], [92.655954, 26.0007655], [92.6561032, 26.0010223], [92.6564704, 26.0022121], [92.6566311, 26.0030574], [92.6566931, 26.0033836], [92.6567954, 26.0040677], [92.6570049, 26.0054683], [92.6573062, 26.0068528], [92.657396, 26.0077081], [92.6574242, 26.0079769], [92.6572643, 26.0092683], [92.6568326, 26.0102743], [92.6558645, 26.0116353], [92.6552428, 26.0124029], [92.655091, 26.0125903], [92.6548962, 26.0128307], [92.6547021, 26.0131929], [92.6546651, 26.0132619], [92.6546783, 26.0140548], [92.6547325, 26.0143362], [92.6547831, 26.0145991], [92.6556603, 26.0157232], [92.6562233, 26.0166106], [92.6562757, 26.0169538], [92.6562497, 26.0176401], [92.6559722, 26.0180025], [92.6555796, 26.0183812], [92.6551266, 26.0185834], [92.6545719, 26.0188311], [92.6544411, 26.0189376], [92.6544266, 26.0189899], [92.6543757, 26.0191743], [92.6544674, 26.0196713], [92.6549257, 26.0204759], [92.6552398, 26.0207717], [92.655855, 26.0208781], [92.6565419, 26.0206871], [92.6571501, 26.0207939], [92.6587509, 26.0211359], [92.6600731, 26.021664], [92.6604277, 26.0217861], [92.6607924, 26.02175], [92.6612809, 26.0218002], [92.6615367, 26.0218265], [92.6621761, 26.0220114], [92.6631554, 26.0228506], [92.66364, 26.0231845], [92.6641611, 26.0233088], [92.6646041, 26.0234144], [92.6651637, 26.0235993], [92.6655683, 26.0238294], [92.6656052, 26.0239127], [92.6656683, 26.0240551], [92.6655185, 26.0241769], [92.665029, 26.0244072], [92.6649873, 26.0244808], [92.6649242, 26.0245923], [92.6649943, 26.0250933], [92.665319, 26.0257279], [92.6656892, 26.0271556], [92.6658304, 26.0274647], [92.6659242, 26.02767], [92.6664247, 26.0281383], [92.6664788, 26.0281889], [92.6669385, 26.0284506], [92.667478, 26.0284956], [92.6679825, 26.0284187], [92.6683848, 26.0283084], [92.6685458, 26.0282642], [92.6685919, 26.0282516], [92.6690465, 26.0282198], [92.669621, 26.0284769], [92.6701457, 26.0288739], [92.6704654, 26.028937], [92.6707002, 26.0288151], [92.6710047, 26.0282193], [92.6714092, 26.0273792], [92.6715821, 26.026932], [92.671549, 26.0265371], [92.6715424, 26.0262714], [92.6716509, 26.0259509], [92.6717381, 26.025703], [92.672043, 26.0253075], [92.6725209, 26.0250019], [92.6727187, 26.0249348], [92.6728753, 26.0249347], [92.6731504, 26.0250544], [92.6738217, 26.0251015], [92.6743811, 26.0249208], [92.6746158, 26.0249207], [92.6748007, 26.0250109], [92.67575, 26.0256063], [92.6759848, 26.0254979], [92.6760847, 26.025516], [92.6761346, 26.0255295], [92.6761696, 26.0256513], [92.6762047, 26.0259898], [92.67617, 26.026554], [92.676205, 26.0267525], [92.6763899, 26.0268427], [92.6764228, 26.0268313], [92.6765968, 26.0267705], [92.6766097, 26.0267659], [92.6767295, 26.0266305], [92.6767387, 26.0265855], [92.6767416, 26.0265714], [92.6768292, 26.0261431], [92.6768698, 26.0260696], [92.6769141, 26.0259896], [92.6769287, 26.0259814], [92.6770839, 26.0258948], [92.6772837, 26.0259579], [92.6774386, 26.0260932], [92.6778086, 26.0268739], [92.6780435, 26.027131], [92.6781934, 26.0271445], [92.6782852, 26.0269923], [92.6783132, 26.0269459], [92.6783128, 26.0261832], [92.6782275, 26.0252354], [92.6784121, 26.0246081], [92.6786317, 26.0242559], [92.6788865, 26.0242423], [92.6791413, 26.0244544], [92.6794613, 26.0250816], [92.6795909, 26.0252925], [92.6800711, 26.0260743], [92.6803583, 26.0263272], [92.6806958, 26.0266247], [92.6813553, 26.0269313], [92.6820646, 26.0268995], [92.6825042, 26.0268993], [92.682754, 26.0268992], [92.6828702, 26.0269429], [92.6829938, 26.0269894], [92.6831288, 26.0272962], [92.6832139, 26.0276618], [92.6833638, 26.027752], [92.6836685, 26.0277067], [92.6838455, 26.0275862], [92.6844775, 26.0271558], [92.6854412, 26.0262709], [92.6857758, 26.0261399], [92.6861505, 26.0261081], [92.6868749, 26.0263515], [92.6871446, 26.0263198], [92.6873344, 26.0261392], [92.6873475, 26.026064], [92.6873642, 26.0259677], [92.6873341, 26.0256924], [92.6868743, 26.0251285], [92.6865893, 26.0246728], [92.6866342, 26.0244787], [92.6867043, 26.0244304], [92.6870736, 26.0241761], [92.6877179, 26.0239908], [92.6884288, 26.0240875], [92.6885122, 26.0240988], [92.6886829, 26.0240821], [92.688697, 26.0240807], [92.6887778, 26.0239536], [92.6888118, 26.0239001], [92.6889663, 26.0231328], [92.6894852, 26.0220404], [92.6895657, 26.0219223], [92.6897897, 26.0215935], [92.6900793, 26.0212865], [92.6905488, 26.0211509], [92.6909034, 26.0211823], [92.6911433, 26.0213627], [92.6914134, 26.0221885], [92.691455, 26.0222965], [92.6915835, 26.0226307], [92.6916269, 26.0226548], [92.6918034, 26.0227525], [92.6922429, 26.0227523], [92.6925904, 26.0225762], [92.6926974, 26.0225219], [92.6927441, 26.0224576], [92.692917, 26.0222195], [92.6930666, 26.0218222], [92.6931941, 26.0212037], [92.6932211, 26.021073], [92.6933559, 26.0208879], [92.6935905, 26.0207343], [92.6939951, 26.0207342], [92.6942, 26.0209056], [92.6944201, 26.0213793], [92.6943857, 26.0223723], [92.6944857, 26.0226881], [92.6946556, 26.0228099], [92.6949254, 26.0228098], [92.6952649, 26.022584], [92.6959039, 26.0219383], [92.6966128, 26.0211166], [92.6975066, 26.0205701], [92.6984553, 26.0200326], [92.6988749, 26.0199421], [92.6992295, 26.0199735], [92.6993995, 26.0201269], [92.6994197, 26.0205556], [92.699435, 26.0210114], [92.6996199, 26.0211648], [92.6998746, 26.0211511], [92.7004138, 26.0206273], [92.7007133, 26.0203891], [92.7008681, 26.0202661], [92.7013076, 26.0201711], [92.7015973, 26.0202161], [92.7019672, 26.0205228], [92.7025531, 26.021136], [92.7027149, 26.0213054], [92.7028119, 26.0214069], [92.7033366, 26.0218038], [92.7037762, 26.0218668], [92.7041108, 26.0217899], [92.7043655, 26.0215596], [92.7052741, 26.0208415], [92.7059632, 26.0204305], [92.7059628, 26.019943], [92.7060325, 26.0195594], [92.706109, 26.0195017], [92.7061523, 26.019469], [92.7062104, 26.019469], [92.7064021, 26.0194689], [92.7069468, 26.0198342], [92.7075865, 26.0202897], [92.7078213, 26.0203392], [92.708061, 26.0202759], [92.7083155, 26.0199869], [92.7083368, 26.0199395], [92.7083582, 26.0198918], [92.7087694, 26.0189757], [92.7096226, 26.0175942], [92.7099123, 26.0174993], [92.7103518, 26.0175306], [92.7108414, 26.0175935], [92.7109311, 26.0176745], [92.7110263, 26.0177604], [92.7110265, 26.0180041], [92.7109455, 26.0181473], [92.7107508, 26.0184913], [92.7107072, 26.0185684], [92.710594, 26.0187927], [92.7105226, 26.0189341], [92.7105527, 26.0191507], [92.7107727, 26.0193311], [92.7109625, 26.019331], [92.7113819, 26.0191818], [92.7118875, 26.018687], [92.7119909, 26.0185858], [92.71253, 26.01808], [92.7129196, 26.018003], [92.7131132, 26.0180321], [92.7133092, 26.0180615], [92.7134742, 26.0182329], [92.7134944, 26.0185984], [92.7133348, 26.0189009], [92.7127194, 26.0194077], [92.7126109, 26.0194971], [92.7124413, 26.0198176], [92.7124415, 26.0201064], [92.7124576, 26.0217086], [92.7125627, 26.0219387], [92.7130024, 26.0220919], [92.7137417, 26.0220915], [92.714371, 26.0220009], [92.7146208, 26.0220143], [92.7148756, 26.0221495], [92.7148872, 26.0223909], [92.7148908, 26.0224654], [92.7148555, 26.0227708], [92.7148412, 26.0228942], [92.7146715, 26.0230613], [92.7142319, 26.0230931], [92.7138123, 26.023125], [92.7135227, 26.0231974], [92.7133031, 26.0234908], [92.7127643, 26.024484], [92.7126647, 26.0249264], [92.712765, 26.0254454], [92.7127468, 26.0256306], [92.7127352, 26.0257478], [92.7125505, 26.0259284], [92.7123157, 26.0259014], [92.7118909, 26.0255948], [92.7115862, 26.0255498], [92.7115106, 26.0255868], [92.711458, 26.0256125], [92.7114014, 26.0256402], [92.7113516, 26.0258072], [92.7113517, 26.0259787], [92.7117566, 26.0264027], [92.7127857, 26.0265556], [92.7133953, 26.0267087], [92.7138001, 26.0269702], [92.7140051, 26.0273176], [92.7140197, 26.0274249], [92.7141257, 26.0282066], [92.7141908, 26.0284819], [92.7143458, 26.0287075], [92.7150369, 26.0294416], [92.7158652, 26.0297085], [92.7161998, 26.0296812], [92.7164897, 26.0297713], [92.7165348, 26.0298967], [92.7165547, 26.0299518], [92.7165219, 26.0300087], [92.71644, 26.0301504], [92.7160007, 26.0305659], [92.7157224, 26.0308155], [92.7154549, 26.0310555], [92.7154066, 26.0310988], [92.7151522, 26.0315909], [92.7150877, 26.0322769], [92.7150881, 26.0328005], [92.7152992, 26.0333584], [92.7153083, 26.0333825], [92.7157982, 26.0338245], [92.7158264, 26.0339169], [92.7158684, 26.0340547], [92.7158686, 26.0344067], [92.7157191, 26.0349393], [92.7157493, 26.0352011], [92.7159393, 26.0354311], [92.7163741, 26.0356746], [92.716714, 26.035873], [92.7168141, 26.0361933], [92.7168038, 26.0362137], [92.7167293, 26.0363604], [92.7164097, 26.0364689], [92.7158201, 26.0364377], [92.714889, 26.0362157], [92.714536, 26.0361315], [92.7138565, 26.0360732], [92.7136729, 26.0360734], [92.7134519, 26.0360735], [92.7133488, 26.0361081], [92.713317, 26.0361187], [92.7131673, 26.0363625], [92.7130718, 26.0365626], [92.712949, 26.0368198], [92.7129252, 26.0368695], [92.7129129, 26.0368952], [92.7127519, 26.0371449], [92.7125542, 26.0374516], [92.7124588, 26.0375995], [92.7122541, 26.0377666], [92.7120343, 26.0377667], [92.7118493, 26.0376179], [92.711596, 26.0372739], [92.7113743, 26.0369728], [92.7110194, 26.0367473], [92.7107147, 26.0366843], [92.71038, 26.0368064], [92.7101219, 26.0369778], [92.7100604, 26.0370187], [92.7098758, 26.0373257], [92.7098959, 26.0375062], [92.7101659, 26.0377994], [92.7107055, 26.0378758], [92.7110752, 26.0379343], [92.7112452, 26.038056], [92.7112953, 26.0383448], [92.7112457, 26.0387917], [92.7106506, 26.0393522], [92.7105217, 26.0394736], [92.710487, 26.039776], [92.7106369, 26.0399158], [92.7109916, 26.0398073], [92.7114312, 26.0397619], [92.7117709, 26.0398068], [92.7119409, 26.0400053], [92.712006, 26.0402039], [92.7119667, 26.0403966], [92.7119562, 26.0404476], [92.7119526, 26.0404545], [92.7118415, 26.0406643], [92.711417, 26.0409534], [92.7110124, 26.0410619], [92.7105728, 26.0411209], [92.7105088, 26.0411584], [92.7103881, 26.0412293], [92.7103033, 26.0414911], [92.7102538, 26.0421004], [92.7101356, 26.0426492], [92.7101342, 26.0426556], [92.7098831, 26.0431269], [92.7098775, 26.0431374], [92.7098731, 26.0431456], [92.7098648, 26.0431612], [92.7096648, 26.0434791], [92.7094368, 26.0438415], [92.7093188, 26.0440292], [92.7090014, 26.0445337], [92.7088954, 26.044811], [92.7088667, 26.0448858], [92.708867, 26.0452378], [92.7090723, 26.0458966], [92.7099825, 26.0472185], [92.7107476, 26.0482109], [92.7116076, 26.0491537], [92.7121476, 26.0497491], [92.7124878, 26.0503763], [92.7127082, 26.0511705], [92.7128585, 26.0518112], [92.7131487, 26.052285], [92.7139889, 26.0535301], [92.7143439, 26.0538187], [92.7149336, 26.0539718], [92.7155783, 26.0541836], [92.7159831, 26.0543232], [92.7160765, 26.0544307], [92.7162732, 26.054657], [92.7163885, 26.055176], [92.716679, 26.0561552], [92.7170492, 26.0568364], [92.7173046, 26.0575087], [92.7173985, 26.0580413], [92.7173551, 26.0582984], [92.720119, 26.0587118], [92.7207892, 26.0587868], [92.722004, 26.0589228], [92.7268289, 26.0595109], [92.728699, 26.0597488], [92.7315668, 26.0601449], [92.7326337, 26.0602922], [92.732699, 26.0603012], [92.7351091, 26.0605658], [92.739391, 26.0610863], [92.7412342, 26.0613104], [92.7430541, 26.0614849], [92.7458592, 26.0617501], [92.7467942, 26.0618385], [92.7478939, 26.0616253], [92.7479583, 26.061124], [92.747358, 26.0607949], [92.7468776, 26.0603347], [92.7467322, 26.0599194], [92.7469315, 26.0593458], [92.7476257, 26.0586903], [92.7484501, 26.0582562], [92.7504816, 26.0577167], [92.7513362, 26.0574918], [92.7522208, 26.0572715], [92.7531405, 26.0569338], [92.7533606, 26.0567716], [92.7537038, 26.0563547], [92.7537208, 26.0563341], [92.7537727, 26.0562652], [92.7540443, 26.0559048], [92.7540811, 26.055856], [92.754082, 26.0558544], [92.7542156, 26.0556136], [92.7544415, 26.0552064], [92.7544714, 26.055134], [92.7546519, 26.0546966], [92.7548324, 26.0541733], [92.7549026, 26.053898], [92.7550034, 26.0530812], [92.7549592, 26.05235], [92.7548849, 26.0516911], [92.7547059, 26.0509237], [92.7545464, 26.0505399], [92.7542373, 26.0499033], [92.753898, 26.0494516], [92.7538175, 26.0493709], [92.7533441, 26.0488961], [92.7510481, 26.0467729], [92.7500006, 26.0460809], [92.749131, 26.0453634], [92.7483102, 26.0443753], [92.748036, 26.0439264], [92.7476292, 26.0432605], [92.7466731, 26.041997], [92.7458721, 26.0409501], [92.7456112, 26.0400562], [92.7455904, 26.0393247], [92.7458946, 26.0385161], [92.7466587, 26.0379555], [92.7466901, 26.0379597], [92.7471986, 26.0380274], [92.7480639, 26.0385007], [92.7485841, 26.0387621], [92.749164, 26.0388339], [92.7517561, 26.038907], [92.7524555, 26.0388625], [92.75328, 26.0387504], [92.7538002, 26.0385992], [92.7542245, 26.0384759], [92.7549841, 26.0381923], [92.7556189, 26.0378633], [92.7561989, 26.0374712], [92.756659, 26.0369525], [92.7571443, 26.0363482], [92.7590351, 26.0339332], [92.7594604, 26.0333625], [92.7600603, 26.0327763], [92.7606403, 26.0322983], [92.7613902, 26.0317934], [92.7624098, 26.0313114], [92.7630809, 26.030914], [92.7632395, 26.0308201], [92.7638956, 26.0303885], [92.7642743, 26.0301395], [92.7645993, 26.0298238], [92.7648994, 26.0294043], [92.7649697, 26.0293003], [92.7650244, 26.0292194], [92.7650297, 26.0292073], [92.7650424, 26.0291781], [92.7651897, 26.0288404], [92.7652249, 26.0287032], [92.765295, 26.0284298], [92.7653255, 26.0278657], [92.7652359, 26.0275136], [92.7650164, 26.02722], [92.7645723, 26.0267593], [92.7636939, 26.0259282], [92.763085, 26.0254809], [92.7622812, 26.0249703], [92.7619921, 26.0247751], [92.7598851, 26.0233526], [92.7582582, 26.0218212], [92.757974, 26.0213246], [92.7575855, 26.0202772], [92.7574661, 26.0198799], [92.7575326, 26.0183094], [92.7576281, 26.0176938], [92.7576986, 26.0172399], [92.7577211, 26.017148], [92.7578691, 26.016545], [92.7582247, 26.0155976], [92.75844, 26.0150923], [92.758574, 26.0148434], [92.7586455, 26.0147106], [92.7586902, 26.0146276], [92.7587181, 26.01459], [92.7589654, 26.0142578], [92.7594602, 26.0138746], [92.75995, 26.0136403], [92.7601797, 26.0135727], [92.7604745, 26.013555], [92.7609639, 26.0136276], [92.7618076, 26.0139757], [92.7631804, 26.0148344], [92.764498, 26.015878], [92.7654413, 26.0166641], [92.7661004, 26.0169083], [92.7668643, 26.0171616], [92.7686521, 26.017664], [92.769531, 26.0177548], [92.7706299, 26.0177557], [92.7718437, 26.017725], [92.7725831, 26.0176444], [92.7734774, 26.0174058], [92.7738551, 26.0173015], [92.7744067, 26.0171492], [92.7756357, 26.0167936], [92.7765352, 26.0163655], [92.7776697, 26.0156396], [92.7796139, 26.0142825], [92.7801836, 26.0137955], [92.7807536, 26.013164], [92.7811135, 26.0127461], [92.7816935, 26.0120725], [92.7817612, 26.0119626], [92.7818154, 26.0118745], [92.7820829, 26.0114403], [92.7820972, 26.0114132], [92.782439, 26.0105069], [92.7825542, 26.010182], [92.7826243, 26.0099339], [92.7826503, 26.0086477], [92.7826454, 26.0084949], [92.7826308, 26.0080383], [92.7824517, 26.0073071], [92.782322, 26.0070768], [92.782153, 26.0068627], [92.7819977, 26.0066659], [92.7814286, 26.0062593], [92.7803952, 26.0057035], [92.779867, 26.0055015], [92.7797212, 26.0054458], [92.779102, 26.0053055], [92.7783779, 26.0052462], [92.7774838, 26.0052952], [92.7753408, 26.0057089], [92.7739679, 26.0060558], [92.7737373, 26.006114], [92.7705452, 26.0066758], [92.769811, 26.0067474], [92.7688439, 26.0068105], [92.7686472, 26.0068233], [92.765945, 26.0070198], [92.7640421, 26.0070724], [92.7638471, 26.0070609], [92.7626437, 26.00699], [92.7620095, 26.0068812], [92.7606017, 26.0062392], [92.7597093, 26.005683], [92.7595286, 26.0055704], [92.7585505, 26.0046805], [92.7579173, 26.003927], [92.7577724, 26.0037546], [92.7573036, 26.0030862], [92.7570893, 26.0027069], [92.7569349, 26.0022555], [92.7568405, 26.0018131], [92.7568658, 26.0014024], [92.7569761, 26.0011293], [92.7570461, 26.0009558], [92.75801, 26.0000069], [92.7583648, 25.9996609], [92.7586948, 25.999476], [92.7592247, 25.9992281], [92.759744, 25.9991281], [92.7599244, 25.9990933], [92.762378, 25.9988243], [92.7650716, 25.9985917], [92.7671304, 25.9984172], [92.7674102, 25.9984174], [92.7681695, 25.9986708], [92.7688224, 25.9989027], [92.7704123, 25.9994672], [92.7728508, 26.0003146], [92.7742106, 26.0005009], [92.7753227, 26.0003667], [92.7767841, 25.9998474], [92.7776274, 25.9993921], [92.7782577, 25.9985874], [92.7784392, 25.9983557], [92.7785548, 25.998071], [92.7788955, 25.9972317], [92.77893, 25.9970407], [92.7790475, 25.9963905], [92.7791285, 25.9959424], [92.7790964, 25.9955163], [92.7790649, 25.9950969], [92.7786916, 25.9942132], [92.7782147, 25.9939355], [92.7776202, 25.9937809], [92.7758593, 25.9940564], [92.773806, 25.9945328], [92.7724374, 25.9948946], [92.7711628, 25.9951551], [92.7700646, 25.9952177], [92.7675626, 25.9956477], [92.7658639, 25.9956418], [92.7649543, 25.9954532], [92.7639854, 25.9950751], [92.761912, 25.9939446], [92.7604804, 25.9928869], [92.7590936, 25.9910796], [92.7588412, 25.9899517], [92.7588662, 25.9891245], [92.7591005, 25.9885488], [92.7591917, 25.9883249], [92.7601035, 25.9874712], [92.7601568, 25.9874213], [92.7605184, 25.9873479], [92.7609409, 25.9872622], [92.7616277, 25.9874577], [92.762293, 25.9880962], [92.7634538, 25.9896177], [92.7638578, 25.9902739], [92.7641159, 25.9906929], [92.7646193, 25.9911733], [92.7652159, 25.9917427], [92.766132, 25.9920344], [92.7671905, 25.9919], [92.7681933, 25.9917617], [92.7688273, 25.9913818], [92.7696071, 25.9908276], [92.7696808, 25.9907577], [92.7702882, 25.9901817], [92.7704814, 25.9897821], [92.7705496, 25.9890067], [92.7702755, 25.9882997], [92.7688987, 25.9874437], [92.7654626, 25.9861562], [92.7648673, 25.9859236], [92.7631829, 25.9852655], [92.7625185, 25.9847599], [92.76232, 25.98445], [92.7621227, 25.984142], [92.7620515, 25.9837461], [92.7619955, 25.9834342], [92.7621835, 25.9822596], [92.7624508, 25.9818848], [92.7630603, 25.981505], [92.7632496, 25.981428], [92.7645357, 25.9809047], [92.7645495, 25.9808991], [92.7652607, 25.9805845], [92.7652988, 25.9805677], [92.7657935, 25.9803489], [92.7665096, 25.9800321], [92.7665266, 25.9800247], [92.7665774, 25.9799834], [92.7671805, 25.9794938], [92.7672154, 25.9794652], [92.7673711, 25.9793377], [92.7676431, 25.9791149], [92.7679011, 25.9788313], [92.7681772, 25.9785279], [92.7683721, 25.9783137], [92.7685254, 25.9780838], [92.7689053, 25.9775137], [92.769383, 25.9765671], [92.7695506, 25.9760127], [92.769559, 25.975845], [92.7695754, 25.9755163], [92.7695938, 25.9751489], [92.7695795, 25.9750778], [92.7694165, 25.9742642], [92.7687981, 25.9733154], [92.768798, 25.9733152], [92.7683517, 25.9726831], [92.7675405, 25.9721783], [92.7662389, 25.9715433], [92.764764, 25.9706214], [92.7635581, 25.9696538], [92.7630207, 25.9689208], [92.7626688, 25.9684408], [92.7618273, 25.9670504], [92.7615292, 25.9661072], [92.7614748, 25.9652957], [92.7616121, 25.9638557], [92.7619242, 25.9622375], [92.7619669, 25.9620159], [92.7621037, 25.9617769], [92.7627169, 25.9607054], [92.764457, 25.9584765], [92.7644608, 25.9584716], [92.76604, 25.9567359], [92.7677422, 25.955088], [92.7695399, 25.9535337], [92.7711929, 25.951864], [92.7712441, 25.9518095], [92.7716137, 25.9514156], [92.7728185, 25.9501321], [92.7729455, 25.9499848], [92.773391, 25.9494677], [92.7734681, 25.9493783], [92.773547, 25.9492867], [92.7740578, 25.9488189], [92.7746425, 25.9484392], [92.775473, 25.948191], [92.7765494, 25.9481408], [92.7774814, 25.9484234], [92.7784403, 25.9490823], [92.7803145, 25.9511532], [92.7807591, 25.9517486], [92.781181, 25.9526098], [92.7813824, 25.9530024], [92.7817019, 25.9536254], [92.781732, 25.9536754], [92.7822684, 25.9545677], [92.7832552, 25.9557136], [92.7847073, 25.956879], [92.7849666, 25.9570153], [92.7860829, 25.9576019], [92.787899, 25.9586078], [92.7899164, 25.9601021], [92.7908285, 25.9611085], [92.7911633, 25.9617223], [92.79125, 25.9618811], [92.7920652, 25.9629615], [92.7932695, 25.9641657], [92.794742, 25.964733], [92.7957705, 25.9647936], [92.7968406, 25.9645878], [92.7980375, 25.9642267], [92.7994166, 25.963406], [92.8005765, 25.9624924], [92.8030669, 25.9607034], [92.804313, 25.9598505], [92.8043357, 25.959835], [92.8046202, 25.9595668], [92.8055497, 25.9586908], [92.8060376, 25.9582309], [92.8061447, 25.9580796], [92.8065273, 25.9575386], [92.8067593, 25.9572105], [92.8068406, 25.9570562], [92.8071457, 25.9564776], [92.8073251, 25.9554638], [92.8073738, 25.9551886], [92.807381, 25.9551477], [92.8073761, 25.9550137], [92.8073721, 25.9549051], [92.807352, 25.9543578], [92.8070301, 25.9538282], [92.8067092, 25.9534537], [92.8063657, 25.9533228], [92.8059005, 25.9533033], [92.8055093, 25.9533499], [92.8041215, 25.9543764], [92.8026661, 25.9555619], [92.8014932, 25.9565172], [92.8010328, 25.9568383], [92.8003729, 25.9572986], [92.8000798, 25.9574507], [92.7992511, 25.9578808], [92.7981274, 25.9581972], [92.7977665, 25.9582471], [92.7971249, 25.9583358], [92.7966191, 25.9583147], [92.7959084, 25.9581859], [92.795098, 25.957792], [92.7941379, 25.9570003], [92.7936618, 25.9562769], [92.7934701, 25.9559856], [92.7931711, 25.9552344], [92.7930397, 25.9539288], [92.793042, 25.9539095], [92.7931323, 25.9531754], [92.7937345, 25.951777], [92.7949595, 25.9491661], [92.795101, 25.9488902], [92.7955632, 25.9479891], [92.7956035, 25.9477783], [92.7957285, 25.9471246], [92.7956982, 25.9464532], [92.7957017, 25.9449675], [92.7957115, 25.9446925], [92.7956601, 25.944574], [92.795214, 25.9435439], [92.7946705, 25.9428163], [92.7933171, 25.9417391], [92.7926285, 25.9412841], [92.7915278, 25.9405568], [92.7907648, 25.939919], [92.7905153, 25.9397097], [92.7902725, 25.9395059], [92.7899764, 25.9391533], [92.7898259, 25.9386227], [92.7899185, 25.9378694], [92.790154, 25.9369619], [92.7910252, 25.935562], [92.7919242, 25.9346269], [92.7930207, 25.9339564], [92.7949621, 25.9326874], [92.7953144, 25.9323702], [92.796277, 25.9315037], [92.7964455, 25.9313521], [92.7976469, 25.9298182], [92.7976824, 25.9297729], [92.7978561, 25.9291268], [92.7978732, 25.9290633], [92.7980839, 25.927847], [92.7980367, 25.926652], [92.7980244, 25.9263416], [92.7981107, 25.9246805], [92.7984167, 25.9226724], [92.7987032, 25.9216522], [92.799136, 25.9205647], [92.8004912, 25.9186377], [92.8013184, 25.9179687], [92.8019769, 25.9176771], [92.8028568, 25.9175392], [92.8043514, 25.9178405], [92.806392, 25.9192459], [92.8073774, 25.9201923], [92.8084623, 25.9213595], [92.809374, 25.9222621], [92.8106031, 25.9230742], [92.8116103, 25.9235948], [92.8122977, 25.92395], [92.8140143, 25.9244936], [92.8150843, 25.9245273], [92.8169915, 25.924339], [92.8195324, 25.9238148], [92.8217298, 25.9231598], [92.821966, 25.9229869], [92.8230174, 25.9222173], [92.8241326, 25.9214011], [92.8248801, 25.9206972], [92.8257597, 25.9198689], [92.825931, 25.9197076], [92.8261145, 25.9194831], [92.8266464, 25.9188325], [92.8270792, 25.918303], [92.8275316, 25.9177496], [92.828861, 25.9161128], [92.8299781, 25.9149547], [92.8308298, 25.9143297], [92.8321231, 25.913857], [92.833589, 25.9135825], [92.8343973, 25.9137105], [92.8349321, 25.9140393], [92.8358683, 25.9149194], [92.8371514, 25.9163952], [92.838801, 25.9178024], [92.8389617, 25.9178833], [92.8391656, 25.9179857], [92.8397587, 25.9182838], [92.8406657, 25.9185219], [92.8425487, 25.9189044], [92.8437532, 25.9196721], [92.8444682, 25.9200671], [92.8451318, 25.9204337], [92.8454975, 25.9206358], [92.8470672, 25.9222592], [92.8482424, 25.9233249], [92.8493088, 25.9244751], [92.8504401, 25.9252432], [92.851593, 25.9256347], [92.8518593, 25.9256755], [92.8524259, 25.9257625], [92.853281, 25.9255801], [92.8533474, 25.9255524], [92.8540371, 25.9252655], [92.854889, 25.9246624], [92.855544, 25.9239056], [92.8559538, 25.9230838], [92.8561443, 25.9223867], [92.8562872, 25.9218639], [92.856276, 25.9207624], [92.8562197, 25.9197885], [92.8556001, 25.9187295], [92.855183, 25.9183841], [92.8546153, 25.9179765], [92.8540515, 25.9175717], [92.8528968, 25.9164733], [92.8516653, 25.9153737], [92.8504065, 25.9138978], [92.8484077, 25.9113474], [92.8481646, 25.9109415], [92.8476863, 25.9101428], [92.847615, 25.9100237], [92.847143, 25.9089945], [92.8470138, 25.9080654], [92.8469297, 25.9066266], [92.8474746, 25.9042319], [92.8481797, 25.9020753], [92.8482127, 25.9019741], [92.8484976, 25.9007989], [92.8485927, 25.9004895], [92.848832, 25.8997119], [92.8499106, 25.8979437], [92.8499417, 25.8978927], [92.8501452, 25.8976645], [92.8501536, 25.8976551], [92.8508151, 25.8969131], [92.8515168, 25.8960733], [92.8516945, 25.895821], [92.8523617, 25.8948737], [92.8525819, 25.8945611], [92.8535453, 25.8931267], [92.8543918, 25.8919972], [92.8545035, 25.8918552], [92.8551291, 25.8910601], [92.8551707, 25.8910072], [92.8555006, 25.8903805], [92.855941, 25.8895436], [92.8565381, 25.8876136], [92.8568005, 25.8867263], [92.8573916, 25.8853693], [92.857543, 25.8850218], [92.8575442, 25.8850196], [92.8579774, 25.8842441], [92.858923, 25.8831312], [92.8596021, 25.8823742], [92.8596706, 25.8823329], [92.8596911, 25.8823205], [92.8611531, 25.8814385], [92.8629272, 25.8801315], [92.8647778, 25.8788476], [92.865335, 25.8783988], [92.8655499, 25.8782257], [92.8656016, 25.8781097], [92.8656385, 25.8780271], [92.8658866, 25.8774708], [92.8658312, 25.8769481], [92.8652528, 25.8748482], [92.8649772, 25.8739863], [92.8648485, 25.8731457], [92.8648888, 25.8720007], [92.8648986, 25.8719572], [92.8651491, 25.8708477], [92.8658497, 25.8697141], [92.8668947, 25.8689563], [92.8676007, 25.8685312], [92.8679667, 25.8684182], [92.8694554, 25.8680104], [92.8707009, 25.8677812], [92.8729496, 25.8676122], [92.8753936, 25.8673976], [92.8767133, 25.8672786], [92.8779347, 25.8670938], [92.8786625, 25.8670917], [92.8795194, 25.8672191], [92.8796526, 25.8672795], [92.8808202, 25.8678087], [92.8822675, 25.8683753], [92.8827254, 25.8685408], [92.8831876, 25.8687079], [92.8835918, 25.868854], [92.8843022, 25.8690045], [92.885932, 25.8689518], [92.8865665, 25.8687707], [92.8870043, 25.8684579], [92.8870353, 25.8683637], [92.8873627, 25.8673706], [92.8874936, 25.8668371], [92.8876945, 25.8660179], [92.8880815, 25.8657771], [92.8886658, 25.8654412], [92.8890314, 25.8652839], [92.8898142, 25.8653011], [92.8911357, 25.8654255], [92.8925798, 25.8655712], [92.8943665, 25.8657591], [92.8961443, 25.8659248], [92.8987873, 25.8661514], [92.9013323, 25.8663563], [92.9042087, 25.8665354], [92.9070474, 25.8667606], [92.909251, 25.8670783], [92.9110721, 25.8674906], [92.9136227, 25.8676195], [92.9160944, 25.8678247], [92.9186159, 25.8681403], [92.9220905, 25.8686008], [92.922255, 25.8686226], [92.9255593, 25.868955], [92.9289618, 25.869331], [92.9339559, 25.8699332], [92.9367817, 25.8701845], [92.9394017, 25.8705654], [92.9427078, 25.8709428], [92.9463583, 25.8713809], [92.9481124, 25.8715663], [92.9510631, 25.8718986], [92.9544357, 25.8722985], [92.9550794, 25.8723452], [92.9564803, 25.872447], [92.9580576, 25.8725615], [92.9607752, 25.8728971], [92.9613206, 25.8729642], [92.9633302, 25.8732117], [92.9635099, 25.8732338], [92.9656779, 25.8734331], [92.9664226, 25.8735015], [92.9700455, 25.8738749], [92.9739514, 25.8743275], [92.9805868, 25.8751888], [92.9820041, 25.8755521], [92.983857, 25.8727152], [92.9840812, 25.8723285], [92.9849406, 25.8708459], [92.9851823, 25.870429], [92.9862416, 25.8686014], [92.9863457, 25.8684218], [92.9874047, 25.8667116], [92.9881083, 25.8656329], [92.9887722, 25.8646151], [92.9891885, 25.8639768], [92.9900157, 25.8627086], [92.9914605, 25.8604695], [92.992229, 25.8592096], [92.993651, 25.8570806], [92.994566, 25.8557601], [92.995237, 25.8547333], [92.9964046, 25.8529463], [92.9972364, 25.8517564], [92.9984098, 25.8501712], [93.0000002, 25.8489703], [93.0017277, 25.8477116], [93.0039063, 25.8461658], [93.0063423, 25.8445287], [93.0092045, 25.8426095], [93.0113371, 25.8411794], [93.0127986, 25.8401185], [93.0131629, 25.8397131], [93.0132487, 25.8395477], [93.0147394, 25.8366409], [93.0147399, 25.8366399], [93.0152165, 25.8356758], [93.0160843, 25.8339204], [93.0161989, 25.8336928], [93.0179397, 25.8303747], [93.0179898, 25.8302848], [93.0181806, 25.8299422], [93.0186803, 25.8290451], [93.0192005, 25.828111], [93.0198224, 25.8269884], [93.0204809, 25.8257995], [93.0208157, 25.8251952], [93.020999, 25.8248642], [93.0214771, 25.824001], [93.0217539, 25.8235014], [93.0218551, 25.8233186], [93.0219584, 25.8231259], [93.0223422, 25.8224098], [93.0227284, 25.821689], [93.0229134, 25.8213439], [93.0232054, 25.820788], [93.0237266, 25.8197958], [93.0242899, 25.8187235], [93.0246349, 25.8180667], [93.0247684, 25.8178127], [93.0249424, 25.8174813], [93.0252271, 25.8169394], [93.0252661, 25.8168651], [93.0255376, 25.816411], [93.0256577, 25.8162102], [93.0256876, 25.8161602], [93.028183, 25.8129756], [93.0289274, 25.8122097], [93.0292663, 25.8119856], [93.0312832, 25.8107953], [93.0321823, 25.8100261], [93.0338961, 25.8083274], [93.0346514, 25.8075787], [93.034967, 25.8072586], [93.0361893, 25.8060187], [93.038369, 25.8037807], [93.0423416, 25.7995775], [93.0440177, 25.797804], [93.0475338, 25.7941546], [93.0492271, 25.7924374], [93.050173, 25.7914334], [93.0509476, 25.7906112], [93.0519415, 25.7900433], [93.0526562, 25.7896847], [93.0544689, 25.7891175], [93.0558228, 25.7887635], [93.0575352, 25.7883191], [93.0591605, 25.7878974], [93.0620506, 25.7869051], [93.0630064, 25.7865389], [93.0646361, 25.7859146], [93.0669722, 25.7851238], [93.0681373, 25.7848098], [93.0721122, 25.7836858], [93.074841, 25.7830311], [93.0753686, 25.7827686], [93.0745899, 25.7816262], [93.0743018, 25.7809136], [93.0740817, 25.7803171], [93.074071, 25.78028], [93.0740062, 25.7800542], [93.0737579, 25.7791895], [93.0735879, 25.7789897], [93.0733506, 25.7788863], [93.0730001, 25.778844], [93.0709902, 25.7788189], [93.0707228, 25.7788156], [93.0702865, 25.778739], [93.0696636, 25.7783951], [93.0688988, 25.7775887], [93.0688531, 25.7775425], [93.0680837, 25.7767653], [93.0678105, 25.7766219], [93.0675026, 25.7764929], [93.067213, 25.77649], [93.066624, 25.7766878], [93.0664105, 25.7767844], [93.0661309, 25.7769109], [93.0656914, 25.7771098], [93.0651274, 25.7772119], [93.0645883, 25.7773095], [93.0642083, 25.7772859], [93.0639904, 25.7771441], [93.0639595, 25.777124], [93.0636712, 25.7767691], [93.0632379, 25.7768091], [93.0629038, 25.7767139], [93.0626913, 25.7764968], [93.0624176, 25.7762171], [93.0624011, 25.7762002], [93.0612354, 25.7747463], [93.0608357, 25.7740926], [93.0604486, 25.7734597], [93.060095, 25.7730939], [93.0589788, 25.7724661], [93.0583658, 25.7722536], [93.0580069, 25.772267], [93.0576379, 25.7723932], [93.0574577, 25.7725855], [93.0573885, 25.7726593], [93.0573435, 25.7729934], [93.0574678, 25.7735756], [93.0581302, 25.7745418], [93.0582246, 25.7749751], [93.0582542, 25.7753677], [93.0582053, 25.775452], [93.0580996, 25.775634], [93.0578552, 25.7758144], [93.0565092, 25.7759987], [93.0561103, 25.7762062], [93.055905, 25.7765068], [93.0558608, 25.7765717], [93.0558155, 25.7773253], [93.0560822, 25.7782437], [93.0561537, 25.7784899], [93.0564625, 25.778937], [93.0568462, 25.7791628], [93.0573248, 25.7792172], [93.0584514, 25.7791229], [93.0588552, 25.7791367], [93.0591492, 25.7792903], [93.0592737, 25.779498], [93.0592871, 25.7797134], [93.0592873, 25.7797178], [93.0592885, 25.7797372], [93.0592343, 25.7798297], [93.0590568, 25.7801327], [93.0587155, 25.7807151], [93.0586249, 25.7808697], [93.0584503, 25.7810095], [93.0581611, 25.7810093], [93.0564811, 25.7811259], [93.0557583, 25.7811661], [93.0551851, 25.7810395], [93.0549061, 25.7808272], [93.0545975, 25.7800869], [93.0542887, 25.7795406], [93.0538503, 25.7791613], [93.0530879, 25.7787998], [93.0522056, 25.7786865], [93.0520659, 25.7787135], [93.051931, 25.7788607], [93.0519226, 25.7788699], [93.0518964, 25.7788985], [93.0518117, 25.7791279], [93.0517266, 25.7793587], [93.0516959, 25.7806585], [93.0519893, 25.781611], [93.0523482, 25.782034], [93.0526368, 25.7823741], [93.0532544, 25.783259], [93.053344, 25.7835208], [93.0533636, 25.7840972], [93.0532944, 25.7842372], [93.0532238, 25.7843783], [93.0528997, 25.7846444], [93.0527473, 25.7847149], [93.0517876, 25.7851584], [93.0506599, 25.7859354], [93.0495034, 25.7867323], [93.0478454, 25.7877509], [93.0478226, 25.7877649], [93.0452671, 25.7893354], [93.0446456, 25.7897625], [93.0421326, 25.7910494], [93.0403813, 25.7921656], [93.039332, 25.7927486], [93.0386207, 25.7931438], [93.037144, 25.7944157], [93.0363441, 25.7948398], [93.0358771, 25.7950874], [93.0350892, 25.7954343], [93.0337726, 25.7957404], [93.0333086, 25.7957753], [93.0329999, 25.7957985], [93.0321973, 25.7956581], [93.0300843, 25.7946186], [93.0289827, 25.7942974], [93.0274224, 25.7941113], [93.0258919, 25.7940695], [93.0250741, 25.7942496], [93.0241763, 25.7947002], [93.0227695, 25.7957057], [93.0216567, 25.7967113], [93.0215078, 25.7970037], [93.021427, 25.7971625], [93.0212757, 25.7976022], [93.020685, 25.7993197], [93.0206572, 25.7994005], [93.0204488, 25.7997177], [93.0199577, 25.8004652], [93.0199132, 25.8005328], [93.0192796, 25.8010513], [93.0189702, 25.8012181], [93.0186312, 25.8012855], [93.0181825, 25.8012897], [93.0177937, 25.8011224], [93.0168025, 25.8002758], [93.0165931, 25.800097], [93.0156862, 25.7982936], [93.0154237, 25.7977717], [93.0146179, 25.795713], [93.0135436, 25.7930628], [93.0126334, 25.790977], [93.0116028, 25.7895905], [93.0103823, 25.7886372], [93.0076718, 25.7871952], [93.0059725, 25.7864942], [93.0047562, 25.7863804], [93.003794, 25.7864382], [93.0032406, 25.7865054], [93.0028515, 25.7867849], [93.0019453, 25.7880847], [93.0019427, 25.7880884], [93.0018791, 25.788219], [93.0018348, 25.7883097], [93.0017322, 25.7885203], [93.0015829, 25.7888265], [93.0013954, 25.789211], [93.0013278, 25.7893496], [93.0011374, 25.7897404], [93.000796, 25.7904405], [93.0007836, 25.7904659], [93.0002939, 25.7913452], [93.0000188, 25.7918391], [93.0000097, 25.7918554], [93.0000002, 25.7918724], [92.9999994, 25.7918739], [92.9997656, 25.7925047], [92.9994537, 25.7937297], [92.9994303, 25.7938217], [92.9994266, 25.7938364], [92.9993786, 25.7942631], [92.999341, 25.794598], [92.9993196, 25.7947882], [92.9993017, 25.7949478], [92.9992954, 25.7952144], [92.9992911, 25.7953962], [92.9992757, 25.7960443], [92.9992966, 25.7970392], [92.9993192, 25.7981166], [92.9993641, 25.7998828], [92.9993569, 25.8002868], [92.999355, 25.8003941], [92.9993348, 25.8005919], [92.9992372, 25.8015468], [92.9991046, 25.8023692], [92.9990303, 25.8026811], [92.9989984, 25.8028151], [92.9988302, 25.803521], [92.9984215, 25.8053464], [92.9984114, 25.8053918], [92.9983982, 25.8054866], [92.9982537, 25.8065255], [92.9982352, 25.8076862], [92.998381, 25.8085461], [92.9985697, 25.8091034], [92.9987247, 25.809561], [92.9995887, 25.811793], [92.9999559, 25.8125718], [93.0012957, 25.814906], [93.0027596, 25.8168435], [93.0032674, 25.8176247], [93.0039289, 25.8192772], [93.0039714, 25.8193747], [93.0047209, 25.8210922], [93.0052273, 25.8222525], [93.0066907, 25.82484], [93.0068298, 25.8253726], [93.0068443, 25.8257653], [93.0066742, 25.8262661], [93.0063199, 25.8265592], [93.0060105, 25.8267304], [93.0055467, 25.8267571], [93.0046941, 25.8266164], [93.0045899, 25.8265871], [93.0000002, 25.8252946], [92.9999963, 25.8252941], [92.9997509, 25.8253017], [92.9977395, 25.825508], [92.9969528, 25.8255291], [92.995428, 25.8251572], [92.9944093, 25.8246591], [92.9937177, 25.8243151], [92.992983, 25.8239496], [92.9909687, 25.8231423], [92.9897958, 25.8224003], [92.988945, 25.8217632], [92.9885502, 25.821077], [92.9881691, 25.8197694], [92.9880601, 25.8188974], [92.98768, 25.8179507], [92.9873354, 25.8172028], [92.9871554, 25.8167975], [92.9868098, 25.8160196], [92.9867697, 25.8159293], [92.9864209, 25.8146914], [92.9860066, 25.8136991], [92.9853899, 25.8127541], [92.9843526, 25.8116191], [92.982616, 25.8101767], [92.9813184, 25.8091793], [92.9811355, 25.8090387], [92.9808791, 25.8087037], [92.9808239, 25.8081834], [92.9808642, 25.8079029], [92.9808877, 25.8077389], [92.9809394, 25.8076093], [92.9812539, 25.8068198], [92.9825573, 25.805065], [92.9835987, 25.8042921], [92.9836439, 25.8042883], [92.9840041, 25.8042586], [92.9853555, 25.8041572], [92.986063, 25.8038765], [92.9863376, 25.8035935], [92.9869007, 25.8030131], [92.9875253, 25.800906], [92.9876402, 25.7985471], [92.987633, 25.7977155], [92.98762, 25.7962198], [92.9876694, 25.7940561], [92.9873791, 25.7917614], [92.986988, 25.7896007], [92.9864623, 25.7874301], [92.9863649, 25.7866414], [92.9861715, 25.785074], [92.9856751, 25.7823826], [92.985331, 25.7816807], [92.9846543, 25.7808921], [92.984043, 25.7805596], [92.9832633, 25.7802895], [92.9820778, 25.7799916], [92.9807618, 25.7802458], [92.9802154, 25.7805074], [92.9798529, 25.780681], [92.9796205, 25.7811726], [92.9794895, 25.7816635], [92.9794924, 25.7820003], [92.9801173, 25.7839253], [92.9809087, 25.7858662], [92.9817724, 25.7880344], [92.9819847, 25.7891354], [92.9817874, 25.7897799], [92.9814058, 25.790158], [92.9813517, 25.7902117], [92.9808468, 25.7904603], [92.9807831, 25.790469], [92.9806116, 25.7904924], [92.9803741, 25.7905248], [92.9799001, 25.7904363], [92.9791864, 25.7899819], [92.9786049, 25.7891898], [92.9770725, 25.7874055], [92.9742473, 25.7850978], [92.9722081, 25.7837952], [92.9703721, 25.7825218], [92.9685065, 25.7817385], [92.9678643, 25.781743], [92.9673586, 25.7818996], [92.9673435, 25.7819453], [92.9672268, 25.7822987], [92.9672291, 25.7825691], [92.9672317, 25.7828805], [92.9674059, 25.7834918], [92.968583, 25.7867763], [92.9691981, 25.7882217], [92.9694797, 25.7888832], [92.9697241, 25.7898002], [92.9697997, 25.790749], [92.9697025, 25.7912397], [92.969502, 25.7915167], [92.9690665, 25.7919791], [92.9685015, 25.7923205], [92.9684485, 25.7923525], [92.968285, 25.7924512], [92.9672852, 25.7930552], [92.9670266, 25.7932114], [92.9661939, 25.7936553], [92.9656467, 25.793947], [92.9648729, 25.7943594], [92.9627199, 25.7955993], [92.960865, 25.7968514], [92.9606972, 25.7969664], [92.9589585, 25.7985345], [92.9587897, 25.7987417], [92.9582559, 25.7993969], [92.9564017, 25.8034689], [92.9563402, 25.8042043], [92.9563436, 25.8046024], [92.9564321, 25.8047951], [92.9567223, 25.8054267], [92.9569974, 25.805976], [92.958195, 25.8076828], [92.9599703, 25.809753], [92.9620412, 25.8111367], [92.9642172, 25.8125916], [92.9662243, 25.8140477], [92.9670437, 25.8149914], [92.9674221, 25.8157543], [92.9673599, 25.8163979], [92.9671264, 25.816767], [92.9668122, 25.8171594], [92.966658, 25.8173521], [92.9662216, 25.8177226], [92.9660642, 25.8177822], [92.9654801, 25.8180034], [92.9649397, 25.8180684], [92.9641621, 25.8180738], [92.9631117, 25.8178054], [92.962375, 25.8172868], [92.9618192, 25.8168956], [92.9617899, 25.8168614], [92.9602486, 25.815069], [92.9591196, 25.8134843], [92.9579554, 25.8114547], [92.9566883, 25.809534], [92.9559021, 25.8084982], [92.9553594, 25.8082876], [92.9547597, 25.8082645], [92.9536103, 25.8082723], [92.9534858, 25.8082963], [92.9522939, 25.8085263], [92.9504707, 25.8088144], [92.9494227, 25.8088215], [92.9484065, 25.8085834], [92.9479321, 25.8083489], [92.9477955, 25.8082814], [92.9472175, 25.8078872], [92.9469773, 25.8074601], [92.9464585, 25.8060549], [92.9459769, 25.8050475], [92.9445787, 25.803587], [92.9440348, 25.8032232], [92.9432894, 25.8030139], [92.9428161, 25.8030171], [92.9419395, 25.8032986], [92.9384163, 25.8045119], [92.9361589, 25.8054458], [92.9337896, 25.8062718], [92.9330238, 25.8065387], [92.9313452, 25.8068104], [92.9304578, 25.806954], [92.9291735, 25.8069932], [92.9286308, 25.8067824], [92.9284603, 25.8065998], [92.9284914, 25.8062627], [92.9285299, 25.806212], [92.9287255, 25.8059549], [92.9288365, 25.805836], [92.9292548, 25.8053875], [92.9316375, 25.8032279], [92.9317907, 25.8029987], [92.9320422, 25.8026222], [92.9323342, 25.8021852], [92.9324391, 25.8020282], [92.932492, 25.8017491], [92.9326659, 25.8008324], [92.9324862, 25.7995167], [92.9323142, 25.7991504], [92.9320745, 25.7987845], [92.9311205, 25.7977612], [92.9310687, 25.7977018], [92.9300896, 25.7965786], [92.9296873, 25.7961171], [92.928454, 25.7941041], [92.9278287, 25.7920258], [92.92764, 25.7902309], [92.9275597, 25.7894674], [92.9275403, 25.7870782], [92.9275383, 25.7868342], [92.9281162, 25.7842255], [92.9281893, 25.7838953], [92.9281904, 25.7838903], [92.9281895, 25.7838799], [92.9278937, 25.7806465], [92.9270582, 25.7776512], [92.9263644, 25.7754512], [92.9243188, 25.7732601], [92.9220809, 25.7719699], [92.9216557, 25.7717574], [92.9215475, 25.7717033], [92.9202215, 25.7710795], [92.9172201, 25.7696762], [92.9158574, 25.769047], [92.9137462, 25.7680823], [92.9124552, 25.7675533], [92.910531, 25.7668432], [92.9073486, 25.7657406], [92.9062738, 25.7653596], [92.904109, 25.7646446], [92.902565, 25.7641787], [92.9017781, 25.7639218], [92.90093, 25.7636448], [92.8999331, 25.7632739], [92.8988939, 25.7628138], [92.897431, 25.762166], [92.8960254, 25.7615103], [92.8945651, 25.7608546], [92.8926412, 25.7600901], [92.8899796, 25.7590587], [92.8881454, 25.758362], [92.8859972, 25.7575115], [92.8849008, 25.7570546], [92.8836149, 25.7565885], [92.8821693, 25.7562036], [92.8803699, 25.7557687], [92.8787549, 25.7553745], [92.8781531, 25.7552115], [92.8773841, 25.7550031], [92.8766764, 25.7548084], [92.8741391, 25.7542779], [92.872878, 25.754024], [92.8707145, 25.7537557], [92.8680924, 25.7533786], [92.8669458, 25.7532421], [92.8650165, 25.7530823], [92.8634262, 25.7529634], [92.8617909, 25.7529032], [92.8609236, 25.752794], [92.8584758, 25.7526336], [92.8574638, 25.7525468], [92.8561228, 25.7523785], [92.8544525, 25.7524536], [92.8531911, 25.7524433], [92.8522739, 25.752352], [92.8508432, 25.75217], [92.8495323, 25.7518887], [92.847951, 25.7517309], [92.8479321, 25.751729], [92.8469799, 25.7516648], [92.8448614, 25.7513962], [92.8439093, 25.7512687], [92.8431068, 25.751146], [92.8425187, 25.7509828], [92.8422248, 25.7507432], [92.8416445, 25.7500524], [92.8416427, 25.75005], [92.8416051, 25.7500041], [92.8408361, 25.7494259], [92.8399393, 25.7487622], [92.8395556, 25.7484913], [92.8391421, 25.7482114], [92.838609, 25.7479043], [92.8373733, 25.7472449], [92.8361476, 25.7466036], [92.8347973, 25.7458811], [92.8332478, 25.7449915], [92.8328428, 25.7446938], [92.8326949, 25.744585], [92.8322764, 25.7442193], [92.8316338, 25.7436052], [92.8311256, 25.7432259], [92.8294217, 25.7423769], [92.8279267, 25.7422454], [92.8270796, 25.7421864], [92.8264617, 25.7421546], [92.8259435, 25.7420957], [92.8256993, 25.7420459], [92.8251861, 25.7417794], [92.8248473, 25.7416394], [92.8242644, 25.741418], [92.8238309, 25.7412643], [92.8236366, 25.7412552], [92.8230136, 25.7413813], [92.8219869, 25.7416382], [92.8216231, 25.7416787], [92.8213091, 25.7415882], [92.8209454, 25.7414482], [92.8207412, 25.7412811], [92.8206117, 25.7411456], [92.8205272, 25.7408522], [92.8205023, 25.7406131], [92.8205276, 25.7400037], [92.8205479, 25.739846], [92.8206877, 25.7387581], [92.8207745, 25.7381375], [92.8208278, 25.7377562], [92.8210529, 25.7361405], [92.821113, 25.7354726], [92.8212879, 25.7345203], [92.8215325, 25.7335726], [92.8216825, 25.7328551], [92.8218429, 25.7309505], [92.8218482, 25.7302735], [92.8218437, 25.7302261], [92.8217243, 25.7289872], [92.8217262, 25.7289469], [92.8217545, 25.7283553], [92.8218347, 25.7276015], [92.8220046, 25.7266358], [92.8221195, 25.7259679], [92.8221596, 25.7255572], [92.8221448, 25.7252367], [92.8220205, 25.7247673], [92.8218464, 25.724203], [92.8216823, 25.7236523], [92.8215679, 25.7230655], [92.8215234, 25.7224336], [92.8215388, 25.7216528], [92.821549, 25.7212421], [92.8216839, 25.7203891], [92.821749, 25.7195903], [92.8217144, 25.7190802], [92.82162, 25.7185477], [92.8214959, 25.7179428], [92.8214063, 25.7175772], [92.8211575, 25.7169677], [92.8205652, 25.7158392], [92.8198384, 25.7147331], [92.8194949, 25.7142906], [92.8191065, 25.7137895], [92.8184395, 25.712715], [92.8180215, 25.7118618], [92.8177229, 25.7112524], [92.8176084, 25.7111034], [92.8173843, 25.7109227], [92.8165276, 25.7104755], [92.8161092, 25.7103219], [92.8157407, 25.7101051], [92.815392, 25.7098341], [92.8149738, 25.7094322], [92.8147399, 25.7091297], [92.8146105, 25.7088182], [92.8145311, 25.7083578], [92.814412, 25.7073061], [92.8143873, 25.7068652], [92.8143036, 25.7053698], [92.8141996, 25.7042189], [92.8140556, 25.7033884], [92.8139712, 25.7029505], [92.8138519, 25.7025894], [92.8137573, 25.7023501], [92.813603, 25.7021379], [92.8134188, 25.7019393], [92.8129407, 25.7016682], [92.8122834, 25.7012978], [92.8117406, 25.7010403], [92.8111081, 25.7008008], [92.81061, 25.7006335], [92.8098627, 25.7005158], [92.8088615, 25.7005062], [92.8078402, 25.7005689], [92.8069285, 25.7006406], [92.8064204, 25.7006133], [92.8059373, 25.7005363], [92.8052599, 25.70022], [92.8047321, 25.6999173], [92.8042092, 25.6996011], [92.8038059, 25.699303], [92.8036912, 25.6992043], [92.8034175, 25.6989688], [92.8030292, 25.6987023], [92.802586, 25.698517], [92.8019933, 25.6982819], [92.8016048, 25.6981779], [92.801341, 25.6979973], [92.8011717, 25.697767], [92.8010276, 25.6973065], [92.8009282, 25.6969093], [92.8008638, 25.6962954], [92.8007159, 25.6941425], [92.8006321, 25.69282], [92.8005976, 25.6923235], [92.8004883, 25.6918766], [92.8003143, 25.6914793], [92.7999261, 25.6909375], [92.7994533, 25.6904408], [92.7987115, 25.6897859], [92.7981339, 25.689429], [92.7955546, 25.6881818], [92.7946084, 25.6877931], [92.7939014, 25.687418], [92.7930102, 25.6868849], [92.7922286, 25.6863789], [92.790949, 25.6856199], [92.7903068, 25.6853126], [92.7894951, 25.6850096], [92.7891515, 25.6849056], [92.7884991, 25.6846027], [92.7879117, 25.6842639], [92.7869857, 25.6837127], [92.7865974, 25.6834416], [92.7862738, 25.6831435], [92.7859653, 25.6827957], [92.7856867, 25.6824796], [92.7854229, 25.6822628], [92.7850296, 25.6820143], [92.7845416, 25.6818199], [92.7837947, 25.6815711], [92.7822012, 25.6811638], [92.7806873, 25.6807882], [92.7801893, 25.6806886], [92.779756, 25.6806431], [92.7791883, 25.6804667], [92.7787502, 25.6802633], [92.7782524, 25.6799785], [92.7779039, 25.6797075], [92.7775855, 25.6794139], [92.7771426, 25.6789577], [92.7767645, 25.678488], [92.7764063, 25.6779868], [92.7757151, 25.6767677], [92.7753772, 25.6759775], [92.7748403, 25.674754], [92.7746066, 25.6743431], [92.7744675, 25.6739865], [92.7743284, 25.6734899], [92.7742789, 25.6731559], [92.7742545, 25.672682], [92.7742627, 25.6726467], [92.7743045, 25.6724654], [92.7743776, 25.6723448], [92.774529, 25.6720954], [92.774898, 25.6715811], [92.7753017, 25.6711707], [92.7759746, 25.6706747], [92.7769264, 25.6700526], [92.7775344, 25.6695927], [92.778242, 25.6690155], [92.7793988, 25.6679973], [92.7809186, 25.6665982], [92.7815765, 25.666039], [92.7825084, 25.6653672], [92.7830614, 25.6650335], [92.7834301, 25.6648578], [92.7841176, 25.6645965], [92.785886, 25.6639297], [92.7861601, 25.6637809], [92.786773, 25.6633391], [92.7884774, 25.6618417], [92.7891053, 25.6612779], [92.7893545, 25.6609712], [92.7894103, 25.6608446], [92.789569, 25.6604839], [92.789505, 25.6596759], [92.7892866, 25.6587325], [92.7888145, 25.6573917], [92.788266, 25.6559584], [92.7881735, 25.6557168], [92.7870201, 25.6533014], [92.7867715, 25.6528092], [92.7863241, 25.6520145], [92.7860604, 25.6515947], [92.7855924, 25.6509275], [92.7851254, 25.6502626], [92.7848568, 25.6497524], [92.7846034, 25.6492106], [92.7844195, 25.6487636], [92.7838678, 25.6476214], [92.7836788, 25.6472602], [92.7831566, 25.6464926], [92.7828282, 25.6461809], [92.7826043, 25.6460047], [92.7824151, 25.6459414], [92.7816633, 25.6458326], [92.7809264, 25.6458456], [92.7799256, 25.6458223], [92.7795074, 25.6456821], [92.7784873, 25.6448644], [92.7781242, 25.6445031], [92.7776368, 25.6438393], [92.7773137, 25.6432117], [92.7769856, 25.6425976], [92.7765082, 25.6419292], [92.7761203, 25.6413964], [92.7756675, 25.6409899], [92.7751001, 25.6407547], [92.7740697, 25.6405238], [92.7733429, 25.6403563], [92.7729191, 25.6402095], [92.7720238, 25.6398994], [92.7715809, 25.6396734], [92.7710437, 25.639172], [92.7703879, 25.6384413], [92.7701682, 25.6381964], [92.7694471, 25.6372615], [92.7694102, 25.6372124], [92.7689001, 25.6365344], [92.768085, 25.6351166], [92.7674289, 25.6339562], [92.7672265, 25.6335677], [92.7670313, 25.6331931], [92.7666633, 25.6327324], [92.7662454, 25.6323574], [92.7652652, 25.6318376], [92.7646978, 25.6315619], [92.7640358, 25.6314214], [92.762657, 25.631154], [92.7618554, 25.6310811], [92.7610539, 25.6309992], [92.7608504, 25.6309048], [92.7603324, 25.6306646], [92.7596856, 25.6302037], [92.7590588, 25.629657], [92.7586312, 25.6291827], [92.7583678, 25.6287266], [92.7583072, 25.6285568], [92.758189, 25.6282255], [92.7580207, 25.6274175], [92.7580961, 25.6266908], [92.7585353, 25.6256396], [92.7590785, 25.6251075], [92.7593949, 25.6248212], [92.7597138, 25.6245619], [92.7598248, 25.624471], [92.7600825, 25.6242598], [92.7604588, 25.6239194], [92.7606133, 25.623757], [92.7609547, 25.6233105], [92.7611617, 25.6229902], [92.7617798, 25.6221738], [92.7620789, 25.6218491], [92.7624774, 25.6215357], [92.762724, 25.6214073], [92.7629855, 25.6213127], [92.763827, 25.621099], [92.7647159, 25.6208876], [92.7653208, 25.6207685], [92.7657491, 25.6206831], [92.7664686, 25.6205392], [92.76674, 25.6204763], [92.7671184, 25.6203863], [92.7673126, 25.6203368], [92.7674446, 25.6202828], [92.767584, 25.6202197], [92.7678032, 25.620107], [92.7679352, 25.6200349], [92.7680572, 25.619965], [92.7681718, 25.6198839], [92.7682366, 25.6198185], [92.7683338, 25.619699], [92.768411, 25.6195884], [92.7685008, 25.6194283], [92.7685187, 25.6193705], [92.7686007, 25.6191057], [92.7686707, 25.6187492], [92.7687158, 25.6184784], [92.7687235, 25.6181986], [92.7686888, 25.6180722], [92.7686143, 25.6178938], [92.7684701, 25.6176996], [92.7682065, 25.6173812], [92.7679455, 25.6170786], [92.7676644, 25.6168482], [92.7669904, 25.6163715], [92.7643886, 25.6145437], [92.7642145, 25.614433], [92.7640478, 25.6143855], [92.7638935, 25.614365], [92.7637242, 25.6143739], [92.7635275, 25.6143963], [92.7632786, 25.614448], [92.7631068, 25.6144908], [92.7624619, 25.6147565], [92.7620834, 25.6149164], [92.7615455, 25.6151755], [92.7611694, 25.615358], [92.7607262, 25.6155269], [92.7602781, 25.6156619], [92.7597527, 25.6157969], [92.7586722, 25.6160239], [92.7583909, 25.616071], [92.7581719, 25.6160957], [92.7579528, 25.6161113], [92.7573057, 25.6160949], [92.7569746, 25.6160788], [92.756676, 25.616056], [92.7561559, 25.615954], [92.7559095, 25.6158748], [92.7556035, 25.615764], [92.7552278, 25.6156034], [92.7548596, 25.6154203], [92.7546755, 25.6153253], [92.7545188, 25.6152214], [92.7543622, 25.6150768], [92.7538724, 25.6145777], [92.7525771, 25.6132247], [92.7524801, 25.6130936], [92.7524702, 25.6130802], [92.7521871, 25.6125022], [92.7521176, 25.6122968], [92.7519589, 25.6118024], [92.7519118, 25.6116309], [92.7518598, 25.6113939], [92.7518251, 25.6111795], [92.7517942, 25.6111044], [92.7517358, 25.6109627], [92.751619, 25.6107618], [92.7513928, 25.610484], [92.7511989, 25.6103236], [92.7509452, 25.6101722], [92.7506914, 25.6100523], [92.7504551, 25.60991], [92.7501468, 25.609684], [92.7500008, 25.6095725], [92.749997, 25.6095673], [92.7496934, 25.6089708], [92.7495281, 25.6083331], [92.7494633, 25.6080831], [92.7493707, 25.6073689], [92.74935, 25.606604], [92.7494573, 25.6061039], [92.7497336, 25.6054264], [92.7497517, 25.6054062], [92.7498416, 25.6053061], [92.7498694, 25.6052752], [92.749997, 25.6050733], [92.7499991, 25.60507], [92.7501671, 25.6047892], [92.7502237, 25.6046644], [92.7504041, 25.6042659], [92.7504165, 25.6042267], [92.7504566, 25.6040989], [92.7505067, 25.6038394], [92.7505193, 25.6036612], [92.7505276, 25.6029119], [92.7505278, 25.602754], [92.7505202, 25.6026889], [92.7504982, 25.6025012], [92.7504636, 25.6023026], [92.7504189, 25.6021355], [92.7503544, 25.6019662], [92.7501286, 25.6014176], [92.7497615, 25.6001295], [92.7497149, 25.5997838], [92.7494781, 25.5991307], [92.7490068, 25.5988973], [92.7478347, 25.5987154], [92.7476327, 25.598693], [92.746836, 25.5986757], [92.7459744, 25.5984596], [92.7450506, 25.5979731], [92.7449731, 25.5979322], [92.7446444, 25.5976799], [92.7442505, 25.5973775], [92.7437422, 25.5968092], [92.743383, 25.5964075], [92.7423462, 25.5953022], [92.7411203, 25.5943098], [92.739028, 25.5932505], [92.739028, 25.5932504], [92.7383158, 25.5929982], [92.7374841, 25.5928318], [92.7371729, 25.5928057], [92.7369516, 25.5927872], [92.7367372, 25.5927692], [92.7354973, 25.5926394], [92.7347401, 25.5924231], [92.7342672, 25.592288], [92.7328081, 25.5920725], [92.7316578, 25.5919469], [92.7306712, 25.591963], [92.7304927, 25.591966], [92.7299102, 25.5919076], [92.7293008, 25.5917185], [92.7290503, 25.5916407], [92.7287348, 25.5915428], [92.7265832, 25.5907993], [92.7263726, 25.5907153], [92.7251936, 25.5902449], [92.72355, 25.5894785], [92.7225887, 25.5890549], [92.7216823, 25.5887801], [92.7209353, 25.5886224], [92.7200441, 25.588587], [92.7190931, 25.5886418], [92.7177341, 25.5889001], [92.7168779, 25.5892438], [92.7153104, 25.5902607], [92.7148597, 25.5909403], [92.714828, 25.590988], [92.7148127, 25.5910204], [92.7147878, 25.5910727], [92.7146242, 25.5914171], [92.7144354, 25.5919454], [92.7142837, 25.5952507], [92.7142889, 25.5957112], [92.7142099, 25.5964653], [92.7141511, 25.5968349], [92.7140564, 25.59743], [92.7140202, 25.5976571], [92.7140166, 25.5976799], [92.7137183, 25.5981858], [92.7135959, 25.5983], [92.7133452, 25.5985338], [92.7132238, 25.5986249], [92.7129719, 25.598814], [92.7128305, 25.5988782], [92.7125555, 25.5990031], [92.7124841, 25.5990355], [92.7124841, 25.5990355], [92.7122375, 25.5991054], [92.7117422, 25.5992459], [92.7112395, 25.5993885], [92.7110036, 25.5994203], [92.709922, 25.5995663], [92.7096263, 25.5996062], [92.7092272, 25.5996064], [92.7085957, 25.5996068], [92.7074753, 25.5995306], [92.7066113, 25.5994712], [92.706305, 25.5994501], [92.7047264, 25.5993472], [92.7031431, 25.5993255], [92.7010518, 25.5995389], [92.6987017, 25.5997207], [92.6982237, 25.5997165], [92.6977706, 25.5996579], [92.6966551, 25.5993742], [92.695629, 25.5989637], [92.6941695, 25.5979891], [92.6941695, 25.5979891], [92.6930854, 25.5970528], [92.6927746, 25.5967843], [92.6927746, 25.5967843], [92.6922912, 25.5962698], [92.6920071, 25.5957597], [92.6917696, 25.5952811], [92.691698, 25.5951368], [92.691433, 25.594869], [92.6913095, 25.5947442], [92.6909234, 25.5945343], [92.6908613, 25.5945006], [92.689937, 25.5941496], [92.6895665, 25.594009], [92.6889857, 25.5936934], [92.6883213, 25.5933323], [92.686578, 25.5921411], [92.6860308, 25.5917199], [92.6855171, 25.5913243], [92.6843264, 25.5903134], [92.6822194, 25.5881244], [92.6814023, 25.5871044], [92.6807927, 25.5863012], [92.6804258, 25.5858179], [92.6799176, 25.58501], [92.6788114, 25.5830688], [92.678612, 25.5824324], [92.6785688, 25.5818417], [92.6785469, 25.5815429], [92.6785754, 25.5814094], [92.6786979, 25.5808348], [92.6787058, 25.5807978], [92.6787813, 25.5806552], [92.6787941, 25.5806311], [92.6788373, 25.5805495], [92.6788899, 25.5804501], [92.6792134, 25.5801926], [92.6793513, 25.580159], [92.6794327, 25.5801392], [92.6796962, 25.580075], [92.6805226, 25.5800386], [92.6817522, 25.5798935], [92.6820205, 25.5797857], [92.6823594, 25.5796496], [92.6823594, 25.5796495], [92.6828671, 25.5792655], [92.682939, 25.5791423], [92.6831705, 25.5787461], [92.6831785, 25.5787082], [92.6832946, 25.5781545], [92.6832898, 25.5780681], [92.6832596, 25.5775225], [92.6831053, 25.5772586], [92.6829905, 25.577062], [92.6826816, 25.5766829], [92.6819345, 25.5760917], [92.6813072, 25.5758121], [92.6811225, 25.5757688], [92.6807296, 25.5756769], [92.6799131, 25.5755688], [92.6791912, 25.5754968], [92.6789446, 25.5754728], [92.6783464, 25.5754144], [92.678086, 25.5753889], [92.6769358, 25.5751003], [92.6753326, 25.5745636], [92.6745908, 25.5743201], [92.6745908, 25.57432], [92.6732466, 25.5741355], [92.6729753, 25.5741033], [92.6721065, 25.5740004], [92.6703901, 25.5738506], [92.6700952, 25.5738249], [92.669657, 25.5737709], [92.6680439, 25.5732476], [92.6660795, 25.5727888], [92.6658235, 25.572729], [92.6658235, 25.572729], [92.6650369, 25.5726344], [92.6646536, 25.5726164], [92.6638613, 25.5726064], [92.6632647, 25.5725988], [92.6615253, 25.5725165], [92.6612575, 25.5725024], [92.6608793, 25.5725837], [92.6598393, 25.5727419], [92.6591328, 25.573031], [92.6586701, 25.5734508], [92.658307, 25.5740647], [92.6583072, 25.574814], [92.6585, 25.5760203], [92.6585366, 25.5762492], [92.6587261, 25.5776799], [92.6586516, 25.5781268], [92.6585183, 25.5783939], [92.6581044, 25.5792237], [92.6577414, 25.5803521], [92.6574232, 25.581327], [92.6569358, 25.5821441], [92.6559805, 25.5833404], [92.6556324, 25.5844553], [92.6554337, 25.5855792], [92.6552745, 25.5859583], [92.6547968, 25.5863918], [92.654563, 25.5868115], [92.6545482, 25.5875608], [92.6543792, 25.5883551], [92.6540013, 25.5893663], [92.6533794, 25.5906121], [92.6529913, 25.5909281], [92.6522548, 25.5913977], [92.6509459, 25.5919892], [92.6500501, 25.5921879], [92.6494677, 25.5922015], [92.64898, 25.5920933], [92.6478799, 25.5916512], [92.6462871, 25.5907171], [92.6448835, 25.5899681], [92.6426635, 25.5889935], [92.6417079, 25.5885107], [92.6413047, 25.5881135], [92.6409114, 25.5874049], [92.6404485, 25.5867912], [92.6402517, 25.5866312], [92.6396272, 25.5861233], [92.6382388, 25.5851763], [92.6379797, 25.5849996], [92.6365761, 25.5838217], [92.6354463, 25.5827024], [92.6343066, 25.5812988], [92.6336844, 25.5803872], [92.6329776, 25.5792995], [92.6325695, 25.57846], [92.6322137, 25.5772978], [92.6321812, 25.5771917], [92.6313997, 25.5749531], [92.6301705, 25.5716674], [92.6297076, 25.571338], [92.6292896, 25.5711303], [92.6283889, 25.5706836], [92.6267367, 25.56965], [92.626055, 25.5690722], [92.6254479, 25.5683501], [92.6248409, 25.5676686], [92.6235719, 25.5665447], [92.6232406, 25.566201], [92.6227757, 25.5657188], [92.6220492, 25.5651546], [92.6216164, 25.5650101], [92.620233, 25.5648025], [92.6192776, 25.5646987], [92.6183372, 25.5643285], [92.6160135, 25.5636649], [92.6142968, 25.5632677], [92.6120826, 25.562771], [92.6098583, 25.5624142], [92.608067, 25.5622335], [92.6065195, 25.5621791], [92.6051462, 25.562179], [92.6046755, 25.5622117], [92.6041759, 25.5622465], [92.6032852, 25.5622826], [92.6024593, 25.5622192], [92.6019269, 25.5619302], [92.6016185, 25.561533], [92.6014643, 25.5609553], [92.6013301, 25.5602466], [92.6013003, 25.559678], [92.6013264, 25.5593821], [92.6013437, 25.5591849], [92.6013452, 25.559168], [92.6014897, 25.5584187], [92.6015495, 25.5576695], [92.6014103, 25.5572272], [92.6009476, 25.5567938], [92.6006906, 25.5565182], [92.6005099, 25.5563243], [92.6002512, 25.5556924], [92.6001418, 25.5554304], [92.5999777, 25.5550379], [92.5996594, 25.5546723], [92.5991519, 25.5545368], [92.5985448, 25.5544734], [92.5979976, 25.5541981], [92.5977538, 25.5539408], [92.5975401, 25.5533495], [92.5972913, 25.5531012], [92.5968585, 25.5529837], [92.5962366, 25.5529295], [92.5959032, 25.5527082], [92.595585, 25.5522613], [92.5952965, 25.5518415], [92.5948189, 25.5515932], [92.5943114, 25.5515931], [92.5934605, 25.5518006], [92.5925847, 25.5520621], [92.5918755, 25.5523149], [92.591699, 25.5523778], [92.5907736, 25.5525491], [92.5899626, 25.5526032], [92.5891267, 25.5525082], [92.5883008, 25.5523274], [92.5866293, 25.551501], [92.5863747, 25.5513405], [92.5857339, 25.5509366], [92.5850375, 25.5504896], [92.5844803, 25.5503585], [92.5840722, 25.5504532], [92.5838731, 25.5507555], [92.5839376, 25.5513017], [92.5840717, 25.5520871], [92.5840417, 25.5526241], [92.583937, 25.553098], [92.583708, 25.5536171], [92.5833596, 25.5542353], [92.5827069, 25.5564376], [92.5825774, 25.5570786], [92.5824628, 25.5574712], [92.5823582, 25.5576291], [92.5820697, 25.5576787], [92.5815074, 25.557692], [92.5807412, 25.5575339], [92.5800048, 25.5574434], [92.5791788, 25.5574431], [92.5784573, 25.5575467], [92.5776212, 25.5579346], [92.5776155, 25.5579371], [92.5767802, 25.5582909], [92.575984, 25.5585118], [92.5754218, 25.5585116], [92.5750039, 25.5583535], [92.5744408, 25.5578654], [92.5743423, 25.5577801], [92.5736758, 25.5573105], [92.573228, 25.5572065], [92.5728797, 25.5572289], [92.5724915, 25.5573506], [92.5719988, 25.5576619], [92.5714762, 25.5581221], [92.571208, 25.5584519], [92.5709883, 25.5587222], [92.5704854, 25.5594035], [92.5701818, 25.5597465], [92.5697886, 25.559981], [92.5691466, 25.5601388], [92.5683504, 25.560319], [92.5676685, 25.5605805], [92.5673201, 25.5609369], [92.5666578, 25.5619928], [92.5661797, 25.5627283], [92.5654279, 25.5636849], [92.5648381, 25.564737], [92.5647905, 25.564822], [92.5642726, 25.5655169], [92.5636055, 25.5661846], [92.5614201, 25.5679304], [92.5602254, 25.5686565], [92.5588069, 25.5692336], [92.5578811, 25.5697567], [92.5570844, 25.5705056], [92.5567259, 25.5709613], [92.556651, 25.5713269], [92.5567652, 25.5717873], [92.556954, 25.5723922], [92.5571277, 25.5732814], [92.5571869, 25.5741435], [92.5571417, 25.5749153], [92.5569574, 25.5753078], [92.5564343, 25.5760614], [92.5562201, 25.5766525], [92.5563044, 25.5770226], [92.5566375, 25.5776005], [92.5573886, 25.5783592], [92.5580203, 25.5789056], [92.5586719, 25.5795242], [92.5587862, 25.5798131], [92.5587711, 25.5801246], [92.5583278, 25.5807833], [92.5576754, 25.5815819], [92.5568788, 25.5823533], [92.5558978, 25.5832149], [92.555345, 25.5839639], [92.5549415, 25.584573], [92.5546075, 25.5854936], [92.5544776, 25.5863872], [92.5543172, 25.5882964], [92.5543763, 25.5894292], [92.5544605, 25.5901153], [92.5547239, 25.590797], [92.5550222, 25.591253], [92.5551962, 25.5917631], [92.5553701, 25.5923047], [92.5554442, 25.5930224], [92.5554042, 25.5936137], [92.5552795, 25.5940199], [92.5550255, 25.5943086], [92.5546869, 25.5944799], [92.5546718, 25.5948184], [92.5546714, 25.5953284], [92.554751, 25.5955542], [92.5549274, 25.5956733], [92.554965, 25.5956987], [92.5553432, 25.5957485], [92.5558061, 25.5957713], [92.556244, 25.5958934], [92.5563933, 25.5960018], [92.5565325, 25.5961372], [92.5565872, 25.5962907], [92.5565871, 25.5964757], [92.5565422, 25.5966473], [92.5564226, 25.5968593], [92.5561688, 25.5969991], [92.5544065, 25.5973593], [92.5540382, 25.5971922], [92.5537895, 25.5971469], [92.5535655, 25.5971649], [92.5534261, 25.5972641], [92.5533164, 25.5973904], [92.5532766, 25.5975619], [92.5532815, 25.5976973], [92.5534456, 25.5978328], [92.5539131, 25.5985507], [92.5543108, 25.5993226], [92.5543853, 25.5995709], [92.5543255, 25.5998056], [92.5540864, 25.6000446], [92.5536184, 25.6002295], [92.5530111, 25.6004278], [92.5527421, 25.6006398], [92.5526126, 25.600888], [92.5524779, 25.6013393], [92.5522584, 25.6021741], [92.5521736, 25.6025442], [92.5521883, 25.6027563], [92.5523128, 25.6028692], [92.5525466, 25.602919], [92.5527508, 25.6029236], [92.5530743, 25.6028651], [92.5534278, 25.6026937], [92.5538262, 25.6023916], [92.5548321, 25.6016292], [92.5551208, 25.601494], [92.5552602, 25.6015166], [92.5553946, 25.6015979], [92.555484, 25.601783], [92.5555237, 25.6021667], [92.555662, 25.6039405], [92.5554819, 25.605642], [92.5556307, 25.6082331], [92.5556385, 25.6102818], [92.5557628, 25.6105573], [92.555927, 25.6107198], [92.5562803, 25.610896], [92.5565937, 25.6110947], [92.5567181, 25.6112844], [92.556733, 25.6114107], [92.5566931, 25.6115552], [92.5566085, 25.6116183], [92.5564491, 25.6116589], [92.5562002, 25.6116723], [92.5554882, 25.6119924], [92.5544872, 25.6127502], [92.5542078, 25.6137746], [92.5543221, 25.6141357], [92.5543468, 25.6145238], [92.5541674, 25.6148036], [92.5540279, 25.6148938], [92.5537541, 25.6149434], [92.5534404, 25.6149702], [92.5531119, 25.614952], [92.552664, 25.6148932], [92.552221, 25.6147124], [92.5514695, 25.6143058], [92.5502254, 25.6137681], [92.5496779, 25.6135647], [92.5494092, 25.6134969], [92.5488964, 25.6134154], [92.5482792, 25.613415], [92.5474181, 25.613374], [92.5455713, 25.6132015], [92.5444614, 25.6129752], [92.5439686, 25.6128892], [92.5432916, 25.6128798], [92.5425563, 25.6125133], [92.54262, 25.6122746], [92.5425753, 25.6121076], [92.5423961, 25.6120037], [92.5421374, 25.6119359], [92.541774, 25.611904], [92.5413508, 25.6119941], [92.5407883, 25.6119802], [92.5402855, 25.6119167], [92.5396536, 25.6116275], [92.5392205, 25.6115821], [92.5387127, 25.6116179], [92.5383443, 25.6117441], [92.5382048, 25.6118659], [92.5381599, 25.6119967], [92.5381449, 25.6121322], [92.5381448, 25.612254], [92.5383338, 25.6124888], [92.5385874, 25.6127869], [92.5389805, 25.613094], [92.539055, 25.6132881], [92.5390798, 25.6134235], [92.5388607, 25.6135769], [92.5384625, 25.6136263], [92.5378154, 25.6135131], [92.536805, 25.6132642], [92.5364566, 25.6131647], [92.5361181, 25.6131103], [92.5358493, 25.6131463], [92.5355655, 25.6132499], [92.5352019, 25.6135837], [92.5344894, 25.6143325], [92.5339216, 25.6148286], [92.5337733, 25.6148609], [92.5333838, 25.6149456], [92.5329856, 25.614968], [92.5326919, 25.6149091], [92.532453, 25.6148052], [92.5318907, 25.6145926], [92.5312735, 25.6144659], [92.5307259, 25.6144475], [92.5303227, 25.6145149], [92.5300637, 25.6146186], [92.5292022, 25.614961], [92.5282113, 25.6153079], [92.5273599, 25.6154518], [92.5265224, 25.6154641], [92.5261801, 25.6154691], [92.525533, 25.6153918], [92.5238902, 25.6153907], [92.5229544, 25.6153991], [92.5213116, 25.615425], [92.5200223, 25.6154287], [92.5194549, 25.6152748], [92.5187232, 25.6150892], [92.5177974, 25.6149757], [92.5170905, 25.6149887], [92.5166226, 25.6150065], [92.5164284, 25.615056], [92.5162591, 25.6151957], [92.5161992, 25.6152905], [92.5161643, 25.6153988], [92.516184, 25.6155477], [92.5162237, 25.6157599], [92.5162731, 25.6160578], [92.5163078, 25.6163648], [92.5162927, 25.6165543], [92.5161232, 25.6167708], [92.5158193, 25.6170278], [92.5154001, 25.6181378], [92.5152805, 25.6182912], [92.5150714, 25.6183407], [92.5148623, 25.6183225], [92.5146682, 25.6182366], [92.5135684, 25.6178251], [92.5128665, 25.6178155], [92.5126077, 25.6177521], [92.5123091, 25.6176029], [92.512155, 25.6174268], [92.5117562, 25.616859], [92.5116032, 25.6166411], [92.5111904, 25.6161759], [92.5107077, 25.6159363], [92.5101354, 25.6157553], [92.5094835, 25.6155923], [92.5087119, 25.6155239], [92.508643, 25.6155325], [92.5079204, 25.6156226], [92.5072432, 25.6157529], [92.5058937, 25.6162123], [92.5056297, 25.6163114], [92.5055499, 25.616406], [92.5056045, 25.6165731], [92.5056691, 25.6167221], [92.5057834, 25.6168756], [92.5059177, 25.6170608], [92.5059727, 25.6172136], [92.506012, 25.6173226], [92.5060266, 25.6176341], [92.5060409, 25.6182615], [92.5060356, 25.6186767], [92.506187, 25.6192058], [92.5061893, 25.6192139], [92.5065025, 25.61967], [92.5065617, 25.6202613], [92.5064666, 25.6207983], [92.5062472, 25.6212043], [92.5060876, 25.6214028], [92.5055945, 25.6217319], [92.5048473, 25.6221827], [92.5037864, 25.6227188], [92.502915, 25.6228626], [92.5021783, 25.6227446], [92.5015212, 25.6226628], [92.5008691, 25.6226623], [92.500147, 25.6228648], [92.4975321, 25.624036], [92.4971993, 25.6243872], [92.4966304, 25.6259269], [92.4955521, 25.6278731], [92.4943247, 25.6302391], [92.493172, 25.6325103], [92.4905525, 25.6369987], [92.4900308, 25.6381646], [92.4895786, 25.639175], [92.4881273, 25.641839], [92.4867207, 25.6445437], [92.48667, 25.6446429], [92.4852992, 25.6473295], [92.4839223, 25.6498715], [92.482575, 25.6523729], [92.4811384, 25.6552401], [92.4796569, 25.6578905], [92.4783988, 25.6600668], [92.4773199, 25.6621889], [92.476241, 25.664162], [92.4752665, 25.6660132], [92.4741726, 25.6681081], [92.4730039, 25.6702573], [92.4720135, 25.6721113], [92.4717906, 25.6725284], [92.4703335, 25.6751516], [92.4701493, 25.67526], [92.4697308, 25.6752919], [92.4693723, 25.6752741], [92.4689588, 25.6752157], [92.46865, 25.6751842], [92.4683761, 25.6752296], [92.468172, 25.6753561], [92.4679679, 25.6755233], [92.4674504, 25.6761313], [92.4646033, 25.6785222], [92.4633339, 25.6794211], [92.4631796, 25.6796108], [92.4631598, 25.6797192], [92.4631948, 25.6799177], [92.4634193, 25.6803554], [92.4634344, 25.6805856], [92.4633996, 25.6808202], [92.4633635, 25.6808701], [92.4632654, 25.6810054], [92.4570066, 25.6841007], [92.4558314, 25.6846204], [92.4553186, 25.6849186], [92.4543625, 25.6852306], [92.4530079, 25.6855563], [92.4526093, 25.6855068], [92.4518371, 25.6851958], [92.4513439, 25.6851194], [92.4508608, 25.6851647], [92.450313, 25.6852914], [92.449835, 25.6856798], [92.4498018, 25.6857107], [92.4491182, 25.6863481], [92.4482968, 25.6872332], [92.4479383, 25.6874501], [92.4473905, 25.687667], [92.4469623, 25.6877935], [92.442321, 25.6897681], [92.442077, 25.6899577], [92.4414447, 25.6904546], [92.4410415, 25.6909963], [92.4406483, 25.6916013], [92.4403747, 25.6921295], [92.4402902, 25.6924726], [92.440186, 25.6931541], [92.4385357, 25.6997714], [92.4386207, 25.7004078], [92.4385912, 25.7011029], [92.4383075, 25.7015589], [92.4380537, 25.7020239], [92.4379493, 25.7024572], [92.437915, 25.7035765], [92.4378909, 25.7050569], [92.4378912, 25.7058016], [92.4381307, 25.7062799], [92.4389879, 25.7069159], [92.4399447, 25.7075022], [92.4402688, 25.7079083], [92.4403636, 25.7082422], [92.4410811, 25.7083051], [92.4422118, 25.7080428], [92.4429439, 25.7075776], [92.4433224, 25.7074195], [92.4439899, 25.7073605], [92.4443985, 25.7074189], [92.4462321, 25.7077972], [92.4467304, 25.7081083], [92.447533, 25.708794], [92.4476975, 25.709006], [92.4477477, 25.7094889], [92.4476635, 25.7103961], [92.4475094, 25.7109062], [92.4469368, 25.7115474], [92.4466032, 25.7119132], [92.446439, 25.712175], [92.4463495, 25.712482], [92.44632, 25.7131094], [92.4461558, 25.7135652], [92.4458325, 25.7143372], [92.4457828, 25.714599], [92.4458077, 25.7147119], [92.4460024, 25.7151225], [92.4460523, 25.715497], [92.4460227, 25.7157453], [92.4456245, 25.7164631], [92.4454801, 25.7165715], [92.4451662, 25.7166845], [92.4450102, 25.7167776], [92.444977, 25.7167974], [92.4448425, 25.716996], [92.444753, 25.7171676], [92.4447332, 25.7173707], [92.4447983, 25.7180206], [92.4447736, 25.7182824], [92.4444155, 25.7194244], [92.4442911, 25.7196953], [92.4441367, 25.7198398], [92.4435988, 25.7200567], [92.4425327, 25.720319], [92.4422537, 25.7204094], [92.4421093, 25.7205268], [92.441955, 25.7207209], [92.4417409, 25.7211227], [92.4412829, 25.7219083], [92.4410688, 25.7221476], [92.4407351, 25.7224411], [92.4404163, 25.7225902], [92.4400726, 25.7226309], [92.4397139, 25.7226221], [92.4394248, 25.7226448], [92.439106, 25.7227532], [92.4387275, 25.7229926], [92.4379904, 25.7235255], [92.4374375, 25.7239997], [92.4352372, 25.725345], [92.4335473, 25.7264476], [92.4329397, 25.7269578], [92.4323221, 25.7276215], [92.4316599, 25.7284973], [92.4315056, 25.7287411], [92.4314608, 25.7289894], [92.431471, 25.7294136], [92.4315502, 25.7297755], [92.4315609, 25.7298243], [92.4318651, 25.7303658], [92.43198, 25.7311376], [92.4319105, 25.7315393], [92.4317661, 25.7317695], [92.431532, 25.7319907], [92.4311783, 25.7321759], [92.4307398, 25.7322619], [92.430416, 25.732289], [92.4297283, 25.7322532], [92.4280789, 25.7321229], [92.4271819, 25.7320421], [92.4260407, 25.7318258], [92.4249743, 25.7314876], [92.4238031, 25.7311135], [92.4232648, 25.7309106], [92.4228661, 25.7306128], [92.4226567, 25.7304188], [92.4223576, 25.7300984], [92.4220536, 25.7298954], [92.4216401, 25.7298956], [92.4214308, 25.7299949], [92.4212315, 25.7301665], [92.4209975, 25.7305186], [92.4208331, 25.7307082], [92.4207085, 25.7307579], [92.420589, 25.730776], [92.4203747, 25.7306858], [92.4203121, 25.7306291], [92.4202202, 25.7305459], [92.4198563, 25.7302663], [92.4192383, 25.7299866], [92.4185357, 25.7297972], [92.4180174, 25.7297206], [92.4150077, 25.7296087], [92.4138418, 25.7296181], [92.4128552, 25.729659], [92.4122872, 25.7297674], [92.4116494, 25.7300338], [92.4110616, 25.7305801], [92.4095325, 25.7323362], [92.4092385, 25.7327064], [92.409144, 25.7331893], [92.4091193, 25.7337535], [92.4093038, 25.7343673], [92.4094933, 25.7348095], [92.4097376, 25.7352789], [92.4101563, 25.7357211], [92.4110336, 25.7365829], [92.4112529, 25.7369033], [92.4113827, 25.7373997], [92.4115722, 25.7378239], [92.4119361, 25.7381849], [92.412888, 25.7387037], [92.4141291, 25.7395158], [92.4145777, 25.7399579], [92.4146477, 25.7404228], [92.4143241, 25.7414609], [92.4141548, 25.7417092], [92.4138359, 25.7419441], [92.4135369, 25.7420253], [92.4129389, 25.7420616], [92.4122313, 25.7420257], [92.411384, 25.7417777], [92.4106216, 25.7416966], [92.4100186, 25.7417464], [92.4087877, 25.7418189], [92.4080801, 25.7418056], [92.4075767, 25.7418147], [92.4071781, 25.7418689], [92.4070087, 25.7419774], [92.406934, 25.7420992], [92.4069689, 25.7422616], [92.4070886, 25.7424602], [92.4073577, 25.7427129], [92.4079609, 25.7431415], [92.4080555, 25.7433311], [92.4080258, 25.743489], [92.4078713, 25.7436832], [92.4075275, 25.7440037], [92.4066207, 25.7445997], [92.406217, 25.7446719], [92.4058283, 25.7446585], [92.4054944, 25.7445593], [92.4039595, 25.7442166], [92.4036056, 25.7441264], [92.403172, 25.7439008], [92.4028629, 25.7436707], [92.4023744, 25.7432014], [92.4017464, 25.742529], [92.4014225, 25.7422809], [92.4004955, 25.7417845], [92.3989255, 25.7408867], [92.3982328, 25.7405798], [92.3976646, 25.7404536], [92.3968424, 25.7404401], [92.39607, 25.7405396], [92.3951731, 25.7407428], [92.393992, 25.741104], [92.3930303, 25.7415555], [92.391934, 25.7422055], [92.3898213, 25.7435238], [92.3888347, 25.7439797], [92.3883213, 25.744079], [92.387838, 25.7441513], [92.3873496, 25.7441106], [92.3865971, 25.7439302], [92.3847032, 25.7425583], [92.3844328, 25.7423415], [92.3840504, 25.7420348], [92.3836916, 25.7419446], [92.3832929, 25.7418859], [92.3825554, 25.7418634], [92.3820869, 25.7419221], [92.381778, 25.742044], [92.3815339, 25.742387], [92.3814741, 25.7428473], [92.3815439, 25.7434611], [92.3820474, 25.7463226], [92.3825258, 25.7473065], [92.3829644, 25.748006], [92.3835625, 25.7487101], [92.384654, 25.7497345], [92.3854342, 25.750508], [92.3855124, 25.751576], [92.3854793, 25.7523278], [92.3853798, 25.7528691], [92.3851475, 25.7535606], [92.384318, 25.7544628], [92.3840194, 25.754523], [92.3837871, 25.7544027], [92.3836543, 25.7539818], [92.3835547, 25.7535307], [92.3834884, 25.7530195], [92.3830901, 25.7524783], [92.382725, 25.7520272], [92.3815967, 25.7514259], [92.3812951, 25.7505155], [92.3810559, 25.7502312], [92.3806671, 25.7498701], [92.3801089, 25.7494549], [92.3786935, 25.7483944], [92.3784643, 25.7483357], [92.3782849, 25.7483673], [92.3781105, 25.748444], [92.3778463, 25.748629], [92.3774725, 25.7490308], [92.3771985, 25.7493512], [92.3761868, 25.7500238], [92.375828, 25.7501546], [92.3751651, 25.7503261], [92.3745521, 25.7503984], [92.3741036, 25.7504344], [92.3737597, 25.7504073], [92.3735205, 25.7503622], [92.3733261, 25.7502901], [92.3730571, 25.7501682], [92.3726982, 25.7498793], [92.3724091, 25.7495182], [92.3719208, 25.7487555], [92.3715021, 25.7481823], [92.3709391, 25.7476542], [92.370635, 25.7474015], [92.3704357, 25.7473022], [92.3702263, 25.747266], [92.3700221, 25.7472525], [92.3697579, 25.7472886], [92.3692646, 25.7473518], [92.3690802, 25.7473382], [92.3689406, 25.7472885], [92.3688111, 25.7471667], [92.3686018, 25.7468823], [92.368507, 25.7466882], [92.368233, 25.74593], [92.367959, 25.7453297], [92.3674458, 25.7445625], [92.3671368, 25.7441066], [92.3665737, 25.7430278], [92.366205, 25.7421884], [92.3658113, 25.7414346], [92.3655323, 25.740911], [92.3651338, 25.7403107], [92.3650441, 25.7398188], [92.3649644, 25.7390741], [92.3648648, 25.7381669], [92.3646405, 25.7377607], [92.3642669, 25.7373545], [92.3638383, 25.7371332], [92.3620943, 25.736596], [92.3617903, 25.7365554], [92.3613618, 25.7365779], [92.3609333, 25.7366546], [92.3602605, 25.7368261], [92.3596177, 25.7371149], [92.3584266, 25.7376653], [92.3576741, 25.7380173], [92.3566923, 25.7385723], [92.3553019, 25.7393078], [92.3548085, 25.739565], [92.3541307, 25.7397274], [92.3536523, 25.7398041], [92.3533632, 25.7397905], [92.3532437, 25.7397543], [92.353174, 25.7396686], [92.3531192, 25.7395287], [92.3531192, 25.7393346], [92.3531292, 25.7388516], [92.3530397, 25.7383417], [92.3528753, 25.7379806], [92.3522076, 25.7370732], [92.3499707, 25.7347441], [92.3487451, 25.7335432], [92.3482121, 25.7329519], [92.3474251, 25.7318279], [92.3470913, 25.7311914], [92.3469291, 25.7308455], [92.3465683, 25.7300766], [92.3463592, 25.72972], [92.3458311, 25.7291828], [92.3450041, 25.7287359], [92.3444261, 25.728492], [92.3438532, 25.728361], [92.3423734, 25.7279635], [92.3414517, 25.7276519], [92.3413413, 25.7276131], [92.3399072, 25.7271099], [92.3390154, 25.7267441], [92.3376951, 25.7261435], [92.337192, 25.7260486], [92.3364495, 25.7259491], [92.3359513, 25.7257369], [92.3353635, 25.7253756], [92.3347806, 25.7249331], [92.3341496, 25.724446], [92.3341082, 25.724414], [92.3335104, 25.7241159], [92.3329175, 25.7239984], [92.3319459, 25.7238672], [92.3312433, 25.723867], [92.3307251, 25.7239526], [92.3298929, 25.7243857], [92.329245, 25.7246969], [92.3290308, 25.72476], [92.3286222, 25.7248276], [92.3279047, 25.7248138], [92.3267387, 25.7246825], [92.3259117, 25.7246326], [92.3247108, 25.7246954], [92.3241577, 25.7247223], [92.3235349, 25.7246363], [92.3207601, 25.7235701], [92.319714, 25.7230597], [92.3188746, 25.7226342], [92.3187875, 25.72259], [92.3179804, 25.722328], [92.3178907, 25.7223054], [92.316949, 25.7224223], [92.3160022, 25.7226296], [92.3153444, 25.7229271], [92.3150104, 25.7231346], [92.3147362, 25.7234595], [92.3138786, 25.7246506], [92.31341, 25.7250476], [92.3131955, 25.7254357], [92.3129661, 25.7260133], [92.3126168, 25.7269158], [92.3122379, 25.727525], [92.3118989, 25.7278137], [92.3116048, 25.7279039], [92.3113408, 25.7278947], [92.3108575, 25.7277501], [92.3088052, 25.7266208], [92.3072262, 25.7256678], [92.306494, 25.7252613], [92.3059461, 25.7248367], [92.3054034, 25.724331], [92.3048508, 25.7234912], [92.3045004, 25.7228296], [92.3044874, 25.7228051], [92.304129, 25.7222948], [92.3021269, 25.7208631], [92.3018429, 25.7207186], [92.3013547, 25.720619], [92.3008017, 25.72056], [92.2998601, 25.720519], [92.2987141, 25.7204507], [92.2979918, 25.7202969], [92.2971499, 25.7199759], [92.2968212, 25.7197907], [92.2963881, 25.7192534], [92.2960048, 25.7187883], [92.295233, 25.7181019], [92.293739, 25.7169682], [92.293012, 25.7164533], [92.2926533, 25.7163312], [92.2920853, 25.7162813], [92.291333, 25.7163531], [92.2906403, 25.7165467], [92.2894942, 25.7167221], [92.2885476, 25.7167802], [92.2877156, 25.7166082], [92.2866298, 25.7162645], [92.2860867, 25.7161784], [92.285444, 25.71616], [92.2847216, 25.7162498], [92.2837898, 25.7164118], [92.2826187, 25.7166276], [92.281712, 25.7166316], [92.2814281, 25.7165231], [92.2810098, 25.7162385], [92.2805119, 25.7157282], [92.2802481, 25.7155384], [92.2799691, 25.715457], [92.2795257, 25.7154161], [92.2791121, 25.7155016], [92.2786337, 25.7156186], [92.2780956, 25.7156318], [92.2775277, 25.7155592], [92.2771542, 25.7154686], [92.276676, 25.715202], [92.2759291, 25.7146826], [92.274545, 25.7134946], [92.2732904, 25.7125008], [92.2712787, 25.7112627], [92.270442, 25.7108875], [92.269162, 25.7104803], [92.2683152, 25.7102496], [92.2667961, 25.7098333], [92.2658806, 25.7093915], [92.26585, 25.7093767], [92.2650581, 25.7091459], [92.2643706, 25.7090912], [92.2639071, 25.7091405], [92.2635633, 25.7092486], [92.2635585, 25.7092518], [92.2631396, 25.7095326], [92.2620329, 25.7102178], [92.2609265, 25.7106412], [92.2599598, 25.7109157], [92.2581557, 25.7114108], [92.2568152, 25.7118204], [92.2556139, 25.7123611], [92.2548514, 25.7125951], [92.2543333, 25.7126533], [92.25383, 25.7126755], [92.253287, 25.7126254], [92.2529931, 25.7125213], [92.2526795, 25.7122819], [92.2522417, 25.7116857], [92.2518388, 25.7110897], [92.2515998, 25.7108864], [92.2514655, 25.710805], [92.2513061, 25.7107823], [92.2511366, 25.7108183], [92.2508375, 25.7110302], [92.2504785, 25.7112961], [92.2498551, 25.7118192], [92.249212, 25.712288], [92.2483745, 25.7128289], [92.247871, 25.7130587], [92.2476218, 25.7131306], [92.2473428, 25.7131394], [92.2469491, 25.713059], [92.2466093, 25.7128866], [92.2462652, 25.712589], [92.2459211, 25.7121832], [92.2454923, 25.7119037], [92.2449889, 25.711701], [92.2441119, 25.7114671], [92.2432696, 25.7112511], [92.2423727, 25.7110938], [92.2414062, 25.7110494], [92.2405791, 25.7110186], [92.2395278, 25.7108614], [92.2387553, 25.7105957], [92.238202, 25.7103163], [92.2376187, 25.7099106], [92.2371151, 25.7094597], [92.2366263, 25.7088101], [92.2361276, 25.7082644], [92.2355593, 25.7078901], [92.2351106, 25.7076423], [92.234453, 25.7075796], [92.2338703, 25.7078012], [92.233248, 25.7082214], [92.2328549, 25.7088626], [92.2326664, 25.7097067], [92.2326473, 25.7105327], [92.232648, 25.7114083], [92.2327036, 25.7122523], [92.2325998, 25.7132046], [92.2324563, 25.7142879], [92.2323025, 25.714956], [92.2320289, 25.7154888], [92.2316806, 25.7159404], [92.2312324, 25.7162883], [92.2306847, 25.7165685], [92.230082, 25.7167405], [92.2295987, 25.7167543], [92.2287017, 25.7166782], [92.2280141, 25.716602], [92.2273066, 25.7165212], [92.2266189, 25.7163999], [92.2256373, 25.716211], [92.2250343, 25.7160896], [92.2244662, 25.7158688], [92.2234393, 25.7152693], [92.2225919, 25.7146605], [92.2216795, 25.7138623], [92.2211309, 25.7132713], [92.220612, 25.7123961], [92.2203176, 25.7118051], [92.2195338, 25.7096572], [92.2192939, 25.7087547], [92.2189846, 25.7081275], [92.2185058, 25.7075411], [92.2181119, 25.70709], [92.2177328, 25.7065757], [92.2174036, 25.7059802], [92.2171091, 25.7053259], [92.2168547, 25.7048116], [92.2163112, 25.7042117], [92.215743, 25.7038058], [92.2150501, 25.7033369], [92.2142078, 25.7027281], [92.2132059, 25.7019163], [92.2126375, 25.7012621], [92.2120541, 25.7006713], [92.2112666, 25.700085], [92.2105789, 25.6996792], [92.2098562, 25.6991651], [92.2093876, 25.6986193], [92.2088739, 25.6978072], [92.2085593, 25.6968235], [92.2084145, 25.6962684], [92.2083444, 25.6958622], [92.2080852, 25.695569], [92.2075868, 25.6952714], [92.2064857, 25.6948162], [92.2044378, 25.6940094], [92.2032968, 25.6935722], [92.2023153, 25.6932432], [92.2018768, 25.6930494], [92.2013983, 25.6927203], [92.2008103, 25.6922692], [92.1995342, 25.6908616], [92.1981333, 25.6889803], [92.1977195, 25.688326], [92.1975447, 25.6876401], [92.1973401, 25.6870761], [92.197066, 25.6867467], [92.1966174, 25.686422], [92.1962288, 25.6862101], [92.1956261, 25.6861336], [92.1947992, 25.6860889], [92.1938677, 25.6859765], [92.1929212, 25.6858054], [92.1919199, 25.6855442], [92.1910281, 25.6852918], [92.1902708, 25.6850755], [92.1891998, 25.6847465], [92.1882981, 25.6844129], [92.187745, 25.6840836], [92.1871072, 25.683601], [92.1865739, 25.6830551], [92.1859908, 25.6823964], [92.1854726, 25.6819317], [92.1848896, 25.6814626], [92.1843017, 25.6810251], [92.1837336, 25.680619], [92.1826724, 25.6800824], [92.18195, 25.6796449], [92.1799669, 25.678066], [92.1794837, 25.6776013], [92.1790699, 25.6769741], [92.1785247, 25.675842], [92.1783421, 25.6754353], [92.1781328, 25.6750788], [92.1778237, 25.6745915], [92.17748, 25.6743117], [92.1771661, 25.6741268], [92.1768423, 25.6740322], [92.176155, 25.674046], [92.1756022, 25.6740642], [92.1746908, 25.6742993], [92.1739487, 25.6743446], [92.1734306, 25.6741417], [92.1729821, 25.6735326], [92.172708, 25.6728601], [92.1721145, 25.6708067], [92.1717005, 25.66934], [92.171521, 25.668785], [92.1712818, 25.6682569], [92.1710027, 25.6678644], [92.1706241, 25.6674582], [92.1701957, 25.667129], [92.1696427, 25.6668674], [92.16904, 25.6665832], [92.1681136, 25.6663668], [92.1670428, 25.6663355], [92.1659621, 25.6663359], [92.1648567, 25.666634], [92.1638408, 25.6670089], [92.162596, 25.6676863], [92.1615453, 25.6683139], [92.1607039, 25.6688422], [92.1598922, 25.6694517], [92.158981, 25.6701425], [92.1581904, 25.6707523], [92.1571337, 25.6714472], [92.156337, 25.6720567], [92.1561582, 25.6721999], [92.1566709, 25.6730225], [92.1573336, 25.674101], [92.1580859, 25.6747689], [92.1587384, 25.6751749], [92.1592665, 25.6756081], [92.1596004, 25.6762399], [92.159775, 25.677445], [92.1599498, 25.6790472], [92.1600151, 25.6807351], [92.1603095, 25.68273], [92.1605341, 25.6841155], [92.1601656, 25.6844676], [92.1596876, 25.6850771], [92.159125, 25.6858309], [92.1583284, 25.6870949], [92.1577559, 25.6880654], [92.157263, 25.6888463], [92.1567998, 25.6894557], [92.1564464, 25.6902095], [92.1561477, 25.6910401], [92.1559786, 25.691672], [92.1560137, 25.6926333], [92.1562281, 25.6935946], [92.1565173, 25.6946552], [92.1568164, 25.6953592], [92.1568364, 25.6958241], [92.1566921, 25.6961581], [92.1563932, 25.6964651], [92.1559351, 25.6969301], [92.1555865, 25.6970972], [92.1546452, 25.6978827], [92.1545507, 25.6984559], [92.154511, 25.6990065], [92.1544961, 25.699512], [92.1545261, 25.6999498], [92.1547457, 25.7014121], [92.15499, 25.7026262], [92.155035, 25.7030097], [92.1550201, 25.7034069], [92.1548708, 25.7039396], [92.1547467, 25.7053793], [92.1547916, 25.7058713], [92.1547768, 25.7062143], [92.1546025, 25.7065348], [92.1542638, 25.7068283], [92.1531082, 25.7078891], [92.1527297, 25.7082863], [92.152406, 25.7086069], [92.1521269, 25.7086611], [92.1519825, 25.7085393], [92.1517482, 25.7082459], [92.151544, 25.7080339], [92.1512201, 25.7078218], [92.1508265, 25.7077812], [92.1501091, 25.7079303], [92.1495463, 25.7082147], [92.1487392, 25.7086526], [92.1482411, 25.7090363], [92.1477281, 25.7094607], [92.1474342, 25.7099121], [92.1472151, 25.7104312], [92.1465777, 25.7116183], [92.1461991, 25.7121374], [92.1458156, 25.7125211], [92.1453623, 25.7129047], [92.144894, 25.7133291], [92.1447495, 25.7137173], [92.1447496, 25.7141957], [92.1447, 25.7151165], [92.1446104, 25.7160958], [92.1444661, 25.7164433], [92.1442469, 25.7168135], [92.144247, 25.7171972], [92.1443616, 25.7175988], [92.1447154, 25.7179418], [92.1451589, 25.7185466], [92.1452637, 25.718894], [92.1453485, 25.7195575], [92.1454482, 25.7198598], [92.1458917, 25.7204736], [92.1462605, 25.7209114], [92.1465795, 25.721349], [92.1467739, 25.7218907], [92.1468885, 25.7222788], [92.1471229, 25.7230596], [92.1473571, 25.7236463], [92.1477658, 25.7244857], [92.1481746, 25.7252709], [92.1484786, 25.7255101], [92.1488175, 25.7255507], [92.1502375, 25.7256678], [92.1505913, 25.7256541], [92.1509848, 25.7254419], [92.1514083, 25.7251079], [92.151777, 25.7248957], [92.1523001, 25.7247647], [92.1526838, 25.7247105], [92.153212, 25.7247104], [92.1536952, 25.7247644], [92.1540441, 25.7248592], [92.1544478, 25.7250126], [92.1548215, 25.7255225], [92.155036, 25.7261092], [92.1553999, 25.7267861], [92.1558684, 25.7273592], [92.1562373, 25.7279548], [92.1564268, 25.7283791], [92.1574735, 25.7297961], [92.1577875, 25.7301976], [92.1583956, 25.7308023], [92.1588641, 25.7313889], [92.1599211, 25.7330812], [92.1603301, 25.7345569], [92.1609782, 25.7355678], [92.1615564, 25.7362311], [92.1619104, 25.7366327], [92.1620601, 25.7373909], [92.1623297, 25.7389975], [92.1624894, 25.7396249], [92.1626743, 25.7412857], [92.1627696, 25.7433799], [92.1623264, 25.7441518], [92.1615143, 25.7446756], [92.1608117, 25.7451677], [92.1604729, 25.7454115], [92.1598402, 25.7460842], [92.1590083, 25.7474067], [92.158321, 25.7485894], [92.1578725, 25.7490769], [92.1573693, 25.749551], [92.156617, 25.7502237], [92.1560336, 25.7505718], [92.1555557, 25.7511225], [92.1554861, 25.7515649], [92.1554514, 25.7522554], [92.1551176, 25.7531175], [92.1548785, 25.7534967], [92.1546407, 25.7540816], [92.1548788, 25.7546612], [92.1553975, 25.756173], [92.1555024, 25.7569583], [92.1554327, 25.7573961], [92.1551188, 25.7577437], [92.1543563, 25.7580914], [92.1537683, 25.7583714], [92.1530209, 25.7591117], [92.1529861, 25.7594547], [92.1525328, 25.7607456], [92.1523984, 25.761373], [92.1523986, 25.7618784], [92.1520149, 25.7626955], [92.1517359, 25.7631062], [92.1513571, 25.7631379], [92.1509734, 25.7631695], [92.150455, 25.7633276], [92.1502457, 25.7636075], [92.150176, 25.7638919], [92.15052, 25.7642077], [92.1509887, 25.7649162], [92.1507794, 25.7651058], [92.1506797, 25.7654804], [92.1507496, 25.7657648], [92.1509541, 25.7661123], [92.1509541, 25.766365], [92.1509193, 25.76655], [92.1505405, 25.7669292], [92.1502266, 25.76734], [92.1500871, 25.7676198], [92.1500174, 25.767999], [92.1500175, 25.7687211], [92.1498781, 25.7692583], [92.1496389, 25.769854], [92.1494297, 25.7703911], [92.1493402, 25.7710321], [92.1487173, 25.7718807], [92.1484382, 25.7719755], [92.1481989, 25.7721651], [92.1480245, 25.7724495], [92.1478153, 25.7729505], [92.1477804, 25.7735823], [92.1479899, 25.7743044], [92.1481993, 25.7744624], [92.1484736, 25.774494], [92.149271, 25.774399], [92.1497596, 25.7745885], [92.1501085, 25.7747735], [92.1504875, 25.7750893], [92.1508713, 25.775342], [92.1513201, 25.7755631], [92.1518783, 25.7757841], [92.1521177, 25.7760323], [92.1522224, 25.7763166], [92.1525218, 25.7773366], [92.1525917, 25.7776526], [92.1526565, 25.778], [92.1524872, 25.778501], [92.1521732, 25.7788171], [92.1516199, 25.7792233], [92.151306, 25.7792866], [92.1509919, 25.7792235], [92.1504385, 25.7791288], [92.1501594, 25.7791604], [92.1498803, 25.7794764], [92.1497757, 25.7799503], [92.1498455, 25.7802301], [92.1501248, 25.7804828], [92.1504389, 25.7807671], [92.1505785, 25.7811462], [92.1505786, 25.7813629], [92.1495718, 25.7823063], [92.1493275, 25.782338], [92.147867, 25.7827489], [92.146865, 25.7828122], [92.1465162, 25.7830966], [92.1463618, 25.7841167], [92.1465314, 25.7847169], [92.1469502, 25.7851546], [92.1474338, 25.7855337], [92.1476782, 25.7859715], [92.1479575, 25.78654], [92.1476783, 25.7867613], [92.1472297, 25.7868561], [92.1469855, 25.7871991], [92.1471252, 25.7877363], [92.1479083, 25.7894828], [92.1481526, 25.7898935], [92.1482524, 25.7905208], [92.1482875, 25.7913377], [92.1487412, 25.7916219], [92.1489158, 25.7918431], [92.1489856, 25.7920597], [92.148881, 25.7924072], [92.1487415, 25.7928811], [92.148951, 25.7933505], [92.1495393, 25.7935716], [92.1498185, 25.7940138], [92.1499584, 25.7948939], [92.1498538, 25.7955212], [92.1493454, 25.7960719], [92.1489316, 25.7963248], [92.1489666, 25.7966678], [92.1495201, 25.7971732], [92.1498692, 25.7974575], [92.1498343, 25.7977057], [92.1493159, 25.7982745], [92.1485483, 25.7990599], [92.1484437, 25.7995925], [92.148723, 25.8003191], [92.1490933, 25.8014792], [92.1491472, 25.8016956], [92.1491374, 25.8026975], [92.1491176, 25.8036498], [92.1488436, 25.804724], [92.1486991, 25.8054462], [92.1486993, 25.8059427], [92.1489586, 25.8064752], [92.1493028, 25.8069716], [92.1499711, 25.807486], [92.1503002, 25.8079688], [92.1504449, 25.8083796], [92.1504651, 25.8092506], [92.1505999, 25.8099321], [92.1508742, 25.8103247], [92.1513729, 25.8107263], [92.151859, 25.8109641], [92.1521109, 25.8110873], [92.152475, 25.8113805], [92.1525848, 25.8117777], [92.1525648, 25.8120891], [92.1524126, 25.8123856], [92.1519668, 25.8132537], [92.1513389, 25.814865], [92.1510998, 25.8157361], [92.1510499, 25.8162326], [92.1511, 25.8166388], [92.151479, 25.817072], [92.1518232, 25.817415], [92.1524914, 25.817821], [92.1543665, 25.818272], [92.155329, 25.8185336], [92.1557479, 25.8188855], [92.1559874, 25.8194315], [92.1562619, 25.8203026], [92.1564516, 25.8210788], [92.1565913, 25.8213721], [92.1569504, 25.8215751], [92.157469, 25.8216383], [92.1583068, 25.821638], [92.1588254, 25.8213265], [92.1592889, 25.820672], [92.1598721, 25.8199722], [92.1602311, 25.8197871], [92.1605752, 25.8198322], [92.1608346, 25.8200216], [92.1612786, 25.8205947], [92.1614183, 25.8209828], [92.1612789, 25.8216689], [92.16098, 25.8226258], [92.1607957, 25.8233434], [92.1609506, 25.8240926], [92.1612599, 25.824914], [92.1614994, 25.8252118], [92.1619882, 25.825654], [92.1622278, 25.8260601], [92.1623625, 25.8266828], [92.1623478, 25.8272426], [92.1618493, 25.8278925], [92.1613707, 25.8284253], [92.1611714, 25.828836], [92.1609621, 25.8293641], [92.1607578, 25.8301405], [92.1608079, 25.8306098], [92.1611372, 25.8311198], [92.1615313, 25.8315258], [92.1618157, 25.831783], [92.1624342, 25.8322026], [92.1627783, 25.8322973], [92.1632072, 25.8322791], [92.1635664, 25.8324054], [92.1640652, 25.8328566], [92.16417, 25.83301], [92.164185, 25.8333214], [92.1641152, 25.8335561], [92.1629236, 25.8343734], [92.1622206, 25.8348114], [92.1620162, 25.8351364], [92.1620163, 25.8355426], [92.1622558, 25.8359171], [92.1625152, 25.836102], [92.1628244, 25.8361155], [92.164161, 25.8359166], [92.1654675, 25.8354333], [92.1659662, 25.8352301], [92.1662255, 25.8352931], [92.1665348, 25.8355729], [92.1670836, 25.8362272], [92.1676325, 25.8370033], [92.1680268, 25.8377795], [92.1684159, 25.8380998], [92.1691193, 25.8385013], [92.1698077, 25.8388576], [92.1702517, 25.8393268], [92.1707508, 25.840121], [92.1711451, 25.8409423], [92.1713101, 25.8417456], [92.1713652, 25.8424903], [92.1714655, 25.8438577], [92.1715458, 25.844941], [92.1717005, 25.8453923], [92.1719602, 25.8460917], [92.1726986, 25.8467775], [92.173008, 25.8471836], [92.173058, 25.8475536], [92.1728438, 25.8480457], [92.1725895, 25.8484519], [92.1723804, 25.8491696], [92.1724005, 25.8495126], [92.1726051, 25.8499006], [92.1731739, 25.8502887], [92.1739122, 25.8505683], [92.1750995, 25.8508025], [92.1760272, 25.8509105], [92.1768503, 25.8510005], [92.1772794, 25.8511899], [92.1775039, 25.8515012], [92.1781833, 25.8537937], [92.1783832, 25.854597], [92.1783983, 25.8549716], [92.178194, 25.8555133], [92.1778701, 25.8560595], [92.177671, 25.8571247], [92.1775865, 25.8576212], [92.1775867, 25.8581041], [92.1777763, 25.8582756], [92.1780507, 25.8582754], [92.1783101, 25.8582437], [92.1791678, 25.8576702], [92.1795817, 25.8576069], [92.1796186, 25.8576172], [92.1798561, 25.8576835], [92.1800957, 25.8579046], [92.1800958, 25.8582295], [92.1799763, 25.8585545], [92.1795991, 25.859062], [92.1794428, 25.8592724], [92.1792884, 25.8596605], [92.1792289, 25.8603691], [92.179349, 25.8612718], [92.1792793, 25.86152], [92.1790199, 25.8616917], [92.1786259, 25.8618452], [92.1780273, 25.8619537], [92.1775935, 25.8620803], [92.1774938, 25.8622337], [92.1775089, 25.8625633], [92.1776738, 25.8633485], [92.1776939, 25.8635967], [92.1774846, 25.8640662], [92.1772104, 25.8645492], [92.1771258, 25.8650141], [92.177221, 25.8658309], [92.177341, 25.866562], [92.1773213, 25.8670766], [92.1771668, 25.8673113], [92.1768227, 25.8676184], [92.1763788, 25.8679164], [92.1762044, 25.8681963], [92.1760949, 25.8688733], [92.1760104, 25.869618], [92.1760306, 25.8701325], [92.1760956, 25.8705071], [92.1763903, 25.8713284], [92.1767947, 25.8720684], [92.177244, 25.8727498], [92.1777781, 25.8732641], [92.1784268, 25.87367], [92.1791004, 25.8738864], [92.1794795, 25.8740127], [92.1797541, 25.8742292], [92.1797816, 25.8742533], [92.1802681, 25.8746803], [92.1809368, 25.8750231], [92.1815207, 25.8752395], [92.1820647, 25.8756364], [92.1826985, 25.8761958], [92.1832326, 25.876665], [92.1836268, 25.8768815], [92.1841956, 25.8768812], [92.1857649, 25.8768691], [92.1875483, 25.8772047], [92.1879776, 25.8775656], [92.1887414, 25.8784589], [92.1894652, 25.8792349], [92.1906182, 25.880137], [92.1914917, 25.8810392], [92.1919911, 25.8816618], [92.1923106, 25.8820589], [92.1928747, 25.8826498], [92.1939428, 25.8833173], [92.1948563, 25.8839532], [92.1955601, 25.8845937], [92.1962042, 25.8853471], [92.1969432, 25.8863261], [92.1976174, 25.8873368], [92.1984414, 25.888397], [92.1990105, 25.8889879], [92.1994298, 25.8892269], [92.2001884, 25.8896012], [92.2011316, 25.8900023], [92.2019601, 25.8903132], [92.2030431, 25.8905609], [92.2038863, 25.8907049], [92.2043655, 25.8908129], [92.2047948, 25.8910744], [92.2052092, 25.891494], [92.2058783, 25.892306], [92.2065673, 25.8928969], [92.2069267, 25.8930953], [92.2072011, 25.893095], [92.2074354, 25.8928557], [92.2077942, 25.8920793], [92.2080834, 25.8918309], [92.2084626, 25.8918442], [92.2089817, 25.8921237], [92.209476, 25.8925296], [92.209601, 25.8927958], [92.209686, 25.8931071], [92.2099257, 25.8933372], [92.2102002, 25.8934183], [92.2109586, 25.893463], [92.2114927, 25.8937289], [92.2124012, 25.894288], [92.214103, 25.8946571], [92.2149817, 25.8952974], [92.2153164, 25.8957395], [92.2155063, 25.8962539], [92.2154919, 25.8968587], [92.215258, 25.8976757], [92.2151886, 25.8983572], [92.2152041, 25.8989665], [92.2153941, 25.8994809], [92.2157039, 25.8999456], [92.2162232, 25.9004913], [92.2167972, 25.9007933], [92.2172415, 25.900915], [92.2175209, 25.9009012], [92.217965, 25.9008513], [92.2186683, 25.9005259], [92.2194963, 25.900074], [92.2200252, 25.8999654], [92.2203695, 25.8999967], [92.2208537, 25.9002582], [92.2213532, 25.9007588], [92.2216979, 25.9012234], [92.2222728, 25.9026131], [92.2225329, 25.9032674], [92.2227032, 25.9040751], [92.2227839, 25.9051898], [92.2227147, 25.9059843], [92.2228149, 25.9063904], [92.2232494, 25.9068233], [92.2235956, 25.9070875], [92.2244429, 25.9077342], [92.225132, 25.9083114], [92.2254217, 25.9086858], [92.2255619, 25.9091687], [92.2253376, 25.9095072], [92.2249785, 25.9096971], [92.2241504, 25.9100993], [92.223043, 25.9105921], [92.2223046, 25.9108092], [92.2210821, 25.9110447], [92.2195901, 25.9112171], [92.2172698, 25.9114985], [92.2169054, 25.9114175], [92.2165809, 25.9112326], [92.2162961, 25.9108673], [92.2160364, 25.910556], [92.2157468, 25.9104028], [92.2154024, 25.9103082], [92.213451, 25.910007], [92.2123179, 25.9098046], [92.211784, 25.9098681], [92.2114748, 25.9099766], [92.2107213, 25.9102434], [92.2102573, 25.9103835], [92.2097234, 25.9103703], [92.2092392, 25.9102578], [92.2080014, 25.9099019], [92.2073923, 25.9095683], [92.20693, 25.9092399], [92.2063637, 25.9088378], [92.2060543, 25.9087431], [92.2058097, 25.9087297], [92.20569, 25.9087808], [92.2055553, 25.9088382], [92.2051413, 25.9091318], [92.2047821, 25.9092403], [92.2044277, 25.9091412], [92.2039434, 25.9087217], [92.203394, 25.9080224], [92.2031311, 25.9073768], [92.2029641, 25.9069666], [92.2027243, 25.906529], [92.2024997, 25.9063757], [92.202275, 25.9063261], [92.2020156, 25.9064075], [92.2017413, 25.9066558], [92.201562, 25.9071298], [92.2015535, 25.9072168], [92.2014926, 25.9078475], [92.2013031, 25.9082492], [92.2010488, 25.9084525], [92.2007196, 25.9085609], [92.199966, 25.9086245], [92.1994321, 25.9087197], [92.1987935, 25.9089366], [92.1963288, 25.909818], [92.1950916, 25.9105497], [92.1946128, 25.9109561], [92.1942687, 25.9113308], [92.1940442, 25.911674], [92.1939845, 25.9119132], [92.1939299, 25.912351], [92.1941548, 25.9128925], [92.1947391, 25.9135466], [92.1952384, 25.9140293], [92.1958076, 25.9145571], [92.1961173, 25.915085], [92.1963323, 25.9157483], [92.1963329, 25.9165878], [92.1962635, 25.9172919], [92.1959693, 25.91782], [92.1955254, 25.91824], [92.1951961, 25.9183936], [92.1948368, 25.9184434], [92.1945274, 25.9184571], [92.1942878, 25.9183173], [92.1938481, 25.9176721], [92.1934335, 25.9170179], [92.1931938, 25.9167202], [92.1922302, 25.9160076], [92.191052, 25.9152363], [92.1904329, 25.9148981], [92.189849, 25.9146772], [92.1894697, 25.9145691], [92.1892151, 25.9146008], [92.1889058, 25.9148988], [92.1884769, 25.9154406], [92.1879931, 25.9158154], [92.1871599, 25.9163528], [92.1865212, 25.9166194], [92.1860771, 25.9166331], [92.1855229, 25.9162904], [92.184699, 25.9153294], [92.18383, 25.914075], [92.1830258, 25.9127078], [92.1822319, 25.9116791], [92.1817326, 25.9112597], [92.1810887, 25.9110026], [92.1795914, 25.9106918], [92.1785684, 25.9105929], [92.1772409, 25.9106115], [92.1767768, 25.9105484], [92.1765571, 25.9104222], [92.1765372, 25.9103003], [92.1767117, 25.9100339], [92.1774648, 25.9090994], [92.1775695, 25.9088512], [92.1774296, 25.9085263], [92.1770852, 25.9081383], [92.1766558, 25.9077774], [92.1764648, 25.9076697], [92.1761916, 25.9075157], [92.1755478, 25.907367], [92.1736915, 25.9075211], [92.1733471, 25.9075845], [92.1731576, 25.9077379], [92.1729466, 25.9080244], [92.1728683, 25.9081307], [92.1722646, 25.9085506], [92.1717756, 25.9086817], [92.1698345, 25.9091968], [92.1692508, 25.9092737], [92.1680032, 25.9093914], [92.1660771, 25.9098614], [92.1647449, 25.9104123], [92.1641261, 25.9106291], [92.1624245, 25.9111577], [92.1618867, 25.9112018], [92.1615412, 25.9112301], [92.1605082, 25.9111401], [92.1598744, 25.9109371], [92.1588213, 25.9105628], [92.1552731, 25.9108525], [92.1547392, 25.9109925], [92.1544848, 25.9112092], [92.15443, 25.9115522], [92.1544051, 25.9121976], [92.1544753, 25.9131635], [92.1546102, 25.9137727], [92.154715, 25.9139442], [92.1549396, 25.9139892], [92.1556781, 25.9139259], [92.1562122, 25.9139122], [92.1565865, 25.9142371], [92.1568213, 25.9146342], [92.1568913, 25.9152886], [92.1569416, 25.9166426], [92.1570216, 25.9172248], [92.1572764, 25.9182177], [92.157751, 25.9200318], [92.1581657, 25.9213992], [92.1584552, 25.9218686], [92.1589394, 25.9220986], [92.1589939, 25.9221288], [92.1595583, 25.9224415], [92.1597731, 25.9226987], [92.159878, 25.9230101], [92.1603575, 25.9245535], [92.1604425, 25.9250318], [92.1603081, 25.9259977], [92.1602036, 25.9270087], [92.1602736, 25.927275], [92.1605831, 25.9276675], [92.1607978, 25.9278797], [92.1609276, 25.9281504], [92.1608478, 25.9283625], [92.1605335, 25.9285928], [92.1600943, 25.9289133], [92.1599696, 25.929148], [92.1599797, 25.9294279], [92.1601897, 25.9305968], [92.1600606, 25.9317872], [92.1598956, 25.9319733], [92.1596212, 25.93233], [92.159277, 25.9328761], [92.1592172, 25.9332191], [92.159222, 25.9332417], [92.1592921, 25.9335667], [92.1595518, 25.9340856], [92.1598914, 25.9347219], [92.1601261, 25.935119], [92.1601512, 25.9353221], [92.1599765, 25.9355297], [92.1583845, 25.9363109], [92.1581, 25.9363741], [92.1576208, 25.9363653], [92.1566674, 25.9363745], [92.1563879, 25.936537], [92.1554747, 25.9375257], [92.1553002, 25.9378416], [92.1551705, 25.9383245], [92.1549659, 25.9386495], [92.1547363, 25.9388075], [92.154397, 25.9390288], [92.1530244, 25.9394262], [92.1525153, 25.9395933], [92.1523855, 25.9397649], [92.1522957, 25.9399634], [92.1523408, 25.9405547], [92.1523958, 25.9410601], [92.152441, 25.9421613], [92.1523862, 25.9425134], [92.1523814, 25.9432716], [92.1524014, 25.94375], [92.1524365, 25.9443186], [92.1527312, 25.9450723], [92.1533753, 25.9454649], [92.1541141, 25.9458979], [92.1546335, 25.9463853], [92.1555372, 25.9473419], [92.1570953, 25.949192], [92.1572351, 25.949571], [92.1572203, 25.9499817], [92.1570958, 25.9512996], [92.1570362, 25.9520488], [92.1572958, 25.952631], [92.1578002, 25.9531679], [92.1584444, 25.953592], [92.1592282, 25.9538762], [92.1600619, 25.9540159], [92.1604813, 25.9541737], [92.160811, 25.9545347], [92.1613304, 25.9551168], [92.1618798, 25.9558794], [92.1624541, 25.9565742], [92.1634628, 25.9573593], [92.164052, 25.9578149], [92.164172, 25.9581625], [92.1641072, 25.9583836], [92.1638776, 25.9586319], [92.1633485, 25.9588306], [92.1625797, 25.95907], [92.1619059, 25.9594313], [92.1616064, 25.9598104], [92.1615216, 25.9602482], [92.1615919, 25.9610832], [92.161947, 25.9631997], [92.1621221, 25.9643009], [92.1621124, 25.9651269], [92.1620615, 25.965769], [92.1621278, 25.9665575], [92.1623226, 25.9669186], [92.163112, 25.9683265], [92.164211, 25.9702759], [92.1647305, 25.9709211], [92.1650801, 25.9711738], [92.1653947, 25.971282], [92.1658291, 25.9712999], [92.1667179, 25.9712501], [92.1671872, 25.9713447], [92.1675168, 25.9715341], [92.1678265, 25.9718816], [92.1680463, 25.9722019], [92.1688655, 25.9730502], [92.16932, 25.9733794], [92.1697694, 25.9735373], [92.1706232, 25.9735234], [92.1720163, 25.9733651], [92.17285, 25.97341], [92.1736141, 25.9735992], [92.1744131, 25.9738968], [92.1750923, 25.9742441], [92.1755368, 25.9746141], [92.1760764, 25.9753405], [92.176666, 25.9761075], [92.1772404, 25.9765947], [92.1778997, 25.9770052], [92.1787188, 25.9774156], [92.1791534, 25.977966], [92.1794932, 25.9784442], [92.1796683, 25.9791032], [92.1798938, 25.9808497], [92.180009, 25.9815672], [92.1804292, 25.9832505], [92.1805695, 25.9843517], [92.1808845, 25.9850105], [92.181389, 25.9853262], [92.1819982, 25.9853575], [92.1827872, 25.9852398], [92.1834314, 25.9853163], [92.1842505, 25.9856816], [92.184685, 25.9858032], [92.1851693, 25.9857444], [92.1857434, 25.9854102], [92.1862476, 25.9851933], [92.1876905, 25.9847007], [92.1881099, 25.9845606], [92.1884594, 25.9845469], [92.1888391, 25.9846551], [92.1892236, 25.9848445], [92.1896733, 25.9853136], [92.1901429, 25.9856926], [92.1905625, 25.9859451], [92.192101, 25.9867523], [92.1925055, 25.9869101], [92.19301, 25.9870362], [92.194658, 25.9873513], [92.1956868, 25.9875042], [92.197305, 25.9878193], [92.1979842, 25.9879769], [92.1985487, 25.9882204], [92.1988636, 25.9886625], [92.1989337, 25.9890551], [92.1987241, 25.9893531], [92.198185, 25.9896196], [92.197521, 25.9898095], [92.1967921, 25.990189], [92.1964777, 25.9904103], [92.1963579, 25.990627], [92.1963081, 25.9908482], [92.1963732, 25.9911324], [92.196628, 25.9914077], [92.1971529, 25.9922875], [92.1974282, 25.9931855], [92.1974988, 25.9942866], [92.1975439, 25.9945619], [92.1977537, 25.9947513], [92.1981184, 25.9948415], [92.199162, 25.9946378], [92.1997861, 25.9944343], [92.2001157, 25.9944162], [92.2004653, 25.9946056], [92.2010051, 25.9951559], [92.2019449, 25.9965409], [92.2027547, 25.9978222], [92.2029999, 25.9985622], [92.2031404, 25.9996002], [92.2033658, 26.0004711], [92.2035659, 26.000963], [92.2036908, 26.0011029], [92.2038508, 26.0012246], [92.2040606, 26.0012967], [92.2041904, 26.0013102], [92.2044151, 26.0013146], [92.204545, 26.0012919], [92.2046698, 26.0012197], [92.205174, 26.0008448], [92.2057377, 26.0000275], [92.2063466, 25.9994135], [92.2075146, 25.9984695], [92.2079488, 25.9981443], [92.2082134, 25.9979862], [92.2083831, 25.9979139], [92.208508, 25.9978867], [92.2086479, 25.9978731], [92.2091523, 25.9979179], [92.2095369, 25.9980531], [92.2097817, 25.9982741], [92.2099368, 25.9985358], [92.210017, 25.9989193], [92.2100423, 25.9994249], [92.2100477, 25.9999844], [92.210063, 26.0003726], [92.2101282, 26.0007742], [92.2104139, 26.0021867], [92.2103793, 26.0026109], [92.2103843, 26.0027689], [92.2104094, 26.0029043], [92.2104595, 26.0031254], [92.2105246, 26.0032698], [92.2106595, 26.0034637], [92.2112143, 26.0040186], [92.211729, 26.0044289], [92.211904, 26.0045507], [92.2120438, 26.0046138], [92.2121637, 26.0046408], [92.2123135, 26.0046407], [92.2125482, 26.0045954], [92.2140065, 26.0045268], [92.2150155, 26.004621], [92.216369, 26.0047781], [92.2165889, 26.0048276], [92.2167587, 26.0048546], [92.2169036, 26.0048544], [92.2170833, 26.0048002], [92.217223, 26.0047099], [92.2176323, 26.0043666], [92.2181914, 26.0039691], [92.2183262, 26.0038923], [92.2184261, 26.0038561], [92.218496, 26.0038424], [92.2186408, 26.0038379], [92.2188056, 26.0038513], [92.2191103, 26.0038917], [92.2192702, 26.0039368], [92.2194001, 26.0039999], [92.21949, 26.0040766], [92.2196001, 26.0042931], [92.2196752, 26.0046045], [92.2197805, 26.0051143], [92.2198255, 26.0052362], [92.2198956, 26.00534], [92.2199706, 26.0054257], [92.2201205, 26.0055565], [92.2203154, 26.0056872], [92.2204753, 26.0057683], [92.2212596, 26.0060883], [92.2217992, 26.0062955], [92.2222639, 26.0064351], [92.2226484, 26.006498], [92.2230281, 26.0065158], [92.2233077, 26.0064975], [92.2237571, 26.0062806], [92.2240666, 26.0061134], [92.2242762, 26.0060049], [92.2243911, 26.0059552], [92.224491, 26.0059235], [92.2245808, 26.0059189], [92.2246658, 26.005937], [92.2247957, 26.0059866], [92.2248707, 26.0060406], [92.2249706, 26.0061534], [92.2250906, 26.0063473], [92.2253308, 26.0069249], [92.2254459, 26.0071234], [92.2257559, 26.0074526], [92.2260158, 26.0076556], [92.2264755, 26.0079801], [92.2268802, 26.0081965], [92.2274448, 26.0084353], [92.2277497, 26.008557], [92.2282241, 26.0086063], [92.2286886, 26.0086014], [92.2290632, 26.0085605], [92.2294126, 26.0084023], [92.2296439, 26.0082348], [92.2300715, 26.0079325], [92.2301314, 26.0078963], [92.2302113, 26.0078782], [92.2303063, 26.0078872], [92.2304611, 26.0079367], [92.230836, 26.0081982], [92.2314107, 26.008613], [92.2316555, 26.0087482], [92.2319103, 26.0088428], [92.2321901, 26.0089284], [92.2325048, 26.0089867], [92.2327795, 26.0090001], [92.2331392, 26.0090134], [92.2333989, 26.0090132], [92.2335787, 26.0090265], [92.2336936, 26.0090446], [92.2338734, 26.0091166], [92.2340284, 26.0092203], [92.2341734, 26.0093511], [92.2343083, 26.0095044], [92.2343884, 26.0096262], [92.2344735, 26.0098428], [92.2345438, 26.0102308], [92.234554, 26.0104836], [92.2345496, 26.0110793], [92.2345747, 26.0112598], [92.2346248, 26.0114403], [92.234735, 26.0117652], [92.23481, 26.011905], [92.2349452, 26.0121261], [92.2350401, 26.0122343], [92.2352051, 26.012365], [92.2355449, 26.0125814], [92.2359296, 26.0127527], [92.2362744, 26.0128742], [92.2366491, 26.0129913], [92.2374385, 26.0132524], [92.2380331, 26.0134686], [92.2384129, 26.0136398], [92.2386877, 26.0137976], [92.2389626, 26.0139689], [92.2391076, 26.0140906], [92.2394427, 26.0144739], [92.2398579, 26.0151641], [92.239983, 26.0153851], [92.240203, 26.01571], [92.2402931, 26.0158046], [92.240373, 26.0158452], [92.2404779, 26.0158586], [92.2406128, 26.015845], [92.241137, 26.0157002], [92.2413718, 26.0156548], [92.2415616, 26.0156412], [92.2418313, 26.0156634], [92.2420362, 26.0157039], [92.2421961, 26.0157534], [92.242341, 26.0158256], [92.242481, 26.0159427], [92.242611, 26.0161412], [92.2427412, 26.0164796], [92.2429864, 26.0169533], [92.2431414, 26.0171472], [92.2434664, 26.0174178], [92.2437163, 26.0175891], [92.2443212, 26.0180219], [92.2444486, 26.018131], [92.2445212, 26.0181931], [92.2446312, 26.0183736], [92.2446865, 26.0186353], [92.2446916, 26.0187978], [92.2446867, 26.0189016], [92.2446519, 26.0190731], [92.2446071, 26.0192221], [92.2445074, 26.0193937], [92.2443826, 26.0194976], [92.2442317, 26.0195644], [92.2441579, 26.019597], [92.2434789, 26.0198729], [92.2432443, 26.019986], [92.2430495, 26.020135], [92.2429348, 26.0202525], [92.242855, 26.0203879], [92.2428402, 26.0205098], [92.2428752, 26.0206723], [92.2429504, 26.0208166], [92.2432404, 26.0211142], [92.2437303, 26.0215245], [92.2450899, 26.0224982], [92.2460445, 26.0229532], [92.2469364, 26.0231577], [92.2473955, 26.0230522], [92.247915, 26.0230525], [92.2482197, 26.0231025], [92.248584, 26.0233826], [92.2489082, 26.0238297], [92.2490076, 26.0243534], [92.2493517, 26.0248005], [92.2501902, 26.0254962], [92.2508639, 26.0261737], [92.2516272, 26.0271086], [92.2523355, 26.0281292], [92.2528345, 26.0286667], [92.2532937, 26.0289965], [92.2536482, 26.0291277], [92.2542825, 26.0292681], [92.254992, 26.029201], [92.2559114, 26.0288543], [92.2562363, 26.028683], [92.2564261, 26.0286651], [92.256601, 26.0286653], [92.2568108, 26.028697], [92.2570204, 26.0288371], [92.25733, 26.029063], [92.2581333, 26.0300159], [92.2592414, 26.0308472], [92.26019, 26.0314483], [92.261723, 26.032158], [92.2627966, 26.0326282], [92.2634655, 26.0331297], [92.2638029, 26.033548], [92.2638747, 26.033637], [92.264194, 26.0340329], [92.2647678, 26.0348096], [92.2649123, 26.0352384], [92.2650813, 26.0361006], [92.2645658, 26.0371066], [92.2641982, 26.037555], [92.2634305, 26.0384913], [92.2623854, 26.0394518], [92.2613505, 26.040286], [92.2611004, 26.0405249], [92.2610403, 26.0407505], [92.2609851, 26.0410484], [92.2610794, 26.0416352], [92.2613488, 26.0420505], [92.2619328, 26.0425294], [92.2628919, 26.0426701], [92.2645755, 26.0427572], [92.2662842, 26.0427042], [92.2681677, 26.0426651], [92.2685175, 26.0426833], [92.2687822, 26.0427331], [92.269012, 26.0428191], [92.2693212, 26.0433429], [92.2696446, 26.0448821], [92.2699279, 26.0464934], [92.270032, 26.0474549], [92.2698766, 26.048064], [92.2694956, 26.049517], [92.26861, 26.0509199], [92.2681399, 26.051434], [92.2675048, 26.0520384], [92.2660303, 26.052642], [92.2648607, 26.0531601], [92.2643256, 26.0535614], [92.2635654, 26.0543145], [92.2635102, 26.0545717], [92.2635843, 26.0555602], [92.2639473, 26.0573612], [92.264561, 26.0583681], [92.2656495, 26.0592354], [92.2664835, 26.0596784], [92.2679574, 26.0599051], [92.2685917, 26.0600816], [92.2694907, 26.0605651], [92.2697802, 26.0609625], [92.2698745, 26.0617434], [92.2700435, 26.0626777], [92.2702628, 26.0633639], [92.270607, 26.0640411], [92.2710314, 26.0643348], [92.2713911, 26.0644568], [92.2717209, 26.0644751], [92.2721006, 26.0644754], [92.2725054, 26.0644577], [92.2728102, 26.0644398], [92.2731001, 26.0644219], [92.2734449, 26.0644222], [92.2739593, 26.0646482], [92.2745735, 26.0652218], [92.274893, 26.0656507], [92.2748679, 26.0656523], [92.2747018, 26.0656624], [92.2747955, 26.0657881], [92.2750942, 26.0661274], [92.2752178, 26.0662614], [92.2756203, 26.0666976], [92.2759089, 26.0669712], [92.2763947, 26.0673138], [92.2766868, 26.0674292], [92.2776274, 26.0677903], [92.2777353, 26.0678187], [92.278366, 26.0679849], [92.2792721, 26.0680311], [92.2796629, 26.068087], [92.2800206, 26.0681725], [92.280897, 26.0685051], [92.2813975, 26.0688157], [92.2818817, 26.069148], [92.2819042, 26.0691655], [92.2826128, 26.069716], [92.2833548, 26.0703708], [92.2837766, 26.0709873], [92.2841236, 26.0716466], [92.2843445, 26.0724751], [92.2844884, 26.0730307], [92.2845162, 26.0731378], [92.2845438, 26.0734887], [92.2845779, 26.0739222], [92.2846678, 26.0741804], [92.2849992, 26.0744729], [92.2854295, 26.0748526], [92.2858958, 26.0759319], [92.2860359, 26.0763754], [92.286599, 26.0771682], [92.2867642, 26.0774009], [92.2874075, 26.0779217], [92.2876907, 26.0780152], [92.2879793, 26.0781104], [92.2881743, 26.0781141], [92.2882611, 26.0781158], [92.2889195, 26.0781283], [92.2901497, 26.0781223], [92.2902711, 26.0781217], [92.2907146, 26.0784164], [92.2908437, 26.0785022], [92.290915, 26.0785496], [92.292666, 26.0797599], [92.2934043, 26.0803321], [92.2936311, 26.0805079], [92.2936508, 26.0805238], [92.2938943, 26.0807215], [92.2941556, 26.0812537], [92.2943722, 26.0818786], [92.2944745, 26.0819587], [92.294812, 26.08204], [92.2957803, 26.0822703], [92.2966676, 26.0822937], [92.2967368, 26.0820096], [92.2969319, 26.0813203], [92.2973176, 26.0806984], [92.2976286, 26.0803279], [92.2976727, 26.0802754], [92.2977386, 26.0802436], [92.29838, 26.0799338], [92.2985578, 26.0796825], [92.2985564, 26.0796276], [92.2985511, 26.0794143], [92.2985459, 26.0792046], [92.298643, 26.078194], [92.2988947, 26.0773879], [92.3006673, 26.0776811], [92.3007968, 26.0777025], [92.3012748, 26.0788463], [92.3015366, 26.0792988], [92.3020834, 26.0800886], [92.3022649, 26.0803509], [92.3031082, 26.0818547], [92.3038048, 26.0833048], [92.3043109, 26.0846743], [92.3045796, 26.0850581], [92.3068406, 26.084032], [92.3086505, 26.0830473], [92.3106087, 26.0823267], [92.3112015, 26.0822063], [92.3122735, 26.0821707], [92.3127733, 26.0822386], [92.313043, 26.0823967], [92.3133277, 26.082794], [92.3138669, 26.0837465], [92.3143611, 26.0847351], [92.3144561, 26.0848028], [92.3147238, 26.0848878], [92.3148408, 26.0849249], [92.3156655, 26.0849072], [92.3180793, 26.0849861], [92.3191639, 26.0850215], [92.3208731, 26.0850087], [92.3218077, 26.0851444], [92.3223923, 26.085244], [92.3230068, 26.0857632], [92.3231726, 26.0859993], [92.3233393, 26.0862365], [92.3234061, 26.0863316], [92.3234064, 26.086332], [92.3234214, 26.0863275], [92.3236763, 26.0862284], [92.3242733, 26.085499], [92.3244814, 26.0852448], [92.3246192, 26.085058], [92.3247325, 26.0849046], [92.3251097, 26.0843935], [92.3251615, 26.0843232], [92.3253184, 26.0841106], [92.3254642, 26.0839131], [92.3257152, 26.083573], [92.3257467, 26.0835302], [92.3257487, 26.0835211], [92.3262469, 26.0825917], [92.3266669, 26.0820819], [92.3267091, 26.0820124], [92.3269191, 26.081667], [92.3274519, 26.0807904], [92.3278014, 26.0802155], [92.3284907, 26.0790815], [92.3287925, 26.078585], [92.3292584, 26.0778121], [92.3295461, 26.0773347], [92.3295568, 26.077317], [92.3295975, 26.0772494], [92.3296113, 26.0772495], [92.330717, 26.0772588], [92.3318113, 26.0777466], [92.3327108, 26.0779364], [92.3333853, 26.0780404], [92.3338652, 26.0778871], [92.334285, 26.077815], [92.3359739, 26.0785602], [92.3371131, 26.0789893], [92.3388421, 26.0796803], [92.3401412, 26.0805111], [92.3417152, 26.0810847], [92.3432294, 26.081744], [92.345193, 26.0828818], [92.3460975, 26.0832611], [92.3463065, 26.0833211], [92.347072, 26.0835412], [92.3480112, 26.0852563], [92.3502195, 26.0850924], [92.3520643, 26.0851986], [92.3532995, 26.084996], [92.3545516, 26.0849613], [92.3555953, 26.0874008], [92.3557772, 26.0878258], [92.3562568, 26.0887601], [92.357511, 26.0901052], [92.3576226, 26.0901992], [92.3586139, 26.0910341], [92.3589903, 26.0913511], [92.35962, 26.0916129], [92.3596762, 26.0914549], [92.35983, 26.0910218], [92.3596703, 26.0892797], [92.3595907, 26.0872397], [92.3596208, 26.0867297], [92.359826, 26.0855825], [92.3599468, 26.085042], [92.3603158, 26.0849877], [92.3606457, 26.0848524], [92.3612166, 26.0842326], [92.3616558, 26.0836351], [92.3624853, 26.0824922], [92.3627052, 26.082032], [92.3628202, 26.0815671], [92.3628203, 26.0812241], [92.3627104, 26.0808901], [92.3624856, 26.0804433], [92.3621607, 26.0800822], [92.3618909, 26.0797797], [92.361811, 26.0794323], [92.3619361, 26.0788501], [92.3619961, 26.0786064], [92.3620425, 26.0785068], [92.362261, 26.0780377], [92.3624459, 26.0776541], [92.3625259, 26.077618], [92.3628519, 26.0775854], [92.3628858, 26.077582], [92.3631105, 26.0777626], [92.3639401, 26.0785028], [92.3650343, 26.0797125], [92.3653692, 26.0800374], [92.3659038, 26.0803895], [92.3662687, 26.0807324], [92.3666334, 26.0813328], [92.3669283, 26.0817255], [92.367518, 26.0821362], [92.3683175, 26.0824296], [92.3699768, 26.0832105], [92.3704016, 26.0836709], [92.3709512, 26.0840772], [92.3721507, 26.0849075], [92.3749143, 26.0867716], [92.3752791, 26.0871733], [92.3762038, 26.0885092], [92.3763172, 26.0886577], [92.3765036, 26.0889019], [92.3780079, 26.0898542], [92.3784178, 26.0901521], [92.3795324, 26.0912984], [92.3798822, 26.0917814], [92.3800971, 26.0923093], [92.3803171, 26.092711], [92.380747, 26.0934828], [92.3815794, 26.0943681], [92.3817865, 26.0945884], [92.3821165, 26.0950984], [92.3828562, 26.0969263], [92.3831362, 26.0975175], [92.3833511, 26.0979553], [92.3836561, 26.0987496], [92.383771, 26.0993633], [92.3838405, 26.0995333], [92.383961, 26.0998281], [92.3841909, 26.1003652], [92.3847608, 26.1009609], [92.3858005, 26.1022155], [92.3868453, 26.1036642], [92.3876251, 26.1047925], [92.3879152, 26.1052438], [92.38818, 26.1056454], [92.3885549, 26.1061915], [92.3890449, 26.1066518], [92.3895299, 26.1069406], [92.3895443, 26.1069568], [92.3898498, 26.1073016], [92.3900298, 26.107613], [92.3904483, 26.1083459], [92.3904498, 26.1083485], [92.3909847, 26.1091654], [92.3916796, 26.1101493], [92.3919296, 26.1104697], [92.3925195, 26.1109074], [92.3931594, 26.1113045], [92.3937993, 26.1116655], [92.3939893, 26.1118866], [92.3942692, 26.1123289], [92.3945543, 26.1128794], [92.3946464, 26.1129649], [92.3950742, 26.1133623], [92.3951592, 26.1134299], [92.3953293, 26.1135654], [92.3955883, 26.113559], [92.3959838, 26.1135492], [92.396619, 26.1135336], [92.3984686, 26.1133935], [92.401013, 26.1130231], [92.4027976, 26.1130183], [92.4036975, 26.1129459], [92.4057921, 26.1133066], [92.4072669, 26.1137577], [92.4080617, 26.1135228], [92.4108557, 26.1119516], [92.4112556, 26.1117845], [92.4116508, 26.1127638], [92.4121109, 26.1137972], [92.4129214, 26.1155526], [92.4131263, 26.1155888], [92.4140763, 26.1156562], [92.4144261, 26.1156154], [92.4146345, 26.1155007], [92.4149759, 26.1153129], [92.415235, 26.1149715], [92.4158508, 26.1141598], [92.4160172, 26.1139406], [92.4160753, 26.113864], [92.4166615, 26.1129619], [92.4170697, 26.1123337], [92.4172848, 26.1119423], [92.4174287, 26.1116806], [92.4174428, 26.1116547], [92.4174442, 26.1116522], [92.4174831, 26.1116171], [92.4178691, 26.1112684], [92.4193235, 26.1106046], [92.4210099, 26.1101096], [92.421263, 26.1100353], [92.4222126, 26.1096786], [92.4229963, 26.1091698], [92.423367, 26.1089291], [92.4243461, 26.1079346], [92.425136, 26.1071323], [92.4251982, 26.1070495], [92.4256204, 26.1064882], [92.4256554, 26.1064416], [92.4256694, 26.1064115], [92.4261051, 26.1054712], [92.4261798, 26.1050018], [92.4261797, 26.1048106], [92.4261795, 26.1042436], [92.4259693, 26.1035396], [92.4259441, 26.1029845], [92.4259787, 26.102294], [92.4264029, 26.1003757], [92.4267925, 26.0995271], [92.4270822, 26.0990577], [92.4273569, 26.0987958], [92.4276318, 26.0986197], [92.4283065, 26.0984254], [92.4289612, 26.0982447], [92.4299108, 26.0981767], [92.4309955, 26.0981086], [92.4317802, 26.0981309], [92.4328277, 26.0977398], [92.4329297, 26.0977017], [92.4339844, 26.0978141], [92.4349277, 26.0979243], [92.4350241, 26.0979355], [92.4352301, 26.0979529], [92.435344, 26.0979625], [92.4356339, 26.0978812], [92.4359486, 26.0974885], [92.4361765, 26.0971721], [92.4364496, 26.096793], [92.436573, 26.0966217], [92.4366929, 26.0965692], [92.4370776, 26.0964003], [92.4390767, 26.0959302], [92.440791, 26.0956135], [92.4412058, 26.0955547], [92.4414307, 26.0955952], [92.4418906, 26.0958161], [92.4423958, 26.0963575], [92.4429011, 26.0972374], [92.4431012, 26.0975577], [92.4433613, 26.0977471], [92.4440163, 26.0982027], [92.4451762, 26.0987302], [92.446476, 26.0992125], [92.4467586, 26.0993041], [92.4476159, 26.099582], [92.4485307, 26.0997846], [92.4492805, 26.0999513], [92.4494157, 26.1000776], [92.4494162, 26.1010704], [92.449527, 26.102465], [92.4502984, 26.1052222], [92.4505191, 26.106418], [92.4507468, 26.1069702], [92.4508596, 26.1072437], [92.4514402, 26.1085026], [92.4519859, 26.1100142], [92.4522763, 26.1109997], [92.4525573, 26.1124376], [92.4528927, 26.1132091], [92.4534135, 26.1145357], [92.4537138, 26.1152756], [92.4538791, 26.1156231], [92.4542141, 26.1158576], [92.4549884, 26.1161662], [92.4554242, 26.1163399], [92.4567392, 26.1166687], [92.4576245, 26.1170076], [92.4584343, 26.1173175], [92.4593594, 26.1176556], [92.4598644, 26.1177275], [92.4609492, 26.1176005], [92.4628888, 26.1173377], [92.4629722, 26.117327], [92.4639584, 26.1172016], [92.4654933, 26.1172504], [92.466458, 26.1173491], [92.4670322, 26.1174963], [92.4671431, 26.1175247], [92.4681533, 26.1179934], [92.4694538, 26.1188501], [92.4713097, 26.1203744], [92.4729811, 26.122526], [92.4732297, 26.1230915], [92.4736773, 26.1241098], [92.4739828, 26.1247279], [92.474273, 26.1251699], [92.4748535, 26.1256931], [92.4750687, 26.1258246], [92.4764691, 26.1266803], [92.4775698, 26.1275236], [92.4788509, 26.1289578], [92.4793165, 26.1297789], [92.4799978, 26.1314709], [92.4800831, 26.1316829], [92.4805892, 26.1329823], [92.4811301, 26.1345974], [92.4813311, 26.1351978], [92.4817675, 26.1362978], [92.4818072, 26.1363979], [92.4821689, 26.1384376], [92.4823695, 26.139155], [92.4835567, 26.1414965], [92.4836786, 26.1416952], [92.4843479, 26.1427867], [92.4850332, 26.1433455], [92.4855781, 26.1437643], [92.4859873, 26.1440788], [92.4864509, 26.1450792], [92.4864541, 26.1453584], [92.4864663, 26.1464045], [92.4864589, 26.1481139], [92.4866443, 26.1494975], [92.4874943, 26.1496926], [92.489919, 26.1498164], [92.4910349, 26.1497684], [92.493217, 26.1496744], [92.4959821, 26.1497609], [92.4971252, 26.1498225], [92.4978852, 26.1497337], [92.4987215, 26.149636], [92.4999973, 26.1493335], [92.5012554, 26.1489229], [92.5020014, 26.1483669], [92.5024063, 26.148065], [92.5032897, 26.1470612], [92.5034248, 26.1469076], [92.5034388, 26.1468847], [92.5034863, 26.1468068], [92.5037817, 26.146322], [92.5038897, 26.1461446], [92.5051416, 26.1441767], [92.5055877, 26.1435258], [92.5055958, 26.1435139], [92.5056896, 26.1433342], [92.5061952, 26.1423658], [92.5062591, 26.1422435], [92.5063197, 26.1421274], [92.5063634, 26.1420892], [92.5070502, 26.1414888], [92.5079351, 26.1412099], [92.5087533, 26.1412704], [92.5093943, 26.1416106], [92.5108748, 26.1428303], [92.5126646, 26.1444096], [92.5152663, 26.1469418], [92.5171033, 26.1487322], [92.5173921, 26.1490188], [92.5179178, 26.1495404], [92.5187959, 26.1503449], [92.5199439, 26.1513967], [92.5201091, 26.1522515], [92.5197481, 26.1532262], [92.5193066, 26.1547602], [92.5205564, 26.1551402], [92.5208789, 26.1552302], [92.5214813, 26.1553982], [92.5218364, 26.1553984], [92.5222817, 26.1551597], [92.5223513, 26.1550486], [92.5224569, 26.1548799], [92.5224595, 26.1547628], [92.5224778, 26.1539503], [92.522344, 26.152691], [92.5223772, 26.1521823], [92.5223896, 26.1519915], [92.5227, 26.151572]]]}}, {"type": "Feature", "properties": {"district": "Marigaon", "dist_lgd": 296, "state": "ASSAM", "role": "treated_district"}, "geometry": {"type": "Polygon", "coordinates": [[[92.4194153, 26.5146571], [92.4195337, 26.5135018], [92.4196039, 26.5128175], [92.4196886, 26.5119902], [92.4196331, 26.5100641], [92.419523, 26.509027], [92.4192482, 26.507496], [92.4188636, 26.5056195], [92.4177837, 26.5005609], [92.4173384, 26.5000487], [92.4172963, 26.5000002], [92.4169488, 26.4995222], [92.4168332, 26.4988047], [92.4170183, 26.4972387], [92.4184569, 26.4948103], [92.4191437, 26.4939031], [92.4195297, 26.4932215], [92.4194642, 26.4923911], [92.4192131, 26.4915067], [92.4193031, 26.4907666], [92.4195337, 26.4904145], [92.4201303, 26.4898186], [92.4212934, 26.4887036], [92.4213798, 26.4885881], [92.4218357, 26.4879785], [92.4219551, 26.4878189], [92.4219638, 26.4877419], [92.4219909, 26.4875005], [92.4220501, 26.4869749], [92.4218191, 26.4862349], [92.4212468, 26.4844795], [92.4197855, 26.4789787], [92.4199283, 26.4789379], [92.4199851, 26.4789217], [92.4239311, 26.477793], [92.4243181, 26.4776823], [92.4283966, 26.4765156], [92.4284248, 26.4765075], [92.426964, 26.4727171], [92.4268618, 26.4725147], [92.4263718, 26.471544], [92.4326602, 26.4614329], [92.4328478, 26.4611536], [92.4332229, 26.460595], [92.433988, 26.4594557], [92.4357215, 26.4567789], [92.4359688, 26.456267], [92.436607, 26.4550932], [92.4376253, 26.4543589], [92.4410685, 26.4518757], [92.4410543, 26.4518238], [92.4409929, 26.4515999], [92.4406386, 26.4503085], [92.4400237, 26.4480672], [92.4399023, 26.4476234], [92.4395231, 26.4462374], [92.4392904, 26.4453869], [92.4389684, 26.4430809], [92.439519, 26.4414741], [92.4398702, 26.4409058], [92.4399741, 26.4407377], [92.4401551, 26.4404448], [92.4411167, 26.4386754], [92.4417075, 26.4373573], [92.4418924, 26.4363689], [92.4412828, 26.4357094], [92.4408884, 26.4354654], [92.4408156, 26.4354204], [92.4403841, 26.435105], [92.440201, 26.4347905], [92.4401667, 26.4347316], [92.4400285, 26.4344828], [92.4398112, 26.434305], [92.4387449, 26.433452], [92.4383106, 26.4332565], [92.4363562, 26.4325816], [92.4356258, 26.4324041], [92.4349352, 26.4322444], [92.4349349, 26.4322443], [92.4339927, 26.4317875], [92.43342, 26.4311831], [92.4333059, 26.431021], [92.4330447, 26.4306498], [92.432255, 26.4301522], [92.4313074, 26.429708], [92.4307349, 26.4295304], [92.4300242, 26.4291217], [92.4283834, 26.4279937], [92.4279661, 26.4271259], [92.4277684, 26.4263791], [92.4273142, 26.4258458], [92.4272097, 26.4257482], [92.4267811, 26.4253481], [92.4268204, 26.4248502], [92.4269334, 26.4247064], [92.4272621, 26.4242887], [92.4272627, 26.424288], [92.4272628, 26.4242879], [92.4276884, 26.4237297], [92.42774, 26.4235511], [92.4278066, 26.4233206], [92.4277077, 26.4228228], [92.4274497, 26.4223139], [92.4271338, 26.4219939], [92.4264626, 26.4216385], [92.4261664, 26.4212474], [92.426186, 26.4209095], [92.4262751, 26.4207921], [92.4266988, 26.4202337], [92.4267023, 26.4202298], [92.4267202, 26.4202094], [92.4268387, 26.4200749], [92.4271312, 26.4197427], [92.4271903, 26.4193871], [92.4271309, 26.4190492], [92.4269335, 26.4187826], [92.4262229, 26.4185872], [92.4257512, 26.4186295], [92.4253564, 26.418434], [92.4250799, 26.4178651], [92.4251193, 26.417705], [92.4251979, 26.4177], [92.4259679, 26.4176514], [92.4267376, 26.4176689], [92.4271914, 26.4174732], [92.4272179, 26.4174401], [92.4274479, 26.417153], [92.4274328, 26.417099], [92.427349, 26.4167974], [92.4267961, 26.4158729], [92.4263221, 26.4151263], [92.4254064, 26.4142934], [92.4250757, 26.4140446], [92.4249407, 26.413422], [92.4259112, 26.4127433], [92.4264361, 26.412395], [92.4269413, 26.4121807], [92.4274761, 26.411993], [92.4285809, 26.4113075], [92.4288978, 26.4110039], [92.4290761, 26.4109146], [92.4293138, 26.4108253], [92.4294723, 26.410852], [92.4307133, 26.4114359], [92.4311495, 26.4121587], [92.4311792, 26.4123105], [92.4312982, 26.4124711], [92.4319377, 26.4129685], [92.4339254, 26.4129072], [92.4337899, 26.4120609], [92.433641, 26.411441], [92.433294, 26.4107984], [92.4328377, 26.4095758], [92.4328277, 26.4092009], [92.4329363, 26.4085315], [92.4328855, 26.4070651], [92.4328441, 26.4060066], [92.4328254, 26.4055299], [92.4326076, 26.4044987], [92.4321316, 26.4033654], [92.4316264, 26.4015138], [92.4315154, 26.4001324], [92.4314254, 26.3997806], [92.4313169, 26.399356], [92.4313068, 26.3988675], [92.433323, 26.3986488], [92.4333229, 26.3985564], [92.4333229, 26.3985169], [92.4333226, 26.3979403], [92.4334562, 26.3941132], [92.4334776, 26.3919568], [92.4334847, 26.3912437], [92.4334945, 26.3902592], [92.4363103, 26.389712], [92.4382004, 26.3894938], [92.4384132, 26.3894693], [92.441411, 26.3891232], [92.4413885, 26.3889943], [92.4408883, 26.3861359], [92.4407106, 26.3851262], [92.4403204, 26.3829093], [92.440195, 26.3814064], [92.4400179, 26.3792856], [92.4401466, 26.3762573], [92.4404506, 26.3731523], [92.4405307, 26.3718293], [92.440554, 26.3714457], [92.4406244, 26.3702819], [92.4406791, 26.3702387], [92.4410752, 26.3699252], [92.4420132, 26.3702822], [92.4423127, 26.3699924], [92.4428686, 26.3696446], [92.4436399, 26.3692426], [92.4441157, 26.3689671], [92.4443309, 26.3686421], [92.4445161, 26.3682359], [92.4447899, 26.3680557], [92.4451271, 26.3678339], [92.4455377, 26.3676036], [92.4458534, 26.3676801], [92.4463345, 26.3679778], [92.447803, 26.3688571], [92.4494869, 26.3698311], [92.450865, 26.3704036], [92.4525208, 26.3709776], [92.4525938, 26.3710029], [92.4538618, 26.3716882], [92.4547089, 26.3723106], [92.4554347, 26.3727609], [92.4558717, 26.373032], [92.4568889, 26.3731849], [92.4584219, 26.3730307], [92.4591733, 26.3728317], [92.460115, 26.3725468], [92.4616528, 26.3721533], [92.4624043, 26.3721664], [92.4634716, 26.3723508], [92.4646793, 26.3727337], [92.4655264, 26.3732342], [92.4671295, 26.3741009], [92.4672606, 26.3741718], [92.4681977, 26.374433], [92.469831, 26.3743327], [92.4699535, 26.3743018], [92.4706925, 26.3741155], [92.4707918, 26.3740693], [92.4714688, 26.373754], [92.4728308, 26.3727196], [92.4728882, 26.3726628], [92.4737018, 26.3718571], [92.4746482, 26.371193], [92.4756396, 26.370547], [92.4771672, 26.3699593], [92.4786849, 26.3695566], [92.4799672, 26.3692624], [92.4816854, 26.3689904], [92.4838342, 26.3684653], [92.4845403, 26.368194], [92.4849508, 26.3677921], [92.4853238, 26.3672872], [92.4854211, 26.3671554], [92.4855558, 26.3664603], [92.4854702, 26.3659775], [92.4852489, 26.3650751], [92.4852481, 26.3649823], [92.4852376, 26.3637031], [92.4853677, 26.3634503], [92.4854081, 26.3634399], [92.485578, 26.363396], [92.485725, 26.3634079], [92.4858536, 26.3634184], [92.4863648, 26.3636526], [92.4869715, 26.3642073], [92.4872891, 26.3663913], [92.4874068, 26.3666115], [92.4876605, 26.367086], [92.4883423, 26.3676181], [92.4893098, 26.3681859], [92.4901016, 26.3684651], [92.4912793, 26.3687801], [92.4925972, 26.3691085], [92.4931586, 26.3694556], [92.4942367, 26.3704025], [92.4942972, 26.3707725], [92.4942206, 26.3712903], [92.4941778, 26.3715804], [92.494123, 26.3719099], [92.4940022, 26.3720783], [92.4937679, 26.3725444], [92.4935188, 26.3739412], [92.4938299, 26.3745051], [92.4940505, 26.3746358], [92.4952687, 26.3753343], [92.4964338, 26.3760891], [92.4970316, 26.3762365], [92.4976393, 26.376232], [92.4989307, 26.3764181], [92.5006536, 26.3769229], [92.5010325, 26.3771065], [92.501107, 26.3771426], [92.5018235, 26.3777481], [92.5023342, 26.3784266], [92.5025091, 26.3790041], [92.5025809, 26.3795565], [92.5024947, 26.3800661], [92.5023697, 26.3804437], [92.5021944, 26.3809733], [92.5021519, 26.3816883], [92.5025101, 26.3822088], [92.5030617, 26.3825625], [92.5036244, 26.3826579], [92.5040433, 26.3825611], [92.5043265, 26.3824956], [92.5049839, 26.3820532], [92.505238, 26.3815465], [92.5053743, 26.3807735], [92.5053092, 26.3798294], [92.5049933, 26.3786505], [92.504733, 26.3778119], [92.5044575, 26.3769242], [92.5041562, 26.3758038], [92.5040363, 26.375027], [92.5039862, 26.3740384], [92.5041122, 26.3734353], [92.5043364, 26.372982], [92.5050198, 26.3724295], [92.506157, 26.3721351], [92.5072451, 26.3723883], [92.5078776, 26.3730457], [92.507942, 26.373173], [92.5080376, 26.3733618], [92.5081926, 26.3736733], [92.5082723, 26.3741111], [92.5083216, 26.3748152], [92.5083561, 26.37542], [92.5083855, 26.3760292], [92.5085701, 26.3767831], [92.508745, 26.3772435], [92.5090405, 26.3773386], [92.5097068, 26.3773842], [92.5108343, 26.3772814], [92.5122271, 26.3772645], [92.5141362, 26.3771622], [92.5167216, 26.3770289], [92.5225786, 26.3771507], [92.5253141, 26.3772295], [92.5264565, 26.3771987], [92.526488, 26.377129], [92.5271173, 26.3757351], [92.5273099, 26.3753084], [92.5278384, 26.3739782], [92.5280493, 26.3735437], [92.530617, 26.3749546], [92.5326253, 26.3760833], [92.5351742, 26.3774845], [92.5379807, 26.379006], [92.5385998, 26.3793416], [92.5405782, 26.3803131], [92.5408054, 26.3804368], [92.542271, 26.3812348], [92.5452062, 26.3825543], [92.5459626, 26.3827804], [92.5464186, 26.3827355], [92.5483685, 26.3816039], [92.549025, 26.3814238], [92.5493908, 26.381424], [92.5497383, 26.3815667], [92.5502783, 26.3817886], [92.5510187, 26.3820928], [92.5514546, 26.3821652], [92.5516181, 26.3818217], [92.5519002, 26.3812286], [92.5525836, 26.379792], [92.5529948, 26.3790163], [92.5534564, 26.3781453], [92.5535571, 26.3774323], [92.5534877, 26.3763581], [92.5533781, 26.3751431], [92.5548515, 26.374838], [92.5600427, 26.3736988], [92.5632729, 26.3729911], [92.5648731, 26.3726405], [92.5668173, 26.3721901], [92.5667571, 26.3720256], [92.5657967, 26.3694006], [92.5649413, 26.3670219], [92.5639602, 26.3642535], [92.563956, 26.3642415], [92.5636209, 26.3632124], [92.5635567, 26.3616644], [92.5636076, 26.3601797], [92.5638439, 26.3585912], [92.5642964, 26.3557166], [92.5645978, 26.3541869], [92.5655516, 26.3504912], [92.5662591, 26.3482531], [92.5668778, 26.346299], [92.5668964, 26.3462406], [92.5671975, 26.3450763], [92.5673836, 26.3437631], [92.5680221, 26.3391782], [92.5681731, 26.337865], [92.5680631, 26.3374362], [92.5677909, 26.3369564], [92.5672925, 26.3360775], [92.566542, 26.3345789], [92.5658865, 26.3334458], [92.5656012, 26.3331704], [92.5651805, 26.3331115], [92.5647297, 26.3332918], [92.5642938, 26.3335624], [92.5637729, 26.3335351], [92.561895, 26.3330784], [92.5615746, 26.3329293], [92.5614246, 26.3324735], [92.561061, 26.3290705], [92.5608618, 26.3272065], [92.5606574, 26.3255276], [92.5603285, 26.3227881], [92.5601899, 26.321849], [92.5600941, 26.3211994], [92.5600251, 26.3210206], [92.5597091, 26.3202018], [92.558969, 26.3184324], [92.557486, 26.3156068], [92.5567634, 26.3139228], [92.5562632, 26.3129973], [92.5558125, 26.3129384], [92.5555072, 26.3127081], [92.5547067, 26.3115885], [92.5535011, 26.3097691], [92.5526107, 26.3083651], [92.5523755, 26.3081348], [92.55179, 26.3076832], [92.5507189, 26.306956], [92.5483017, 26.3050727], [92.5472958, 26.3042418], [92.5448489, 26.3020922], [92.5428375, 26.3002], [92.5428018, 26.3001652], [92.5416867, 26.2990756], [92.5403658, 26.2977886], [92.5394602, 26.2969531], [92.5378691, 26.2955937], [92.5368484, 26.2948213], [92.5356224, 26.2938953], [92.5345016, 26.2931228], [92.5332557, 26.2921066], [92.532934, 26.2918244], [92.5325503, 26.2914878], [92.5315798, 26.290562], [92.5311671, 26.2900308], [92.5308396, 26.2896093], [92.5294352, 26.2878952], [92.5284983, 26.2875813], [92.5276926, 26.2872783], [92.5266018, 26.2865961], [92.5244154, 26.2849879], [92.5232597, 26.2841882], [92.5232058, 26.2841491], [92.5227697, 26.2838327], [92.5224192, 26.2835783], [92.522725, 26.2831408], [92.5223397, 26.2828562], [92.5204083, 26.2818529], [92.51954, 26.2811988], [92.5197233, 26.2809181], [92.5197233, 26.2808582], [92.5197234, 26.2807782], [92.5168859, 26.279362], [92.516536, 26.2791962], [92.5147398, 26.2782425], [92.5134339, 26.2775329], [92.5109503, 26.2762567], [92.5101016, 26.2758062], [92.5082353, 26.2749652], [92.5077991, 26.2748499], [92.5072594, 26.2747072], [92.5062387, 26.2742956], [92.5057383, 26.2740379], [92.504948, 26.2734641], [92.5041125, 26.2730707], [92.5032417, 26.2728579], [92.5014801, 26.2724456], [92.5000587, 26.2722322], [92.4993776, 26.2721666], [92.4987993, 26.2721541], [92.4981841, 26.2721838], [92.4950013, 26.2725016], [92.4943264, 26.2733957], [92.4938395, 26.274081], [92.4936245, 26.2743837], [92.4935126, 26.2745411], [92.4935116, 26.2745411], [92.4895697, 26.2746131], [92.4870284, 26.2746559], [92.4851973, 26.2747311], [92.4833253, 26.2746403], [92.4824669, 26.2745953], [92.4804577, 26.2744898], [92.476998, 26.274301], [92.4748469, 26.274171], [92.4727593, 26.2740905], [92.4710117, 26.2740367], [92.4698132, 26.2739998], [92.4669789, 26.2737979], [92.4651636, 26.2737069], [92.4630533, 26.2736161], [92.462123, 26.2735859], [92.4617762, 26.2735769], [92.4603509, 26.2735399], [92.4585923, 26.2734386], [92.456709, 26.273368], [92.4555277, 26.2732645], [92.4540868, 26.2731016], [92.4538875, 26.2730994], [92.4531679, 26.2730918], [92.4523037, 26.2730566], [92.4505522, 26.272774], [92.4495632, 26.2727253], [92.4479826, 26.2725852], [92.4455213, 26.2723662], [92.443801, 26.2722114], [92.4438712, 26.2711436], [92.4438957, 26.2701191], [92.4426291, 26.2697676], [92.4415076, 26.2694658], [92.4397905, 26.2691235], [92.4379233, 26.2689979], [92.4347956, 26.269226], [92.4347498, 26.2692293], [92.4333334, 26.2694826], [92.4325676, 26.2696634], [92.4321469, 26.2692303], [92.4321268, 26.2689731], [92.4321916, 26.2683683], [92.4321264, 26.2682329], [92.4320613, 26.2681923], [92.43087, 26.2681747], [92.4298487, 26.2679585], [92.4291477, 26.267556], [92.4288274, 26.2673721], [92.4274055, 26.2667814], [92.4256886, 26.2666466], [92.4247576, 26.2669402], [92.42458, 26.2671596], [92.4244725, 26.2672923], [92.4245628, 26.2679015], [92.4248033, 26.2685559], [92.4246059, 26.2690946], [92.4245883, 26.2691426], [92.4240615, 26.2697705], [92.4240429, 26.2697927], [92.4234073, 26.2700185], [92.4224163, 26.2704385], [92.4217857, 26.270732], [92.4211149, 26.2706916], [92.4191975, 26.2701506], [92.4187867, 26.269045], [92.4185489, 26.2681637], [92.4185014, 26.2679878], [92.4184409, 26.2677634], [92.4178096, 26.2658636], [92.4165575, 26.2635713], [92.4152854, 26.2614641], [92.4149949, 26.2606834], [92.4148795, 26.2597492], [92.4142363, 26.2572976], [92.4138373, 26.2561119], [92.413191, 26.2539504], [92.413051, 26.2532034], [92.4128937, 26.2523636], [92.4128604, 26.252186], [92.4128921, 26.2519386], [92.4128977, 26.2518953], [92.412932, 26.2516271], [92.4133015, 26.2511937], [92.4141072, 26.2507], [92.4138481, 26.2500677], [92.4138405, 26.2500493], [92.4138405, 26.2500492], [92.4134305, 26.2493792], [92.4131631, 26.2489842], [92.4121646, 26.2477916], [92.4107161, 26.2464738], [92.4104511, 26.2463907], [92.409081, 26.2460028], [92.4088615, 26.2459406], [92.4081318, 26.2454238], [92.4079944, 26.2451493], [92.4078199, 26.2448008], [92.4077022, 26.2445657], [92.4078132, 26.2440769], [92.4083043, 26.2434917], [92.4097988, 26.2429351], [92.4113885, 26.2429031], [92.4124183, 26.2430786], [92.4133683, 26.2429112], [92.4153533, 26.2418917], [92.4163464, 26.2412693], [92.4170716, 26.2408149], [92.4174481, 26.240579], [92.4199091, 26.2387492], [92.4201397, 26.2385852], [92.420231, 26.2385202], [92.4206365, 26.2382318], [92.4210559, 26.2379335], [92.421093, 26.2379071], [92.4214728, 26.2376369], [92.4216126, 26.2375375], [92.4219752, 26.2371808], [92.4229752, 26.2361973], [92.4243141, 26.2341475], [92.4253909, 26.2317791], [92.4254615, 26.2316238], [92.4255899, 26.2298594], [92.4256794, 26.2286297], [92.4257653, 26.2274495], [92.4258104, 26.2268298], [92.4258374, 26.2265091], [92.4259544, 26.2251177], [92.4260166, 26.2248801], [92.4264795, 26.2231135], [92.427137, 26.221746], [92.4272486, 26.2216295], [92.4273655, 26.2215075], [92.4277345, 26.2211226], [92.4280759, 26.2207664], [92.4281313, 26.2207086], [92.4286087, 26.2202104], [92.4288763, 26.2197468], [92.4289698, 26.2195848], [92.4290736, 26.2194049], [92.4290947, 26.2191899], [92.4292039, 26.2180754], [92.4298121, 26.2118677], [92.4301494, 26.2088836], [92.4301682, 26.2087173], [92.4302096, 26.2083516], [92.4302655, 26.207857], [92.4302609, 26.2076963], [92.430245, 26.2071305], [92.4302192, 26.2062175], [92.430077, 26.2055969], [92.43005, 26.2054789], [92.4291308, 26.2014666], [92.4283733, 26.1980621], [92.428208, 26.1973191], [92.4276766, 26.195115], [92.4274628, 26.194478], [92.4275949, 26.1935489], [92.4283878, 26.1932186], [92.4294495, 26.1922931], [92.4298609, 26.1913161], [92.4300005, 26.1904848], [92.4297809, 26.1898814], [92.429733, 26.1897497], [92.4293552, 26.1894057], [92.4287863, 26.18933], [92.4280013, 26.1890822], [92.4277046, 26.1887874], [92.4277904, 26.187858], [92.4278243, 26.1876794], [92.4280886, 26.1862862], [92.4281243, 26.1860978], [92.4277539, 26.1842368], [92.4268132, 26.1825938], [92.4256316, 26.1812058], [92.4238552, 26.1793363], [92.4232046, 26.1786516], [92.4230175, 26.1781126], [92.4223228, 26.176079], [92.4219274, 26.1740758], [92.4216591, 26.1727168], [92.4208259, 26.1684952], [92.4206542, 26.167625], [92.4201916, 26.1652812], [92.4199977, 26.1642986], [92.4197506, 26.1630399], [92.4196028, 26.1622868], [92.4195618, 26.1620781], [92.4193699, 26.1611004], [92.4193619, 26.1610597], [92.4186111, 26.1572347], [92.4177199, 26.1526942], [92.4175658, 26.1519085], [92.4171683, 26.1516015], [92.4143853, 26.149951], [92.4131383, 26.1491704], [92.4125937, 26.1488295], [92.4119504, 26.1484268], [92.4114002, 26.1480824], [92.4097104, 26.1470246], [92.4085232, 26.1462814], [92.4060679, 26.1442843], [92.404722, 26.1431895], [92.4044398, 26.1431738], [92.4043558, 26.1431692], [92.402338, 26.1430573], [92.4024623, 26.1419582], [92.4022103, 26.1415398], [92.401512, 26.1403135], [92.4011634, 26.1396026], [92.4007874, 26.1389404], [92.4002735, 26.1387425], [92.3994073, 26.1385676], [92.3989631, 26.1380939], [92.3989376, 26.1380667], [92.3988826, 26.1376921], [92.3988725, 26.137489], [92.3986723, 26.1365322], [92.3985523, 26.1360448], [92.3984419, 26.1358025], [92.398747, 26.1344968], [92.3993141, 26.1323409], [92.3997531, 26.1316781], [92.3997597, 26.1316683], [92.3997815, 26.1316353], [92.3998081, 26.1316131], [92.3998356, 26.1315901], [92.3998401, 26.1315863], [92.4000515, 26.1314096], [92.4005964, 26.1309311], [92.4006258, 26.1308943], [92.4007931, 26.1306849], [92.4010281, 26.1303906], [92.4010369, 26.1303796], [92.4017899, 26.1294369], [92.4030862, 26.128484], [92.4039406, 26.1279745], [92.4043444, 26.1277348], [92.4044654, 26.127663], [92.4050004, 26.1274373], [92.4055304, 26.1276493], [92.4061203, 26.1275319], [92.4064952, 26.1273377], [92.4084988, 26.1259772], [92.4083649, 26.1257841], [92.4077896, 26.1249545], [92.4065444, 26.1239484], [92.4051694, 26.1230415], [92.4041243, 26.1223782], [92.4041076, 26.1223695], [92.4034593, 26.1220308], [92.4032144, 26.1219587], [92.4010096, 26.1216792], [92.4005546, 26.1213904], [92.3997673, 26.1205139], [92.3994846, 26.1201991], [92.3989895, 26.1191251], [92.3979793, 26.1173561], [92.3973043, 26.1162459], [92.3963342, 26.1148425], [92.3955892, 26.1137684], [92.3953293, 26.1135654], [92.3951592, 26.1134299], [92.3950742, 26.1133623], [92.3946464, 26.1129649], [92.3945543, 26.1128794], [92.3942692, 26.1123289], [92.3939893, 26.1118866], [92.3937993, 26.1116655], [92.3931594, 26.1113045], [92.3925195, 26.1109074], [92.3919296, 26.1104697], [92.3916796, 26.1101493], [92.3909847, 26.1091654], [92.3904498, 26.1083485], [92.3904483, 26.1083459], [92.3900298, 26.107613], [92.3898498, 26.1073016], [92.3895443, 26.1069568], [92.3895299, 26.1069406], [92.3890449, 26.1066518], [92.3885549, 26.1061915], [92.38818, 26.1056454], [92.3879152, 26.1052438], [92.3876251, 26.1047925], [92.3868453, 26.1036642], [92.3858005, 26.1022155], [92.3847608, 26.1009609], [92.3841909, 26.1003652], [92.383961, 26.0998281], [92.3838405, 26.0995333], [92.383771, 26.0993633], [92.3836561, 26.0987496], [92.3833511, 26.0979553], [92.3831362, 26.0975175], [92.3828562, 26.0969263], [92.3821165, 26.0950984], [92.3817865, 26.0945884], [92.3815794, 26.0943681], [92.380747, 26.0934828], [92.3803171, 26.092711], [92.3800971, 26.0923093], [92.3798822, 26.0917814], [92.3795324, 26.0912984], [92.3784178, 26.0901521], [92.3780079, 26.0898542], [92.3765036, 26.0889019], [92.3763172, 26.0886577], [92.3762038, 26.0885092], [92.3752791, 26.0871733], [92.3749143, 26.0867716], [92.3721507, 26.0849075], [92.3709512, 26.0840772], [92.3704016, 26.0836709], [92.3699768, 26.0832105], [92.3683175, 26.0824296], [92.367518, 26.0821362], [92.3669283, 26.0817255], [92.3666334, 26.0813328], [92.3662687, 26.0807324], [92.3659038, 26.0803895], [92.3653692, 26.0800374], [92.3650343, 26.0797125], [92.3639401, 26.0785028], [92.3631105, 26.0777626], [92.3628858, 26.077582], [92.3628519, 26.0775854], [92.3625259, 26.077618], [92.3624459, 26.0776541], [92.362261, 26.0780377], [92.3620425, 26.0785068], [92.3619961, 26.0786064], [92.3619361, 26.0788501], [92.361811, 26.0794323], [92.3618909, 26.0797797], [92.3621607, 26.0800822], [92.3624856, 26.0804433], [92.3627104, 26.0808901], [92.3628203, 26.0812241], [92.3628202, 26.0815671], [92.3627052, 26.082032], [92.3624853, 26.0824922], [92.3616558, 26.0836351], [92.3612166, 26.0842326], [92.3606457, 26.0848524], [92.3603158, 26.0849877], [92.3599468, 26.085042], [92.359826, 26.0855825], [92.3596208, 26.0867297], [92.3595907, 26.0872397], [92.3596703, 26.0892797], [92.35983, 26.0910218], [92.3596762, 26.0914549], [92.35962, 26.0916129], [92.3589903, 26.0913511], [92.3586139, 26.0910341], [92.3576226, 26.0901992], [92.357511, 26.0901052], [92.3562568, 26.0887601], [92.3557772, 26.0878258], [92.3555953, 26.0874008], [92.3545516, 26.0849613], [92.3532995, 26.084996], [92.3520643, 26.0851986], [92.3502195, 26.0850924], [92.3480112, 26.0852563], [92.347072, 26.0835412], [92.3463065, 26.0833211], [92.3460975, 26.0832611], [92.345193, 26.0828818], [92.3432294, 26.081744], [92.3417152, 26.0810847], [92.3401412, 26.0805111], [92.3388421, 26.0796803], [92.3371131, 26.0789893], [92.3359739, 26.0785602], [92.334285, 26.077815], [92.3338652, 26.0778871], [92.3333853, 26.0780404], [92.3327108, 26.0779364], [92.3318113, 26.0777466], [92.330717, 26.0772588], [92.3296113, 26.0772495], [92.3295975, 26.0772494], [92.3295568, 26.077317], [92.3295461, 26.0773347], [92.3292584, 26.0778121], [92.3287925, 26.078585], [92.3284907, 26.0790815], [92.3278014, 26.0802155], [92.3274519, 26.0807904], [92.3269191, 26.081667], [92.3267091, 26.0820124], [92.3266669, 26.0820819], [92.3262469, 26.0825917], [92.3257487, 26.0835211], [92.3257467, 26.0835302], [92.3257152, 26.083573], [92.3254642, 26.0839131], [92.3253184, 26.0841106], [92.3251615, 26.0843232], [92.3251097, 26.0843935], [92.3247325, 26.0849046], [92.3246192, 26.085058], [92.3244814, 26.0852448], [92.3242733, 26.085499], [92.3236763, 26.0862284], [92.3234214, 26.0863275], [92.3234064, 26.086332], [92.3234061, 26.0863316], [92.3233393, 26.0862365], [92.3231726, 26.0859993], [92.3230068, 26.0857632], [92.3223923, 26.085244], [92.3218077, 26.0851444], [92.3208731, 26.0850087], [92.3191639, 26.0850215], [92.3180793, 26.0849861], [92.3156655, 26.0849072], [92.3148408, 26.0849249], [92.3147238, 26.0848878], [92.3144561, 26.0848028], [92.3143611, 26.0847351], [92.3138669, 26.0837465], [92.3133277, 26.082794], [92.313043, 26.0823967], [92.3127733, 26.0822386], [92.3122735, 26.0821707], [92.3112015, 26.0822063], [92.3106087, 26.0823267], [92.3086505, 26.0830473], [92.3068406, 26.084032], [92.3045796, 26.0850581], [92.3043109, 26.0846743], [92.3038048, 26.0833048], [92.3031082, 26.0818547], [92.3022649, 26.0803509], [92.3020834, 26.0800886], [92.3015366, 26.0792988], [92.3012748, 26.0788463], [92.3007968, 26.0777025], [92.3006673, 26.0776811], [92.2988947, 26.0773879], [92.298643, 26.078194], [92.2985459, 26.0792046], [92.2985511, 26.0794143], [92.2985564, 26.0796276], [92.2985578, 26.0796825], [92.29838, 26.0799338], [92.2977386, 26.0802436], [92.2976727, 26.0802754], [92.2976286, 26.0803279], [92.2973176, 26.0806984], [92.2969319, 26.0813203], [92.2967368, 26.0820096], [92.2966676, 26.0822937], [92.2957803, 26.0822703], [92.294812, 26.08204], [92.2944745, 26.0819587], [92.2943722, 26.0818786], [92.2941556, 26.0812537], [92.2938943, 26.0807215], [92.2936508, 26.0805238], [92.2936311, 26.0805079], [92.2934043, 26.0803321], [92.292666, 26.0797599], [92.290915, 26.0785496], [92.2908437, 26.0785022], [92.2907146, 26.0784164], [92.2902711, 26.0781217], [92.2901497, 26.0781223], [92.2889195, 26.0781283], [92.2882611, 26.0781158], [92.2881743, 26.0781141], [92.2879793, 26.0781104], [92.2876907, 26.0780152], [92.2874075, 26.0779217], [92.2867642, 26.0774009], [92.286599, 26.0771682], [92.2860359, 26.0763754], [92.2858958, 26.0759319], [92.2854295, 26.0748526], [92.2849992, 26.0744729], [92.2846678, 26.0741804], [92.2845779, 26.0739222], [92.2845438, 26.0734887], [92.2845162, 26.0731378], [92.2844884, 26.0730307], [92.2843445, 26.0724751], [92.2841236, 26.0716466], [92.2837766, 26.0709873], [92.2833548, 26.0703708], [92.2826128, 26.069716], [92.2819042, 26.0691655], [92.2818817, 26.069148], [92.2813975, 26.0688157], [92.280897, 26.0685051], [92.2800206, 26.0681725], [92.2796629, 26.068087], [92.2792721, 26.0680311], [92.278366, 26.0679849], [92.2777353, 26.0678187], [92.2776274, 26.0677903], [92.2766868, 26.0674292], [92.2763947, 26.0673138], [92.2759089, 26.0669712], [92.2756203, 26.0666976], [92.2752178, 26.0662614], [92.2750942, 26.0661274], [92.2747955, 26.0657881], [92.2747018, 26.0656624], [92.2741584, 26.0656954], [92.2734788, 26.0656769], [92.2728293, 26.0654688], [92.2722848, 26.0652924], [92.2721379, 26.065252], [92.2718651, 26.0652154], [92.2716553, 26.0652288], [92.2714251, 26.0656574], [92.2714096, 26.0660861], [92.2713743, 26.0664336], [92.2713543, 26.066578], [92.271129, 26.0670337], [92.2710239, 26.0671284], [92.270899, 26.0671779], [92.2707392, 26.0671778], [92.2705642, 26.0671461], [92.2702845, 26.0670195], [92.2696345, 26.0674929], [92.2695494, 26.0676372], [92.2693743, 26.0678583], [92.2691093, 26.0680612], [92.2688843, 26.0681739], [92.2685995, 26.068124], [92.268285, 26.0677943], [92.2680055, 26.067415], [92.2670067, 26.0667328], [92.2666569, 26.0667641], [92.2663921, 26.0667639], [92.2659924, 26.0667004], [92.2650082, 26.0664289], [92.262775, 26.0660256], [92.2622303, 26.0659935], [92.2618455, 26.0660428], [92.2615805, 26.0661058], [92.2611061, 26.0658166], [92.2612662, 26.0655821], [92.2613164, 26.0654377], [92.2612665, 26.0653429], [92.2611267, 26.0651667], [92.2606522, 26.0650264], [92.2602125, 26.0649765], [92.2594035, 26.0644298], [92.259334, 26.064019], [92.2591393, 26.0638157], [92.2589295, 26.0637028], [92.2587347, 26.0636079], [92.2585599, 26.0635445], [92.2583151, 26.0634631], [92.2578055, 26.0634311], [92.2576155, 26.0634806], [92.2573706, 26.0636067], [92.2570855, 26.0638592], [92.2569104, 26.0640171], [92.2564905, 26.0642695], [92.2563006, 26.0643189], [92.2559307, 26.0643638], [92.2557908, 26.064332], [92.2554561, 26.064237], [92.2551965, 26.0640472], [92.2550169, 26.0638259], [92.2544926, 26.0634148], [92.2543067, 26.0633643], [92.253993, 26.063279], [92.2537746, 26.0633258], [92.2535532, 26.0633734], [92.2531334, 26.0634858], [92.2527835, 26.0635488], [92.2526086, 26.0635622], [92.2522039, 26.0635799], [92.2518392, 26.0635164], [92.2514694, 26.0634664], [92.2512396, 26.0634663], [92.2510646, 26.0634841], [92.2509597, 26.0634976], [92.2509097, 26.0635607], [92.2508544, 26.0638495], [92.2508542, 26.064021], [92.250889, 26.0642286], [92.2508538, 26.0643685], [92.2506639, 26.0645128], [92.2505188, 26.0645262], [92.250434, 26.0645126], [92.2502741, 26.0644628], [92.2499796, 26.0641782], [92.2495403, 26.0637672], [92.2492408, 26.0635277], [92.2486714, 26.0631617], [92.2484467, 26.0630667], [92.2478673, 26.0629217], [92.2476923, 26.0629396], [92.2472673, 26.0632371], [92.2470261, 26.0634585], [92.2451721, 26.0636671], [92.2441723, 26.0632437], [92.2438821, 26.0628964], [92.2435121, 26.062635], [92.2432671, 26.0625359], [92.2429574, 26.0625362], [92.2427276, 26.0626086], [92.2424379, 26.0627397], [92.2418975, 26.0619774], [92.2412185, 26.0625692], [92.2411687, 26.0628039], [92.2410389, 26.0628897], [92.240879, 26.0628899], [92.2406641, 26.0627998], [92.2402391, 26.0625925], [92.2397741, 26.0623176], [92.2394842, 26.0622185], [92.2389944, 26.062061], [92.2385596, 26.0619801], [92.2383698, 26.0620209], [92.238185, 26.0621429], [92.2380252, 26.062301], [92.2378956, 26.0625628], [92.2377859, 26.0628112], [92.2377112, 26.0631001], [92.2375465, 26.0633529], [92.2373318, 26.063484], [92.2367823, 26.0636333], [92.2344742, 26.0641315], [92.2337697, 26.0642585], [92.2330003, 26.0643583], [92.2323608, 26.0643859], [92.2323557, 26.0643857], [92.2317062, 26.0643683], [92.2309965, 26.0643643], [92.2303071, 26.064455], [92.2297326, 26.0645502], [92.2294378, 26.0646182], [92.229168, 26.0647628], [92.2288935, 26.0650203], [92.2287888, 26.0653137], [92.2287292, 26.0657425], [92.2286746, 26.0662435], [92.2286551, 26.0666678], [92.2285852, 26.0667986], [92.2273465, 26.0674314], [92.2271866, 26.0674451], [92.2269265, 26.067197], [92.2266965, 26.0669761], [92.2265265, 26.0669039], [92.2263016, 26.0669041], [92.2261019, 26.0669855], [92.225927, 26.0671029], [92.2257973, 26.0672609], [92.2256425, 26.0675048], [92.2255628, 26.0676628], [92.2252281, 26.0678842], [92.2249184, 26.0679837], [92.2244637, 26.0680517], [92.223999, 26.068043], [92.2236841, 26.0679981], [92.2232743, 26.0679488], [92.2229646, 26.0679354], [92.2224898, 26.0679808], [92.222235, 26.0680893], [92.2218306, 26.068392], [92.221606, 26.0687171], [92.2214013, 26.0690512], [92.2212867, 26.0694303], [92.2211221, 26.0698457], [92.2209974, 26.0701031], [92.2207677, 26.0702567], [92.2205429, 26.0703019], [92.2203779, 26.0702524], [92.2202379, 26.070081], [92.2199777, 26.0696478], [92.2198426, 26.0695442], [92.2196628, 26.0695217], [92.2194579, 26.0695444], [92.2189433, 26.0697162], [92.2188284, 26.0698337], [92.2186436, 26.0698292], [92.2184786, 26.0698023], [92.2182687, 26.0697032], [92.2178487, 26.0694146], [92.2173487, 26.0690042], [92.2167388, 26.0686662], [92.2164138, 26.068522], [92.215964, 26.06845], [92.2154793, 26.0684142], [92.2152094, 26.0684369], [92.2139253, 26.0684829], [92.2132906, 26.0684607], [92.2129708, 26.0684744], [92.2125511, 26.0685514], [92.2122663, 26.0686508], [92.2111874, 26.0692608], [92.2103561, 26.0697979], [92.2103133, 26.0698255], [92.2097938, 26.0700831], [92.2092493, 26.070309], [92.2086697, 26.0704357], [92.208175, 26.0704676], [92.2075752, 26.070346], [92.2071554, 26.070247], [92.2068755, 26.070157], [92.2065055, 26.0699134], [92.2062655, 26.0696293], [92.2061904, 26.0694171], [92.2061951, 26.0691193], [92.2063249, 26.0687943], [92.2065695, 26.068433], [92.2066393, 26.0682841], [92.2066293, 26.0681938], [92.2065093, 26.0681443], [92.2063294, 26.0681353], [92.2050454, 26.0684339], [92.2044458, 26.0685561], [92.2037413, 26.0686829], [92.2032417, 26.0688231], [92.2020327, 26.0692208], [92.2013981, 26.0694333], [92.2007136, 26.0696187], [92.2004238, 26.0696189], [92.200084, 26.069592], [92.1998691, 26.069547], [92.1996741, 26.0693981], [92.1994641, 26.0692268], [92.1990593, 26.0690554], [92.1986744, 26.0689924], [92.1956659, 26.0686014], [92.1951812, 26.0686422], [92.1947166, 26.0686289], [92.1944166, 26.0685569], [92.1941668, 26.0684487], [92.1938368, 26.0682412], [92.1935018, 26.0679254], [92.1930568, 26.0674924], [92.1928468, 26.0673662], [92.192647, 26.0673346], [92.192512, 26.0673753], [92.1923772, 26.0674882], [92.1920726, 26.0679397], [92.1919379, 26.0682511], [92.1916682, 26.0685898], [92.1914685, 26.0687658], [92.1912736, 26.0688427], [92.1910137, 26.0688383], [92.1907889, 26.0687797], [92.190379, 26.0685723], [92.1898692, 26.0682701], [92.1888393, 26.0674853], [92.1884393, 26.0671063], [92.187854, 26.06675], [92.1878245, 26.066732], [92.1873597, 26.0665698], [92.1871598, 26.0665744], [92.1867152, 26.0667867], [92.1863706, 26.0670305], [92.1862108, 26.0673195], [92.186126, 26.0676535], [92.1861371, 26.0677785], [92.1861561, 26.0679919], [92.1862862, 26.0682085], [92.1864212, 26.0683754], [92.1866412, 26.0685062], [92.186921, 26.068619], [92.1873608, 26.0687135], [92.1875507, 26.0687812], [92.1876407, 26.0689029], [92.1876159, 26.0691061], [92.187516, 26.069228], [92.1873361, 26.0692957], [92.1869464, 26.0692959], [92.1864016, 26.0692059], [92.1857569, 26.0690752], [92.1853921, 26.0689626], [92.1849473, 26.0688545], [92.1844226, 26.0688367], [92.1838729, 26.0688233], [92.1822289, 26.0689819], [92.1818092, 26.0690588], [92.1813995, 26.0692215], [92.1811298, 26.0694698], [92.1809351, 26.0697452], [92.1808404, 26.0702958], [92.1807007, 26.0707427], [92.1805809, 26.0710993], [92.180491, 26.071176], [92.1802911, 26.0711715], [92.1801212, 26.071131], [92.1798063, 26.0709416], [92.1796363, 26.0707476], [92.1793511, 26.07017], [92.179056, 26.0694571], [92.1787259, 26.0687802], [92.1785409, 26.0685591], [92.178346, 26.0685322], [92.1780982, 26.0685506], [92.1780412, 26.0685548], [92.1775416, 26.0687716], [92.1772268, 26.069047], [92.176083, 26.0702254], [92.1759482, 26.0704781], [92.1759632, 26.0706362], [92.1760383, 26.0707986], [92.1762683, 26.0710738], [92.1764933, 26.0713038], [92.1766583, 26.0715566], [92.1767835, 26.0721703], [92.1767587, 26.0725991], [92.176624, 26.0730188], [92.1763344, 26.0734431], [92.1761546, 26.0737456], [92.1761146, 26.0740029], [92.1761748, 26.0742917], [92.1763098, 26.0744993], [92.1767097, 26.0748105], [92.1772146, 26.0750224], [92.1779692, 26.0752524], [92.1785841, 26.0754507], [92.178779, 26.0756943], [92.1789942, 26.076123], [92.1790321, 26.076238], [92.1791342, 26.0765472], [92.1792444, 26.0771383], [92.1792196, 26.0775671], [92.1791648, 26.0777521], [92.179005, 26.0779869], [92.1788002, 26.0781901], [92.1786452, 26.0782217], [92.1783154, 26.0782444], [92.1777207, 26.0781995], [92.1775152, 26.0781625], [92.177121, 26.0780914], [92.1765262, 26.0779878], [92.1761332, 26.0779506], [92.1760954, 26.0780906], [92.1758212, 26.0793125], [92.1757534, 26.0797732], [92.1757468, 26.079818], [92.175677, 26.0802926], [92.1753869, 26.0811325], [92.175316, 26.081338], [92.1747088, 26.0822611], [92.1745148, 26.082414], [92.1741899, 26.0826701], [92.1738296, 26.0828275], [92.1737985, 26.0828411], [92.1733333, 26.0829649], [92.1727805, 26.083112], [92.1719985, 26.0837884], [92.1711709, 26.0849096], [92.1704642, 26.0861616], [92.1701135, 26.0880035], [92.1700821, 26.0880816], [92.1698246, 26.0887222], [92.1688485, 26.0899116], [92.1681629, 26.0920546], [92.1681041, 26.0940458], [92.1685638, 26.0947944], [92.1686585, 26.0959395], [92.1686639, 26.0959654], [92.1686981, 26.0961301], [92.1691766, 26.0966929], [92.1698275, 26.0973461], [92.1704785, 26.0981952], [92.1710574, 26.099567], [92.1711061, 26.1012129], [92.1711036, 26.1013077], [92.1710587, 26.1015108], [92.1710371, 26.1016049], [92.1708291, 26.1025128], [92.1704149, 26.1045167], [92.1703844, 26.1046847], [92.1702353, 26.1055051], [92.1700307, 26.106471], [92.1697961, 26.1074053], [92.1693249, 26.109525], [92.1692022, 26.110172], [92.1689532, 26.1110433], [92.1687578, 26.111727], [92.1687378, 26.1117969], [92.1674326, 26.114254], [92.1671004, 26.114933], [92.1669343, 26.1152724], [92.1664347, 26.1162474], [92.1659251, 26.1172179], [92.1654505, 26.1181793], [92.165312, 26.1184676], [92.1649908, 26.1191362], [92.1640165, 26.1209642], [92.1639874, 26.121008], [92.1634568, 26.1218038], [92.1633775, 26.1239791], [92.1633428, 26.1250668], [92.1633051, 26.1256985], [92.1632781, 26.12615], [92.1632623, 26.1263952], [92.1632084, 26.1272331], [92.1631532, 26.1280366], [92.1631337, 26.1283208], [92.163079, 26.1293995], [92.1629847, 26.1315568], [92.1629714, 26.1318758], [92.16294, 26.1326354], [92.1629297, 26.1329525], [92.1629118, 26.1335083], [92.1629053, 26.1337095], [92.1628706, 26.1347837], [92.1627959, 26.1357901], [92.1627212, 26.1367965], [92.1626049, 26.1379019], [92.162482, 26.139676], [92.1624572, 26.1405425], [92.1623026, 26.1421447], [92.1620183, 26.1445141], [92.1620584, 26.1450015], [92.1623236, 26.1455611], [92.1628892, 26.1474113], [92.163338, 26.1488856], [92.1635849, 26.1498257], [92.1639152, 26.1504574], [92.1644113, 26.1512246], [92.1644405, 26.1512697], [92.1650108, 26.1521676], [92.1657613, 26.153386], [92.1660716, 26.1541622], [92.1665222, 26.1561162], [92.1666275, 26.1569286], [92.1668334, 26.1596183], [92.1668334, 26.1596228], [92.1668135, 26.1600696], [92.1668688, 26.1608955], [92.1669542, 26.1619696], [92.1669793, 26.1624841], [92.1669995, 26.162985], [92.1669736, 26.1638638], [92.1669698, 26.1639915], [92.1669048, 26.1640276], [92.1666158, 26.1637718], [92.1663796, 26.1635629], [92.1661144, 26.1633463], [92.1656892, 26.1630711], [92.1651991, 26.162814], [92.1647189, 26.162611], [92.1643038, 26.1625344], [92.1636936, 26.1625616], [92.1632086, 26.1627377], [92.1626335, 26.1629951], [92.1621885, 26.1632254], [92.1617635, 26.1635459], [92.1617485, 26.1635595], [92.1617155, 26.1636058], [92.161673, 26.1636655], [92.1612086, 26.1643178], [92.161156, 26.1643999], [92.1606537, 26.1651844], [92.1593911, 26.1672097], [92.1580585, 26.1689015], [92.1578965, 26.1691273], [92.1577192, 26.1693746], [92.157649, 26.1694725], [92.1571867, 26.1699844], [92.157164, 26.1700096], [92.1568189, 26.1703572], [92.1567016, 26.1704229], [92.1563189, 26.1706371], [92.1562989, 26.1706461], [92.1562344, 26.1706661], [92.1557737, 26.1708087], [92.1555848, 26.1708428], [92.1551486, 26.1709216], [92.1546784, 26.1708766], [92.1537681, 26.1705338], [92.1533829, 26.1703037], [92.1531028, 26.17006], [92.1527476, 26.1695726], [92.1527376, 26.1695546], [92.1526522, 26.1693726], [92.1525575, 26.169171], [92.1525176, 26.1690509], [92.1523673, 26.1685979], [92.1523523, 26.1684986], [92.1523366, 26.1677323], [92.1522769, 26.1668017], [92.1522118, 26.1659036], [92.1519463, 26.1640758], [92.1518061, 26.1631642], [92.151696, 26.1627129], [92.1514109, 26.1621398], [92.1512058, 26.1619187], [92.1507856, 26.1615848], [92.1502355, 26.1613953], [92.1496954, 26.1615262], [92.1475401, 26.162736], [92.1475251, 26.1627451], [92.1446797, 26.1646048], [92.1434495, 26.1654669], [92.1420593, 26.1664464], [92.1420443, 26.1664554], [92.1406882, 26.1672217], [92.1405835, 26.1672809], [92.1402789, 26.1674529], [92.1400639, 26.1675658], [92.1383735, 26.1684189], [92.1367381, 26.1692719], [92.1331822, 26.1713391], [92.1324579, 26.1719919], [92.1321949, 26.1722586], [92.1316768, 26.1729728], [92.1313267, 26.1736272], [92.1309666, 26.174408], [92.1308715, 26.1747059], [92.1308605, 26.174779], [92.1307665, 26.1754054], [92.1307115, 26.1769038], [92.1307165, 26.1774092], [92.1306615, 26.1784427], [92.1306015, 26.1791377], [92.1304514, 26.1798914], [92.1302255, 26.1802361], [92.1301763, 26.1803111], [92.1298012, 26.1805503], [92.1296861, 26.1805909], [92.1294811, 26.1805594], [92.1289534, 26.1803383], [92.1287808, 26.180266], [92.1280431, 26.1799179], [92.1260598, 26.1791061], [92.1243142, 26.1783975], [92.1234439, 26.1781492], [92.1214332, 26.17777], [92.1203179, 26.1775849], [92.1193626, 26.1774134], [92.1185823, 26.1772328], [92.117722, 26.1769845], [92.1168768, 26.1767136], [92.1159415, 26.1764067], [92.11593, 26.1764022], [92.1150912, 26.1760771], [92.114311, 26.175698], [92.1125856, 26.1747726], [92.1107851, 26.1738427], [92.1085796, 26.1727592], [92.1070443, 26.1722129], [92.1066092, 26.172109], [92.105984, 26.1720818], [92.1049487, 26.1720817], [92.1047436, 26.1720997], [92.1028379, 26.1726274], [92.1019125, 26.1729341], [92.1009321, 26.1733265], [92.0999867, 26.1737416], [92.0989963, 26.174134], [92.0970255, 26.1747473], [92.0958839, 26.1750692], [92.09581, 26.1750901], [92.0948446, 26.1753606], [92.0939795, 26.175511], [92.0914686, 26.176063], [92.0898376, 26.1764379], [92.0898176, 26.1764424], [92.0889273, 26.1765686], [92.0867965, 26.1767981], [92.0858411, 26.1768746], [92.0849258, 26.1768833], [92.0820347, 26.1770539], [92.0806492, 26.1771798], [92.0805776, 26.177193], [92.080139, 26.1772744], [92.0799539, 26.177342], [92.0798488, 26.1774774], [92.0798336, 26.17787], [92.0798486, 26.1779467], [92.0800536, 26.1781679], [92.0800636, 26.178178], [92.0804183, 26.178532], [92.0805285, 26.178642], [92.0805335, 26.1786465], [92.0807536, 26.1787594], [92.0813434, 26.178937], [92.0823639, 26.1793376], [92.0835142, 26.1797938], [92.0842793, 26.1802138], [92.0842793, 26.1802183], [92.0859846, 26.1810808], [92.0877949, 26.1819752], [92.0896103, 26.1829548], [92.0906205, 26.1835688], [92.0917057, 26.1842686], [92.093021, 26.1851581], [92.093336, 26.1853973], [92.0935259, 26.1859435], [92.0937708, 26.1867378], [92.0937758, 26.1867604], [92.0938607, 26.1871982], [92.093863, 26.1872747], [92.0938756, 26.1876991], [92.0938104, 26.1881775], [92.0936502, 26.1886649], [92.0934049, 26.1890981], [92.0933309, 26.1891688], [92.0930647, 26.1894229], [92.0923643, 26.1897387], [92.0915788, 26.1899777], [92.0908735, 26.1899955], [92.0902832, 26.1899412], [92.0897731, 26.1898147], [92.0896506, 26.1897552], [92.0893179, 26.1895934], [92.0884677, 26.1891193], [92.0880777, 26.1887717], [92.0878342, 26.1885191], [92.0876426, 26.1883203], [92.0874077, 26.1879961], [92.0871127, 26.187589], [92.0867726, 26.1872324], [92.0867676, 26.1872278], [92.0860226, 26.1865687], [92.0859624, 26.1865242], [92.0855525, 26.1862211], [92.0851474, 26.1859456], [92.0843622, 26.1855437], [92.0839271, 26.1853721], [92.0829469, 26.1850423], [92.0822916, 26.1850557], [92.0817513, 26.1851683], [92.0814011, 26.1852675], [92.0809508, 26.1854839], [92.0794096, 26.1867877], [92.0790443, 26.1871892], [92.0789874, 26.1874006], [92.0789191, 26.187654], [92.0788639, 26.1879744], [92.0787586, 26.1886153], [92.0787586, 26.1886198], [92.0787832, 26.1922209], [92.0787869, 26.1925687], [92.0787117, 26.1929207], [92.0785714, 26.1933494], [92.0784312, 26.1937059], [92.0779439, 26.1944519], [92.0779006, 26.1945181], [92.0778984, 26.1945204], [92.0775953, 26.1948429], [92.0771649, 26.1951902], [92.0768146, 26.1954293], [92.0763443, 26.1956774], [92.075889, 26.1959074], [92.0753336, 26.1961554], [92.074929, 26.1962972], [92.0743179, 26.1965115], [92.0725719, 26.1967997], [92.071151, 26.1970879], [92.0699904, 26.1971236], [92.0693801, 26.1970376], [92.0687498, 26.1969064], [92.0681805, 26.1967646], [92.0678245, 26.1966759], [92.0677539, 26.1966524], [92.0674444, 26.1965493], [92.0668092, 26.196179], [92.066144, 26.1959169], [92.0641184, 26.1952165], [92.0630429, 26.1951212], [92.0624876, 26.1952022], [92.0613317, 26.1957116], [92.0608714, 26.1959281], [92.0601307, 26.1964512], [92.0598854, 26.1966587], [92.059465, 26.1970286], [92.0582379, 26.1982727], [92.0574833, 26.1990968], [92.0571022, 26.1995916], [92.0563761, 26.2006285], [92.0554124, 26.2020933], [92.0550591, 26.2026812], [92.05495, 26.2028414], [92.0545584, 26.2034166], [92.0541864, 26.2039418], [92.0536143, 26.2047497], [92.0535168, 26.2048873], [92.0535118, 26.2048918], [92.053313, 26.2051377], [92.0532565, 26.2052076], [92.0529811, 26.2055911], [92.0522392, 26.2066482], [92.0519817, 26.2070224], [92.0507428, 26.2089471], [92.0493837, 26.2111789], [92.0484817, 26.2126531], [92.0476477, 26.2139347], [92.0474017, 26.2142395], [92.0467507, 26.2150064], [92.0462532, 26.2154322], [92.0460688, 26.2155586], [92.045658, 26.2155853], [92.0453378, 26.2154495], [92.0452778, 26.2154241], [92.0450678, 26.2152363], [92.0449369, 26.2150336], [92.0448545, 26.214906], [92.0446696, 26.2146035], [92.044435, 26.2138361], [92.0443653, 26.2133397], [92.0443445, 26.2129453], [92.0443209, 26.2125002], [92.0443517, 26.2115164], [92.0443676, 26.211185], [92.0443974, 26.2105687], [92.0444431, 26.2095668], [92.0444111, 26.2088274], [92.0444104, 26.2088133], [92.0444038, 26.2086596], [92.0443844, 26.2078473], [92.0444099, 26.2071387], [92.044501, 26.2057307], [92.0448534, 26.2025853], [92.0449491, 26.201782], [92.0448944, 26.2012811], [92.0447197, 26.2007439], [92.0445548, 26.2004911], [92.0442698, 26.2002201], [92.0438648, 26.199904], [92.0431098, 26.1994387], [92.0421496, 26.1989732], [92.0414245, 26.1986704], [92.0406242, 26.1984894], [92.0395486, 26.1985068], [92.0386279, 26.1988221], [92.0382375, 26.1990611], [92.0377768, 26.1995888], [92.0375462, 26.2002385], [92.0376206, 26.20106], [92.037655, 26.2018182], [92.037494, 26.2029915], [92.0371974, 26.2048416], [92.0370467, 26.2055185], [92.036761, 26.2061682], [92.0363453, 26.2067817], [92.0361979, 26.2068969], [92.0356488, 26.2073258], [92.0356294, 26.2073409], [92.0348235, 26.2079496], [92.0339624, 26.2085493], [92.033221, 26.2090126], [92.0329813, 26.2091624], [92.0324602, 26.2094197], [92.0318402, 26.2097258], [92.0308242, 26.2101042], [92.0305075, 26.2101266], [92.0300036, 26.2101623], [92.0295584, 26.2101394], [92.0289281, 26.2100487], [92.0284679, 26.2099175], [92.0279878, 26.2096915], [92.0275229, 26.2092624], [92.0271931, 26.2087612], [92.0270825, 26.2084725], [92.0269735, 26.2081879], [92.026946, 26.2080558], [92.0268589, 26.2076373], [92.0268494, 26.2070957], [92.0267753, 26.2059628], [92.0266856, 26.2055566], [92.0264759, 26.2051322], [92.0262611, 26.2047033], [92.0260314, 26.2042654], [92.0254467, 26.2034707], [92.0250219, 26.2030191], [92.024442, 26.2025357], [92.0239871, 26.2021924], [92.023027, 26.2016998], [92.0221318, 26.2013652], [92.0209314, 26.2010844], [92.0198409, 26.2009933], [92.0189453, 26.2010694], [92.0182497, 26.2012945], [92.0179743, 26.201556], [92.0178639, 26.2019486], [92.0178034, 26.2024134], [92.017785, 26.2029073], [92.0176923, 26.2034694], [92.0175418, 26.2039567], [92.0171609, 26.2046469], [92.0168654, 26.2049806], [92.0163946, 26.2054586], [92.0150527, 26.2066129], [92.0142818, 26.207041], [92.0130007, 26.207392], [92.0121852, 26.2073868], [92.0112698, 26.2072597], [92.0103396, 26.2069611], [92.0092951, 26.2066223], [92.0090142, 26.2065312], [92.0066937, 26.2057169], [92.0052385, 26.2050477], [92.0043334, 26.204713], [92.0032681, 26.2043646], [92.0022827, 26.2042148], [92.0014372, 26.204223], [92.0000016, 26.2045093], [91.9994906, 26.2046952], [91.9987797, 26.2050781], [91.9968913, 26.2059948], [91.9963135, 26.2063009], [91.9949907, 26.2070512], [91.9939792, 26.2076462], [91.9929142, 26.2082924], [91.9916691, 26.2090606], [91.9901142, 26.2100908], [91.9886441, 26.2110983], [91.9871392, 26.2121465], [91.9863291, 26.2127067], [91.985489, 26.2132083], [91.984659, 26.2137776], [91.9841691, 26.2141434], [91.983714, 26.2144462], [91.983279, 26.2147218], [91.9816688, 26.2157384], [91.9799585, 26.2168679], [91.9795686, 26.2171524], [91.9777986, 26.2185527], [91.9750283, 26.2207118], [91.9740733, 26.221448], [91.9731581, 26.2221166], [91.972468, 26.2226586], [91.9715231, 26.2235619], [91.9711831, 26.2239818], [91.9709382, 26.2242301], [91.9705582, 26.2245824], [91.9696129, 26.2253142], [91.9683178, 26.2262807], [91.9674775, 26.2268814], [91.9670024, 26.2272112], [91.9662372, 26.227654], [91.9650666, 26.228106], [91.9647515, 26.228219], [91.9642611, 26.2282508], [91.9636856, 26.2282827], [91.9632854, 26.2283191], [91.9625899, 26.2283963], [91.9619794, 26.2284688], [91.961199, 26.2286498], [91.9600935, 26.2291333], [91.959118, 26.2296483], [91.9583678, 26.2302986], [91.9581028, 26.2305876], [91.9577228, 26.2310075], [91.9573229, 26.2316756], [91.9571081, 26.2321902], [91.9570282, 26.2323843], [91.9569683, 26.2325785], [91.9568785, 26.2329937], [91.9567544, 26.2345823], [91.9567396, 26.2350879], [91.9566054, 26.2362704], [91.9565957, 26.2363295], [91.9564808, 26.2370286], [91.9564413, 26.2377642], [91.9564408, 26.2377774], [91.9564067, 26.2386173], [91.9565332, 26.2406299], [91.9565937, 26.2413159], [91.9568907, 26.2438024], [91.9570763, 26.2446418], [91.9571718, 26.2451608], [91.9572129, 26.2467042], [91.9571281, 26.2472277], [91.9570133, 26.2476791], [91.9567134, 26.2483111], [91.9563334, 26.2488844], [91.9554885, 26.2502659], [91.9548465, 26.2512324], [91.9545434, 26.2517068], [91.9541354, 26.2523815], [91.9533912, 26.2536761], [91.9533369, 26.2537755], [91.9530222, 26.2543078], [91.9528572, 26.2542085], [91.9538192, 26.2569367], [91.9555918, 26.2573018], [91.9577193, 26.2580862], [91.9601319, 26.2597139], [91.9622684, 26.2613404], [91.965088, 26.263462], [91.9666408, 26.2646304], [91.9696441, 26.2669541], [91.9736854, 26.2696348], [91.9752214, 26.2709176], [91.9767393, 26.2724902], [91.9772659, 26.2732325], [91.9778041, 26.2740975], [91.9784922, 26.2745186], [91.9795008, 26.2747604], [91.9803173, 26.275342], [91.9807379, 26.2754635], [91.9809131, 26.2754544], [91.9828451, 26.2750874], [91.9834256, 26.2749741], [91.9837909, 26.2747842], [91.9838659, 26.2746894], [91.9840508, 26.2744186], [91.9845661, 26.27403], [91.9848264, 26.273926], [91.9851466, 26.2738129], [91.9854166, 26.2735464], [91.9857265, 26.2730001], [91.9857813, 26.2726842], [91.9856906, 26.2721382], [91.9856052, 26.2717501], [91.9855299, 26.2716148], [91.9855246, 26.271335], [91.9856196, 26.271168], [91.9857896, 26.270897], [91.9860136, 26.2707], [91.9861697, 26.2705628], [91.98659, 26.2703232], [91.9871104, 26.2701875], [91.9879162, 26.2700063], [91.9895876, 26.2695537], [91.9901332, 26.2695081], [91.9905786, 26.2694987], [91.9915698, 26.269552], [91.9921555, 26.2696012], [91.992491, 26.2696957], [91.992848, 26.2698018], [91.9928631, 26.2698063], [91.9930818, 26.2698713], [91.9935626, 26.2700152], [91.993843, 26.2701143], [91.9948395, 26.2705286], [91.9962066, 26.2710916], [91.9970027, 26.271258], [91.9979143, 26.2716795], [92.0005035, 26.2729444], [92.001449, 26.2734958], [92.0024794, 26.2742458], [92.003221, 26.2748187], [92.0032397, 26.2748332], [92.0045452, 26.2759309], [92.0056207, 26.2766629], [92.0066813, 26.2773317], [92.0072419, 26.2773547], [92.0080983, 26.2770712], [92.0086088, 26.2771076], [92.0095747, 26.2773927], [92.0105204, 26.2778222], [92.0119161, 26.2788974], [92.0127914, 26.2796518], [92.0135365, 26.2804828], [92.0141865, 26.2813362], [92.0147712, 26.2824333], [92.0152863, 26.2830249], [92.0154915, 26.283025], [92.0156721, 26.2826777], [92.0155373, 26.2822533], [92.0150626, 26.2813775], [92.0150132, 26.2806102], [92.0157157, 26.2788011], [92.017877, 26.2756763], [92.0196797, 26.2742053], [92.0216532, 26.2727083], [92.0233163, 26.271491], [92.0243779, 26.2709818], [92.0260852, 26.2704955], [92.0281128, 26.2702352], [92.0309511, 26.2701739], [92.0311324, 26.2701795], [92.0322976, 26.2702154], [92.0346046, 26.2709254], [92.0357556, 26.2714315], [92.0366562, 26.2720233], [92.0372364, 26.2726735], [92.0377119, 26.2727325], [92.0388385, 26.2723405], [92.039419, 26.2726071], [92.0401696, 26.2729596], [92.0404343, 26.2736909], [92.0406294, 26.2739708], [92.0422748, 26.2760207], [92.0430002, 26.2767883], [92.0438858, 26.2774477], [92.0452871, 26.2780848], [92.0463632, 26.2782749], [92.0475896, 26.2783839], [92.0479348, 26.2786187], [92.0479998, 26.2787993], [92.0479646, 26.2790249], [92.0477642, 26.2794084], [92.0475236, 26.2798371], [92.0472078, 26.2805454], [92.047047, 26.2812944], [92.0471818, 26.2817729], [92.047447, 26.2820935], [92.0478173, 26.2823916], [92.0485079, 26.2827755], [92.0488881, 26.2831277], [92.0495085, 26.2838502], [92.0501936, 26.2848479], [92.0501992, 26.2848592], [92.0505236, 26.2855159], [92.0505733, 26.2861343], [92.0506431, 26.2866443], [92.0510331, 26.2872808], [92.0516332, 26.2884906], [92.0527181, 26.2908605], [92.0532333, 26.2916685], [92.0543987, 26.2936323], [92.0550739, 26.2947383], [92.0560495, 26.2959437], [92.0568502, 26.2966391], [92.057756, 26.2973977], [92.0581061, 26.2981606], [92.0585157, 26.2997809], [92.0585855, 26.3004082], [92.0589353, 26.3015773], [92.0592802, 26.302656], [92.0598354, 26.303753], [92.0602254, 26.3048634], [92.0602697, 26.3059781], [92.0604045, 26.306962], [92.0606592, 26.3080723], [92.0609394, 26.3084696], [92.0613195, 26.3093227], [92.0615292, 26.3103427], [92.0616193, 26.3104556], [92.0625806, 26.3106816], [92.063532, 26.3108536], [92.0646686, 26.3109488], [92.0658352, 26.311053], [92.0672071, 26.3115004], [92.0685639, 26.3120019], [92.0693447, 26.3127648], [92.0699805, 26.3130585], [92.071107, 26.313447], [92.0716678, 26.3134879], [92.0717729, 26.3136639], [92.0721932, 26.3144041], [92.0728239, 26.3150046], [92.073062, 26.3151355], [92.0734955, 26.3153739], [92.0739654, 26.3156323], [92.0748214, 26.3164856], [92.0752568, 26.317104], [92.0763823, 26.3199205], [92.0770323, 26.3223351], [92.0773574, 26.3235041], [92.078373, 26.3259731], [92.0788334, 26.3269435], [92.0790232, 26.3280853], [92.0790526, 26.3299718], [92.0792727, 26.3306081], [92.079728, 26.3316283], [92.080529, 26.3327928], [92.0811194, 26.3341514], [92.0811986, 26.3342574], [92.082476, 26.335966], [92.0829816, 26.3368688], [92.0832037, 26.3373263], [92.0832066, 26.3373322], [92.0834571, 26.3378482], [92.0842631, 26.3388458], [92.0843902, 26.3389699], [92.0851694, 26.3397306], [92.0858955, 26.3402723], [92.0864313, 26.3404124], [92.0870024, 26.3403403], [92.0881989, 26.3399469], [92.0903435, 26.3394747], [92.0920515, 26.3391231], [92.0933087, 26.3389158], [92.0942153, 26.3388392], [92.0944557, 26.3389341], [92.0950667, 26.3391688], [92.0978113, 26.3398192], [92.0986414, 26.3402448], [92.0999247, 26.3409027], [92.1009813, 26.342117], [92.1020429, 26.3435477], [92.1028592, 26.344288], [92.1033849, 26.3456329], [92.1038535, 26.3469], [92.1038655, 26.3469327], [92.103865, 26.3498932], [92.1038648, 26.3511524], [92.1035289, 26.352971], [92.1040596, 26.3544016], [92.1056923, 26.3560085], [92.1058639, 26.3561402], [92.1076157, 26.3574845], [92.1097296, 26.3585679], [92.1135666, 26.361321], [92.1161614, 26.3635326], [92.1161812, 26.363552], [92.1195779, 26.3668724], [92.1216469, 26.3690837], [92.1229896, 26.370555], [92.1255296, 26.3750454], [92.1270227, 26.3772973], [92.1286111, 26.3791205], [92.1300993, 26.381201], [92.1312568, 26.3832814], [92.1327, 26.3855828], [92.133507, 26.3882906], [92.135286, 26.3907591], [92.1364887, 26.3918872], [92.1376915, 26.3930604], [92.1397614, 26.3958763], [92.1405283, 26.3973069], [92.1430145, 26.4012328], [92.1443177, 26.4025774], [92.1470593, 26.4047432], [92.1484075, 26.4054786], [92.1489339, 26.4061735], [92.1498913, 26.4072475], [92.1514302, 26.4084611], [92.154067, 26.410464], [92.154513, 26.4108027], [92.1586035, 26.4138345], [92.1597962, 26.4145367], [92.1620673, 26.4158735], [92.165902, 26.4174745], [92.1676365, 26.4182096], [92.1694162, 26.4192064], [92.1723039, 26.4210693], [92.1757181, 26.4231034], [92.1800492, 26.4240992], [92.181974, 26.4243601], [92.1827388, 26.4242397], [92.1838986, 26.424057], [92.1880383, 26.4232294], [92.1883727, 26.4231415], [92.1884491, 26.4231214], [92.1903436, 26.4226236], [92.1916467, 26.4223612], [92.1940775, 26.4220622], [92.1958155, 26.4219101], [92.198072, 26.4217127], [92.2000915, 26.4211476], [92.2011486, 26.4203256], [92.2014503, 26.420008], [92.2028816, 26.4185015], [92.2043236, 26.4163345], [92.2056209, 26.4152055], [92.2080259, 26.4142926], [92.210236, 26.4139889], [92.2125967, 26.4141589], [92.2162858, 26.4146304], [92.2187374, 26.4155855], [92.2209437, 26.4167394], [92.2234011, 26.4186016], [92.2260043, 26.4208562], [92.2264472, 26.4212664], [92.2278303, 26.4225472], [92.2301929, 26.4245808], [92.2319235, 26.4260102], [92.2332715, 26.4268694], [92.2342356, 26.4274841], [92.2343114, 26.4275985], [92.235586, 26.4295229], [92.2364546, 26.4311062], [92.2367429, 26.4337055], [92.2376641, 26.4376942], [92.238533, 26.4393857], [92.2391081, 26.4401966], [92.2403151, 26.441898], [92.2417605, 26.4434583], [92.2447008, 26.4460147], [92.2469605, 26.4472458], [92.248312, 26.4480088], [92.2493712, 26.4486359], [92.250895, 26.449538], [92.2539024, 26.4509284], [92.2558049, 26.4516974], [92.2561773, 26.4517288], [92.258135, 26.4516651], [92.2613616, 26.4514554], [92.2621921, 26.4513191], [92.2626487, 26.4512442], [92.2643439, 26.4509193], [92.2659028, 26.4508225], [92.2674979, 26.4509053], [92.2685674, 26.4507918], [92.2691918, 26.4507121], [92.2715842, 26.4509261], [92.2740492, 26.4509932], [92.2752022, 26.4512225], [92.2762348, 26.4517621], [92.2771046, 26.4520729], [92.2786989, 26.4529557], [92.2795143, 26.4534134], [92.2807206, 26.4538956], [92.2812677, 26.4541142], [92.2834236, 26.4554872], [92.2850706, 26.4567726], [92.2872986, 26.4587496], [92.2892848, 26.4610965], [92.2905346, 26.4623872], [92.2919773, 26.4636761], [92.291996, 26.4636928], [92.2929402, 26.4645363], [92.2948061, 26.4663171], [92.296001, 26.4686689], [92.2967211, 26.4698024], [92.2972284, 26.4703252], [92.2979031, 26.4708707], [92.2982793, 26.4711748], [92.299037, 26.4719762], [92.2992016, 26.4726558], [92.2995549, 26.4734417], [92.3007771, 26.4748304], [92.3021914, 26.4760841], [92.302922, 26.4768277], [92.3031899, 26.477157], [92.3036997, 26.4777837], [92.3048546, 26.4789947], [92.3061226, 26.4802633], [92.3071126, 26.4813787], [92.3081025, 26.482494], [92.3086177, 26.4829502], [92.310123, 26.4842139], [92.3117925, 26.4855434], [92.3138226, 26.4867198], [92.3170853, 26.4885825], [92.3189161, 26.4894486], [92.3198447, 26.489852], [92.3204146, 26.4900997], [92.3206589, 26.4901896], [92.3230795, 26.4910804], [92.3247835, 26.4920769], [92.3262516, 26.4934979], [92.3274581, 26.4943753], [92.3280382, 26.4947837], [92.3293582, 26.4952286], [92.3299781, 26.4954375], [92.3335859, 26.4969571], [92.3354796, 26.4979324], [92.3389424, 26.4997783], [92.3401191, 26.5004113], [92.3401571, 26.5004317], [92.3414412, 26.5014977], [92.3438305, 26.5041153], [92.344258, 26.5045718], [92.34603, 26.5064637], [92.3473334, 26.5076135], [92.3480396, 26.5076627], [92.3491804, 26.5073448], [92.3505115, 26.5065624], [92.3513122, 26.5059445], [92.3518426, 26.5055353], [92.35225, 26.5053398], [92.3526574, 26.5053887], [92.3532549, 26.5055845], [92.3540154, 26.5055846], [92.3555365, 26.5052669], [92.357554, 26.5052114], [92.3595639, 26.5052361], [92.3608676, 26.5053341], [92.3624429, 26.5058723], [92.3647786, 26.5068509], [92.3665711, 26.5079516], [92.3693687, 26.5095171], [92.3721121, 26.5108134], [92.3734817, 26.5117807], [92.3752745, 26.5128813], [92.3775833, 26.5140554], [92.3829889, 26.5163542], [92.3837495, 26.5164275], [92.3846187, 26.5160361], [92.3859224, 26.5148376], [92.3873347, 26.5135656], [92.3884484, 26.5131497], [92.3901596, 26.5128316], [92.391551, 26.5127082], [92.3928005, 26.5127814], [92.3931265, 26.5130015], [92.3940229, 26.5135884], [92.3945663, 26.5136617], [92.3962231, 26.513637], [92.3971468, 26.5140526], [92.3993199, 26.5141501], [92.4010854, 26.5140519], [92.4023078, 26.514174], [92.4052958, 26.5147604], [92.4100495, 26.5153463], [92.4130429, 26.515685], [92.4152432, 26.5159779], [92.417498, 26.5165643], [92.4190148, 26.5169149], [92.4190855, 26.516516], [92.4194153, 26.5146571]]]}}, {"type": "Feature", "properties": {"district": "Darrang", "dist_lgd": 283, "state": "ASSAM", "role": "neighbor_district"}, "geometry": {"type": "Polygon", "coordinates": [[[92.1811181, 26.6461024], [92.1811503, 26.6415883], [92.1826894, 26.6415971], [92.1861735, 26.6416171], [92.1911967, 26.6416458], [92.2012432, 26.6417026], [92.2062664, 26.6417307], [92.2062728, 26.6408084], [92.2062791, 26.6398902], [92.2063288, 26.6327025], [92.2026701, 26.6293732], [92.2013373, 26.6281603], [92.1972975, 26.6281376], [92.1963147, 26.628132], [92.1963399, 26.6245233], [92.1963463, 26.6236179], [92.2013687, 26.6236462], [92.2064223, 26.6191602], [92.2070114, 26.6191635], [92.2114446, 26.6191882], [92.2114756, 26.6146741], [92.2115065, 26.6101599], [92.2191721, 26.6102021], [92.2215503, 26.6102152], [92.2215808, 26.6057011], [92.2215843, 26.6051897], [92.2216114, 26.601187], [92.2216419, 26.5966728], [92.2266936, 26.5921861], [92.2275739, 26.5921908], [92.2317147, 26.5922133], [92.2317448, 26.5876991], [92.2317758, 26.5830622], [92.2318051, 26.5786708], [92.2318352, 26.5741566], [92.2348514, 26.5688124], [92.2369153, 26.5651553], [92.2369452, 26.5606411], [92.2319556, 26.5561], [92.2319857, 26.5515858], [92.2335891, 26.5515944], [92.237005, 26.5516127], [92.2419947, 26.5561537], [92.2470142, 26.5561803], [92.2500014, 26.5561961], [92.2520338, 26.5562068], [92.2570534, 26.556233], [92.2570495, 26.5568365], [92.2569951, 26.5652614], [92.2519459, 26.5697493], [92.2519165, 26.5742635], [92.2500017, 26.5759653], [92.2482316, 26.5775383], [92.2468667, 26.5787512], [92.2468558, 26.5804055], [92.2468462, 26.5818821], [92.2468371, 26.5832654], [92.2417867, 26.5877529], [92.2467781, 26.5922938], [92.2417272, 26.5967813], [92.2466894, 26.6058362], [92.248016, 26.6070429], [92.2500181, 26.6088638], [92.2516817, 26.6103769], [92.2567037, 26.6104032], [92.26122, 26.6104267], [92.2717695, 26.6104811], [92.2767914, 26.6105067], [92.2767346, 26.6195351], [92.2729778, 26.6261935], [92.2716551, 26.6285378], [92.2715978, 26.6375661], [92.2715405, 26.6465945], [92.2715119, 26.6511086], [92.2714832, 26.6556228], [92.2757632, 26.6556446], [92.2765072, 26.6556484], [92.279695, 26.6528162], [92.2815594, 26.6511598], [92.2865831, 26.6511851], [92.2866112, 26.6466709], [92.289321, 26.6418677], [92.2916904, 26.6376676], [92.294417, 26.632834], [92.2947199, 26.632297], [92.2949916, 26.6318152], [92.2967689, 26.6286642], [92.2993404, 26.6241046], [92.3003709, 26.6222773], [92.3006045, 26.6218631], [92.3018465, 26.6196605], [92.3018739, 26.6151463], [92.3068961, 26.6151709], [92.3074638, 26.6151737], [92.3077633, 26.6151751], [92.3119183, 26.6151953], [92.3119629, 26.6077479], [92.311969, 26.6067254], [92.3119724, 26.6061668], [92.317021, 26.6016768], [92.3170154, 26.60261], [92.3169942, 26.606191], [92.3179984, 26.6061958], [92.322016, 26.606215], [92.3220426, 26.6017008], [92.3270642, 26.6017246], [92.3270934, 26.5967344], [92.327117, 26.5926961], [92.3286242, 26.5920275], [92.3371855, 26.588229], [92.3337227, 26.5850831], [92.3331676, 26.5845788], [92.3321907, 26.5836913], [92.332243, 26.5746628], [92.3529377, 26.5747582], [92.3537636, 26.574762], [92.3545291, 26.5747655], [92.3598557, 26.5747896], [92.3589872, 26.5684207], [92.3587733, 26.5668524], [92.3581, 26.5619143], [92.3607658, 26.5607377], [92.3616407, 26.5603515], [92.3617878, 26.5602866], [92.3640685, 26.5592798], [92.3642938, 26.5591804], [92.3677155, 26.5576699], [92.3680783, 26.5575098], [92.3692932, 26.5569734], [92.3713435, 26.5548561], [92.3755613, 26.5504999], [92.3767788, 26.5492425], [92.3784576, 26.5457253], [92.3817973, 26.5387279], [92.3818449, 26.5298551], [92.3731989, 26.5231627], [92.3570758, 26.5230909], [92.3465466, 26.5208249], [92.3457326, 26.5195976], [92.3410131, 26.5124811], [92.3421724, 26.5095942], [92.3424939, 26.5087935], [92.3432243, 26.5069744], [92.3436562, 26.5058988], [92.343788, 26.5055707], [92.3440459, 26.5049284], [92.344135, 26.5047064], [92.3440543, 26.5045496], [92.3438305, 26.5041153], [92.3414412, 26.5014977], [92.3401571, 26.5004317], [92.3401191, 26.5004113], [92.3389424, 26.4997783], [92.3354796, 26.4979324], [92.3335859, 26.4969571], [92.3299781, 26.4954375], [92.3293582, 26.4952286], [92.3280382, 26.4947837], [92.3274581, 26.4943753], [92.3262516, 26.4934979], [92.3247835, 26.4920769], [92.3230795, 26.4910804], [92.3206589, 26.4901896], [92.3204146, 26.4900997], [92.3198447, 26.489852], [92.3189161, 26.4894486], [92.3170853, 26.4885825], [92.3138226, 26.4867198], [92.3117925, 26.4855434], [92.310123, 26.4842139], [92.3086177, 26.4829502], [92.3081025, 26.482494], [92.3071126, 26.4813787], [92.3061226, 26.4802633], [92.3048546, 26.4789947], [92.3036997, 26.4777837], [92.3031899, 26.477157], [92.302922, 26.4768277], [92.3021914, 26.4760841], [92.3007771, 26.4748304], [92.2995549, 26.4734417], [92.2992016, 26.4726558], [92.299037, 26.4719762], [92.2982793, 26.4711748], [92.2979031, 26.4708707], [92.2972284, 26.4703252], [92.2967211, 26.4698024], [92.296001, 26.4686689], [92.2948061, 26.4663171], [92.2929402, 26.4645363], [92.291996, 26.4636928], [92.2919773, 26.4636761], [92.2905346, 26.4623872], [92.2892848, 26.4610965], [92.2872986, 26.4587496], [92.2850706, 26.4567726], [92.2834236, 26.4554872], [92.2812677, 26.4541142], [92.2807206, 26.4538956], [92.2795143, 26.4534134], [92.2786989, 26.4529557], [92.2771046, 26.4520729], [92.2762348, 26.4517621], [92.2752022, 26.4512225], [92.2740492, 26.4509932], [92.2715842, 26.4509261], [92.2691918, 26.4507121], [92.2685674, 26.4507918], [92.2674979, 26.4509053], [92.2659028, 26.4508225], [92.2643439, 26.4509193], [92.2626487, 26.4512442], [92.2621921, 26.4513191], [92.2613616, 26.4514554], [92.258135, 26.4516651], [92.2561773, 26.4517288], [92.2558049, 26.4516974], [92.2539024, 26.4509284], [92.250895, 26.449538], [92.2493712, 26.4486359], [92.248312, 26.4480088], [92.2469605, 26.4472458], [92.2447008, 26.4460147], [92.2417605, 26.4434583], [92.2403151, 26.441898], [92.2391081, 26.4401966], [92.238533, 26.4393857], [92.2376641, 26.4376942], [92.2367429, 26.4337055], [92.2364546, 26.4311062], [92.235586, 26.4295229], [92.2343114, 26.4275985], [92.2342356, 26.4274841], [92.2332715, 26.4268694], [92.2319235, 26.4260102], [92.2301929, 26.4245808], [92.2278303, 26.4225472], [92.2264472, 26.4212664], [92.2260043, 26.4208562], [92.2234011, 26.4186016], [92.2209437, 26.4167394], [92.2187374, 26.4155855], [92.2162858, 26.4146304], [92.2125967, 26.4141589], [92.210236, 26.4139889], [92.2080259, 26.4142926], [92.2056209, 26.4152055], [92.2043236, 26.4163345], [92.2028816, 26.4185015], [92.2014503, 26.420008], [92.2011486, 26.4203256], [92.2000915, 26.4211476], [92.198072, 26.4217127], [92.1958155, 26.4219101], [92.1940775, 26.4220622], [92.1916467, 26.4223612], [92.1903436, 26.4226236], [92.1884491, 26.4231214], [92.1883727, 26.4231415], [92.1880383, 26.4232294], [92.1838986, 26.424057], [92.1827388, 26.4242397], [92.181974, 26.4243601], [92.1800492, 26.4240992], [92.1757181, 26.4231034], [92.1723039, 26.4210693], [92.1694162, 26.4192064], [92.1676365, 26.4182096], [92.165902, 26.4174745], [92.1620673, 26.4158735], [92.1597962, 26.4145367], [92.1586035, 26.4138345], [92.154513, 26.4108027], [92.154067, 26.410464], [92.1514302, 26.4084611], [92.1498913, 26.4072475], [92.1489339, 26.4061735], [92.1484075, 26.4054786], [92.1470593, 26.4047432], [92.1443177, 26.4025774], [92.1430145, 26.4012328], [92.1405283, 26.3973069], [92.1397614, 26.3958763], [92.1376915, 26.3930604], [92.1364887, 26.3918872], [92.135286, 26.3907591], [92.133507, 26.3882906], [92.1327, 26.3855828], [92.1312568, 26.3832814], [92.1300993, 26.381201], [92.1286111, 26.3791205], [92.1270227, 26.3772973], [92.1255296, 26.3750454], [92.1229896, 26.370555], [92.1216469, 26.3690837], [92.1195779, 26.3668724], [92.1161812, 26.363552], [92.1161614, 26.3635326], [92.1135666, 26.361321], [92.1097296, 26.3585679], [92.1076157, 26.3574845], [92.1058639, 26.3561402], [92.1056923, 26.3560085], [92.1040596, 26.3544016], [92.1035289, 26.352971], [92.1038648, 26.3511524], [92.103865, 26.3498932], [92.1038655, 26.3469327], [92.1038535, 26.3469], [92.1033849, 26.3456329], [92.1028592, 26.344288], [92.1020429, 26.3435477], [92.1009813, 26.342117], [92.0999247, 26.3409027], [92.0986414, 26.3402448], [92.0978113, 26.3398192], [92.0950667, 26.3391688], [92.0944557, 26.3389341], [92.0942153, 26.3388392], [92.0933087, 26.3389158], [92.0920515, 26.3391231], [92.0903435, 26.3394747], [92.0881989, 26.3399469], [92.0870024, 26.3403403], [92.0864313, 26.3404124], [92.0858955, 26.3402723], [92.0851694, 26.3397306], [92.0843902, 26.3389699], [92.0842631, 26.3388458], [92.0834571, 26.3378482], [92.0832066, 26.3373322], [92.0832037, 26.3373263], [92.0829816, 26.3368688], [92.082476, 26.335966], [92.0811986, 26.3342574], [92.0811194, 26.3341514], [92.080529, 26.3327928], [92.079728, 26.3316283], [92.0792727, 26.3306081], [92.0790526, 26.3299718], [92.0790232, 26.3280853], [92.0788334, 26.3269435], [92.078373, 26.3259731], [92.0773574, 26.3235041], [92.0770323, 26.3223351], [92.0763823, 26.3199205], [92.0752568, 26.317104], [92.0748214, 26.3164856], [92.0739654, 26.3156323], [92.0734955, 26.3153739], [92.073062, 26.3151355], [92.0728239, 26.3150046], [92.0721932, 26.3144041], [92.0717729, 26.3136639], [92.0716678, 26.3134879], [92.071107, 26.313447], [92.0699805, 26.3130585], [92.0693447, 26.3127648], [92.0685639, 26.3120019], [92.0672071, 26.3115004], [92.0658352, 26.311053], [92.0646686, 26.3109488], [92.063532, 26.3108536], [92.0625806, 26.3106816], [92.0616193, 26.3104556], [92.0615292, 26.3103427], [92.0613195, 26.3093227], [92.0609394, 26.3084696], [92.0606592, 26.3080723], [92.0604045, 26.306962], [92.0602697, 26.3059781], [92.0602254, 26.3048634], [92.0598354, 26.303753], [92.0592802, 26.302656], [92.0589353, 26.3015773], [92.0585855, 26.3004082], [92.0585157, 26.2997809], [92.0581061, 26.2981606], [92.057756, 26.2973977], [92.0568502, 26.2966391], [92.0560495, 26.2959437], [92.0550739, 26.2947383], [92.0543987, 26.2936323], [92.0532333, 26.2916685], [92.0527181, 26.2908605], [92.0516332, 26.2884906], [92.0510331, 26.2872808], [92.0506431, 26.2866443], [92.0505733, 26.2861343], [92.0505236, 26.2855159], [92.0501992, 26.2848592], [92.0501936, 26.2848479], [92.0495085, 26.2838502], [92.0488881, 26.2831277], [92.0485079, 26.2827755], [92.0478173, 26.2823916], [92.047447, 26.2820935], [92.0471818, 26.2817729], [92.047047, 26.2812944], [92.0472078, 26.2805454], [92.0475236, 26.2798371], [92.0477642, 26.2794084], [92.0479646, 26.2790249], [92.0479998, 26.2787993], [92.0479348, 26.2786187], [92.0475896, 26.2783839], [92.0463632, 26.2782749], [92.0452871, 26.2780848], [92.0438858, 26.2774477], [92.0430002, 26.2767883], [92.0422748, 26.2760207], [92.0406294, 26.2739708], [92.0404343, 26.2736909], [92.0401696, 26.2729596], [92.039419, 26.2726071], [92.0388385, 26.2723405], [92.0377119, 26.2727325], [92.0372364, 26.2726735], [92.0366562, 26.2720233], [92.0357556, 26.2714315], [92.0346046, 26.2709254], [92.0322976, 26.2702154], [92.0311324, 26.2701795], [92.0309511, 26.2701739], [92.0281128, 26.2702352], [92.0260852, 26.2704955], [92.0243779, 26.2709818], [92.0233163, 26.271491], [92.0216532, 26.2727083], [92.0196797, 26.2742053], [92.017877, 26.2756763], [92.0157157, 26.2788011], [92.0150132, 26.2806102], [92.0150626, 26.2813775], [92.0155373, 26.2822533], [92.0156721, 26.2826777], [92.0154915, 26.283025], [92.0152863, 26.2830249], [92.0147712, 26.2824333], [92.0141865, 26.2813362], [92.0135365, 26.2804828], [92.0127914, 26.2796518], [92.0119161, 26.2788974], [92.0105204, 26.2778222], [92.0095747, 26.2773927], [92.0086088, 26.2771076], [92.0080983, 26.2770712], [92.0072419, 26.2773547], [92.0066813, 26.2773317], [92.0056207, 26.2766629], [92.0045452, 26.2759309], [92.0032397, 26.2748332], [92.003221, 26.2748187], [92.0024794, 26.2742458], [92.001449, 26.2734958], [92.0005035, 26.2729444], [91.9979143, 26.2716795], [91.9970027, 26.271258], [91.9962066, 26.2710916], [91.9948395, 26.2705286], [91.993843, 26.2701143], [91.9935626, 26.2700152], [91.9930818, 26.2698713], [91.9928631, 26.2698063], [91.992848, 26.2698018], [91.992491, 26.2696957], [91.9921555, 26.2696012], [91.9915698, 26.269552], [91.9905786, 26.2694987], [91.9901332, 26.2695081], [91.9895876, 26.2695537], [91.9879162, 26.2700063], [91.9871104, 26.2701875], [91.98659, 26.2703232], [91.9861697, 26.2705628], [91.9860136, 26.2707], [91.9857896, 26.270897], [91.9856196, 26.271168], [91.9855246, 26.271335], [91.9855299, 26.2716148], [91.9856052, 26.2717501], [91.9856906, 26.2721382], [91.9857813, 26.2726842], [91.9857265, 26.2730001], [91.9854166, 26.2735464], [91.9851466, 26.2738129], [91.9848264, 26.273926], [91.9845661, 26.27403], [91.9840508, 26.2744186], [91.9838659, 26.2746894], [91.9837909, 26.2747842], [91.9834256, 26.2749741], [91.9828451, 26.2750874], [91.9809131, 26.2754544], [91.9807379, 26.2754635], [91.9803173, 26.275342], [91.9795008, 26.2747604], [91.9784922, 26.2745186], [91.9778041, 26.2740975], [91.9772659, 26.2732325], [91.9767393, 26.2724902], [91.9752214, 26.2709176], [91.9736854, 26.2696348], [91.9696441, 26.2669541], [91.9666408, 26.2646304], [91.965088, 26.263462], [91.9622684, 26.2613404], [91.9601319, 26.2597139], [91.9577193, 26.2580862], [91.9555918, 26.2573018], [91.9538192, 26.2569367], [91.9528572, 26.2542085], [91.9526662, 26.2540973], [91.952386, 26.2539867], [91.9519348, 26.2540271], [91.951223, 26.2540327], [91.9509603, 26.2539485], [91.95033, 26.2536064], [91.9494762, 26.253148], [91.9486998, 26.2527426], [91.9467242, 26.2517422], [91.9453014, 26.2510202], [91.9452254, 26.2509154], [91.9451378, 26.2506494], [91.9446284, 26.2500376], [91.9433862, 26.2490793], [91.9415329, 26.2479586], [91.9407628, 26.2474242], [91.9399268, 26.2468559], [91.9389005, 26.2461703], [91.9378892, 26.2455163], [91.9360519, 26.2443978], [91.9349006, 26.2437439], [91.9338393, 26.2432163], [91.9333238, 26.2430089], [91.9300756, 26.2423782], [91.9295801, 26.2422836], [91.92947, 26.2422701], [91.9293799, 26.2422702], [91.9292848, 26.2423063], [91.9289046, 26.2426675], [91.9283493, 26.2431641], [91.9279391, 26.2434666], [91.9273836, 26.2436383], [91.9266681, 26.2439003], [91.9264646, 26.2440911], [91.926413, 26.2441395], [91.9263949, 26.2441646], [91.9261329, 26.2445278], [91.9261244, 26.2445767], [91.9260803, 26.2448326], [91.9259881, 26.2453672], [91.9258831, 26.2458005], [91.925428, 26.2465995], [91.9249954, 26.247187], [91.9249328, 26.2472721], [91.9246827, 26.2474933], [91.9242273, 26.2475611], [91.9237992, 26.2475109], [91.9235285, 26.2473416], [91.9225926, 26.2470666], [91.9202502, 26.2465845], [91.9195544, 26.2464268], [91.919134, 26.2463096], [91.9188636, 26.2460524], [91.9187233, 26.2455741], [91.9185429, 26.2447076], [91.9183425, 26.2443196], [91.9180322, 26.2440534], [91.9176517, 26.2438504], [91.9170962, 26.2437829], [91.9165256, 26.2437154], [91.915935, 26.2435215], [91.9156898, 26.2433591], [91.915109, 26.2426778], [91.9143531, 26.242001], [91.9137975, 26.2416672], [91.913377, 26.2414417], [91.9128864, 26.2408822], [91.9123807, 26.2401783], [91.9121854, 26.2397812], [91.9116945, 26.2383282], [91.910868, 26.2356295], [91.9106576, 26.2348489], [91.910322, 26.2341043], [91.9099565, 26.2333733], [91.9093907, 26.2322587], [91.9089952, 26.2315006], [91.9087248, 26.2310088], [91.9086346, 26.2308914], [91.9075837, 26.2302282], [91.9066678, 26.2297094], [91.9057919, 26.229132], [91.9049462, 26.2285184], [91.9040552, 26.2277197], [91.9032994, 26.2271062], [91.9025838, 26.2267182], [91.9021635, 26.2264926], [91.9019933, 26.2264701], [91.9014029, 26.2266462], [91.900217, 26.2269624], [91.8999169, 26.2270075], [91.8997117, 26.2269353], [91.8992012, 26.2265563], [91.8985757, 26.2263353], [91.8973547, 26.225979], [91.8967591, 26.225609], [91.8961337, 26.2253428], [91.895343, 26.2250722], [91.8948376, 26.2249504], [91.8932063, 26.2244271], [91.8917502, 26.2238812], [91.8898986, 26.2230826], [91.8883224, 26.2224916], [91.8870614, 26.2220674], [91.8861557, 26.2216884], [91.8859606, 26.2215711], [91.8859106, 26.2214989], [91.8859005, 26.2214628], [91.8859005, 26.2213864], [91.8859005, 26.2213861], [91.8860446, 26.221135], [91.8861154, 26.2210148], [91.8862992, 26.2207026], [91.8863448, 26.220625], [91.8864649, 26.2203813], [91.8865299, 26.2200609], [91.8863348, 26.2193929], [91.8859244, 26.2188694], [91.8856053, 26.2186083], [91.8854391, 26.2184723], [91.8843983, 26.2179082], [91.8828722, 26.2173847], [91.8798852, 26.2167214], [91.8787444, 26.2165273], [91.8776136, 26.2165318], [91.877109, 26.2165571], [91.8764428, 26.2165904], [91.875147, 26.2166581], [91.8741513, 26.2167438], [91.8726152, 26.2171048], [91.8721449, 26.2174433], [91.8716095, 26.2178539], [91.871159, 26.2182895], [91.8711241, 26.2183232], [91.8704336, 26.2189957], [91.8701333, 26.2194605], [91.8700532, 26.2197583], [91.8702383, 26.2202187], [91.8702878, 26.2202633], [91.8704384, 26.2203992], [91.8708087, 26.2207964], [91.8709187, 26.2210085], [91.8709187, 26.2210351], [91.8709187, 26.2210762], [91.8708587, 26.2211258], [91.8707586, 26.22118], [91.8704484, 26.2211619], [91.8700942, 26.2211266], [91.8696778, 26.2210851], [91.8675414, 26.2205615], [91.8675057, 26.2205506], [91.8666057, 26.2202771], [91.8658802, 26.2199701], [91.865497, 26.2198058], [91.8650697, 26.2196225], [91.8637188, 26.2190086], [91.8628933, 26.2186881], [91.8619677, 26.218336], [91.8619561, 26.2183314], [91.860837, 26.217889], [91.8602366, 26.2176091], [91.8591309, 26.2171351], [91.8581753, 26.2169499], [91.8577636, 26.21691], [91.8570095, 26.2168369], [91.8548331, 26.216805], [91.8531269, 26.2168227], [91.8529158, 26.2168099], [91.8514107, 26.2167186], [91.8511456, 26.2166967], [91.848839, 26.216506], [91.8469858, 26.2162177], [91.8460673, 26.2160044], [91.8447815, 26.2157739], [91.8437508, 26.2156699], [91.8430403, 26.2157509], [91.8421047, 26.2157462], [91.8412642, 26.2156196], [91.8398984, 26.2152762], [91.8382725, 26.2147342], [91.8377392, 26.2145387], [91.8369417, 26.2142464], [91.835596, 26.2138263], [91.8332497, 26.2131666], [91.8322592, 26.2129136], [91.8315438, 26.2127328], [91.8312211, 26.2126451], [91.8308784, 26.2125521], [91.8302182, 26.2121276], [91.829443, 26.2114414], [91.8285727, 26.2108634], [91.8278824, 26.2105833], [91.8273121, 26.2104793], [91.8261915, 26.2100457], [91.8249059, 26.2097383], [91.8244152, 26.2097791], [91.8243655, 26.2097832], [91.8240243, 26.209616], [91.8238953, 26.2095529], [91.8234153, 26.2090517], [91.8230052, 26.2086048], [91.8223701, 26.208072], [91.8216698, 26.2078641], [91.8207494, 26.207611], [91.8198639, 26.2074888], [91.8181629, 26.2074158], [91.8176776, 26.2074292], [91.8175325, 26.2074562], [91.8174624, 26.2075148], [91.817296, 26.2077826], [91.817182, 26.207966], [91.8171041, 26.208071], [91.8166763, 26.2086473], [91.8165122, 26.2088187], [91.816361, 26.2089766], [91.8162008, 26.2090848], [91.8160306, 26.209116], [91.8159306, 26.2091344], [91.8158153, 26.2091208], [91.8155054, 26.2090845], [91.8149386, 26.2090093], [91.8149251, 26.2090075], [91.8143148, 26.2087275], [91.8139361, 26.2084002], [91.8137348, 26.2082262], [91.8132046, 26.2079146], [91.8126494, 26.2076977], [91.8116839, 26.2075077], [91.8112337, 26.207494], [91.8106502, 26.2075469], [91.8103931, 26.2075703], [91.8093274, 26.2076871], [91.8089972, 26.2077501], [91.8084117, 26.2079439], [91.8082415, 26.2080205], [91.8080614, 26.2080836], [91.8077412, 26.208079], [91.807391, 26.2080246], [91.8071379, 26.2079472], [91.8070809, 26.2079297], [91.8067209, 26.2077208], [91.8061857, 26.2074102], [91.8045901, 26.2067505], [91.8028244, 26.2062306], [91.8024712, 26.2061416], [91.801909, 26.2059999], [91.8007435, 26.2058097], [91.7989425, 26.2056824], [91.7979019, 26.2056321], [91.7973666, 26.2056589], [91.7972829, 26.2056714], [91.7969163, 26.2057263], [91.796596, 26.2058435], [91.7959103, 26.2061726], [91.7956101, 26.2062807], [91.7954099, 26.2063257], [91.7951898, 26.2063166], [91.793599, 26.2061125], [91.7918632, 26.2058813], [91.7909479, 26.2055513], [91.7900977, 26.205113], [91.7892476, 26.2046115], [91.7885025, 26.2041507], [91.7878124, 26.2037712], [91.7868122, 26.2033644], [91.7867563, 26.2033382], [91.786117, 26.203039], [91.7854469, 26.2027136], [91.7849869, 26.2023568], [91.7846269, 26.202176], [91.7838066, 26.2019317], [91.7828313, 26.2016468], [91.782031, 26.2015199], [91.7807504, 26.2013114], [91.7797151, 26.2010354], [91.7780547, 26.2004836], [91.777961, 26.2004408], [91.776956, 26.1999815], [91.7767295, 26.1998779], [91.7755992, 26.1995296], [91.7748688, 26.1994975], [91.7740484, 26.1994879], [91.7734982, 26.1993746], [91.7723673, 26.1989383], [91.7709176, 26.1984791], [91.769657, 26.1985007], [91.7692466, 26.1986854], [91.7691251, 26.1987949], [91.7690613, 26.1988523], [91.768934, 26.1992029], [91.7688958, 26.199308], [91.7687843, 26.1997054], [91.7687502, 26.1998269], [91.7686993, 26.2000471], [91.7678491, 26.2004806], [91.7660682, 26.2012619], [91.7643808, 26.2018995], [91.7633497, 26.2024582], [91.7632331, 26.2025166], [91.7621985, 26.203035], [91.7613826, 26.2034134], [91.7591213, 26.2044304], [91.7575236, 26.2051387], [91.7564675, 26.2056026], [91.7538297, 26.2068279], [91.7519282, 26.2076753], [91.7500018, 26.2085802], [91.7489306, 26.2090434], [91.7483169, 26.2092944], [91.7481584, 26.2093592], [91.7479687, 26.2094202], [91.7473317, 26.209625], [91.7472888, 26.2096387], [91.7471925, 26.2096697], [91.7468872, 26.2098139], [91.7465717, 26.2100663], [91.7455696, 26.211329], [91.7453741, 26.2116266], [91.7452235, 26.2120823], [91.7451379, 26.2125381], [91.745007, 26.2132646], [91.7450115, 26.2136933], [91.7450209, 26.2142123], [91.745045, 26.2149796], [91.7450557, 26.2164361], [91.7450567, 26.2178544], [91.745086, 26.2180286], [91.7452655, 26.2190957], [91.745317, 26.2192285], [91.745465, 26.2196103], [91.7462688, 26.2211997], [91.7463786, 26.2214119], [91.7467084, 26.2217913], [91.7469934, 26.2219901], [91.7474734, 26.2222794], [91.7482435, 26.2226772], [91.7493236, 26.2233056], [91.7508437, 26.2242592], [91.7523688, 26.2252083], [91.7538489, 26.2261348], [91.7576395, 26.2285546], [91.7599189, 26.230004], [91.7604247, 26.2303556], [91.7614349, 26.2309612], [91.7625259, 26.2316089], [91.7629652, 26.2318424], [91.7631002, 26.2319193], [91.7636754, 26.2322582], [91.7642104, 26.2326332], [91.7645553, 26.2330623], [91.7648402, 26.2334506], [91.7650348, 26.2339652], [91.7650545, 26.2343398], [91.765039, 26.2348002], [91.7649735, 26.2352153], [91.764828, 26.2356484], [91.7645823, 26.2361582], [91.7643782, 26.2364742], [91.7642454, 26.2366798], [91.7640811, 26.2369341], [91.7637703, 26.237516], [91.7631736, 26.2386663], [91.7630881, 26.2390454], [91.7631529, 26.2393343], [91.7633229, 26.239533], [91.7636883, 26.23984], [91.7638929, 26.2400118], [91.764493, 26.2404455], [91.7647625, 26.2406213], [91.7650681, 26.2408206], [91.7656535, 26.2410332], [91.7658562, 26.2410732], [91.7663189, 26.2411646], [91.7675049, 26.2412603], [91.7685856, 26.2415229], [91.7695511, 26.2418621], [91.7696151, 26.2418852], [91.7707168, 26.2422827], [91.7715924, 26.2424684], [91.7723582, 26.2425681], [91.7726032, 26.2426], [91.7730028, 26.2426291], [91.7734789, 26.2426639], [91.7740896, 26.2425605], [91.7741021, 26.2425513], [91.77433, 26.2423847], [91.774345, 26.2423328], [91.7744304, 26.2420372], [91.7745477, 26.2412969], [91.7745663, 26.2411799], [91.7746223, 26.2410656], [91.7747387, 26.2408282], [91.7747919, 26.2407197], [91.7750273, 26.2405078], [91.7752776, 26.2404222], [91.7754571, 26.2404248], [91.7755979, 26.2404269], [91.775818, 26.2404948], [91.7760431, 26.2406349], [91.7762829, 26.2410547], [91.7765226, 26.241601], [91.7767274, 26.242075], [91.7768964, 26.2423461], [91.7769273, 26.2423956], [91.7772623, 26.2426937], [91.7774624, 26.2428292], [91.7782829, 26.2430915], [91.7791236, 26.2432185], [91.7797429, 26.243369], [91.7799992, 26.2434312], [91.7807397, 26.2436935], [91.7814249, 26.2441994], [91.7819298, 26.2448316], [91.7822496, 26.245405], [91.7824193, 26.2459737], [91.7828834, 26.2475401], [91.7834575, 26.2493818], [91.7840718, 26.2507729], [91.7842517, 26.2510527], [91.7843165, 26.2511341], [91.7844817, 26.2513418], [91.7845616, 26.2515719], [91.7849361, 26.2526824], [91.7852606, 26.2536755], [91.7853902, 26.2543164], [91.7852847, 26.2548534], [91.785039, 26.2554038], [91.7848195, 26.2557306], [91.7847784, 26.2557918], [91.7845979, 26.2562249], [91.7845524, 26.2567575], [91.7845644, 26.2575473], [91.7845667, 26.2576962], [91.7845897, 26.2578521], [91.784706, 26.2586394], [91.7849954, 26.2598311], [91.7852712, 26.2607019], [91.7853099, 26.2608242], [91.7856446, 26.2616593], [91.7860495, 26.2624132], [91.7860889, 26.2624864], [91.7862344, 26.2627564], [91.7862992, 26.2630272], [91.7863077, 26.2631499], [91.786324, 26.2633838], [91.7863082, 26.2642998], [91.7863528, 26.2648369], [91.7865677, 26.2652116], [91.7866925, 26.2653165], [91.7870029, 26.2655775], [91.7877284, 26.2660022], [91.7888042, 26.2664948], [91.7894896, 26.2669916], [91.7899747, 26.2674478], [91.7902649, 26.267791], [91.7903697, 26.2680798], [91.7904289, 26.2692894], [91.7905315, 26.272602], [91.7905094, 26.2727057], [91.7904726, 26.2728786], [91.7904662, 26.2729088], [91.7902508, 26.2730982], [91.7899153, 26.273247], [91.7887836, 26.2736705], [91.7881476, 26.2740086], [91.7877769, 26.2744235], [91.7872404, 26.2754386], [91.7872289, 26.2754648], [91.7867691, 26.2765124], [91.7863427, 26.2775501], [91.7862964, 26.2776839], [91.7862151, 26.2779187], [91.7860617, 26.2783623], [91.7858458, 26.2791023], [91.7857252, 26.2796889], [91.7857196, 26.279785], [91.7857031, 26.2800674], [91.7856757, 26.2805372], [91.7856744, 26.2805599], [91.7857141, 26.2810067], [91.7858339, 26.2815032], [91.7861485, 26.282406], [91.7864402, 26.2831287], [91.7864983, 26.2832727], [91.7865096, 26.2833209], [91.786623, 26.2838054], [91.7865978, 26.2841122], [91.7865524, 26.2844642], [91.7863419, 26.2848025], [91.7862583, 26.2849187], [91.7858424, 26.285497], [91.7857805, 26.2855829], [91.7856177, 26.2857952], [91.7852154, 26.2863195], [91.7852055, 26.2863324], [91.7851541, 26.2863994], [91.7849846, 26.2866058], [91.7848134, 26.2868143], [91.7845977, 26.287261], [91.7845173, 26.2875995], [91.7845871, 26.2878883], [91.7847771, 26.2882494], [91.7851822, 26.2887733], [91.7857022, 26.2895724], [91.786042, 26.2903759], [91.7862518, 26.2910169], [91.7862798, 26.2913954], [91.7862815, 26.2914186], [91.7861373, 26.2919068], [91.7861003, 26.2920321], [91.7860456, 26.2922173], [91.7859408, 26.2923929], [91.7856796, 26.2928308], [91.7852241, 26.2933813], [91.7852199, 26.2933864], [91.7851534, 26.2934668], [91.7846372, 26.2939407], [91.7843968, 26.2941613], [91.7839565, 26.2945323], [91.7836102, 26.2948241], [91.78308, 26.2951371], [91.782984, 26.2951938], [91.782716, 26.2953497], [91.7826584, 26.2953831], [91.7824529, 26.2955906], [91.7822324, 26.2959153], [91.7821771, 26.2962312], [91.7821818, 26.2965201], [91.7823568, 26.2968857], [91.7826567, 26.2974727], [91.7827915, 26.2979781], [91.7828861, 26.2986237], [91.7828859, 26.2988504], [91.7828858, 26.2989631], [91.7828855, 26.2993954], [91.7829397, 26.3002889], [91.7830645, 26.300799], [91.783256, 26.3012547], [91.7832694, 26.3012865], [91.7835144, 26.3015981], [91.7836445, 26.3017286], [91.7837397, 26.3018239], [91.7842751, 26.3021267], [91.7848356, 26.30247], [91.7853909, 26.3032195], [91.7854105, 26.3036257], [91.78524, 26.3039595], [91.7850145, 26.3042347], [91.7847039, 26.3043338], [91.7843534, 26.3043516], [91.7841182, 26.3042927], [91.7836489, 26.3040822], [91.7832922, 26.3039222], [91.7827717, 26.3037367], [91.7824062, 26.3037275], [91.7821581, 26.3038468], [91.7821463, 26.3038525], [91.7821156, 26.3038672], [91.78186, 26.3042055], [91.7816895, 26.3044942], [91.7816593, 26.3047514], [91.781669, 26.3050493], [91.7818389, 26.3054376], [91.7821041, 26.3056679], [91.7824995, 26.3058306], [91.7832206, 26.3058763], [91.783994, 26.3058357], [91.7843272, 26.3058183], [91.7853786, 26.3058641], [91.7860996, 26.3059548], [91.7868556, 26.3062081], [91.7873911, 26.3065108], [91.7878915, 26.3069444], [91.7881665, 26.3074094], [91.7883814, 26.3079692], [91.7884859, 26.3087003], [91.7884854, 26.308716], [91.7884603, 26.309499], [91.788525, 26.309955], [91.7886297, 26.3106681], [91.7887555, 26.3110425], [91.7888345, 26.3112774], [91.7891147, 26.3116071], [91.7892506, 26.3117318], [91.7894099, 26.3118781], [91.7897202, 26.3120046], [91.7901458, 26.3120275], [91.7904363, 26.3119599], [91.7912127, 26.3116039], [91.7919141, 26.3112659], [91.792465, 26.3111668], [91.7925416, 26.3111764], [91.7929005, 26.3112213], [91.7929637, 26.3112863], [91.7931108, 26.3114381], [91.7931555, 26.3117495], [91.7930702, 26.3121059], [91.7930447, 26.3121564], [91.7928294, 26.3125819], [91.7925887, 26.3130579], [91.7923778, 26.313992], [91.7923913, 26.3143941], [91.7923924, 26.3144253], [91.7924623, 26.3147954], [91.7925772, 26.3151474], [91.7927771, 26.3156846], [91.793089, 26.3163975], [91.7930971, 26.3164159], [91.7931319, 26.3167182], [91.7930614, 26.3171469], [91.7930519, 26.3171679], [91.7929565, 26.3173769], [91.7929009, 26.3174989], [91.792898, 26.3175021], [91.7926988, 26.317727], [91.7926052, 26.3178327], [91.7925342, 26.3178937], [91.7922798, 26.3181125], [91.7921016, 26.3182657], [91.792044, 26.3183152], [91.791678, 26.3188024], [91.7915475, 26.3192761], [91.7915321, 26.3197635], [91.7916017, 26.3203007], [91.7917767, 26.3207205], [91.7918909, 26.320832], [91.7921421, 26.3210772], [91.7927578, 26.3214387], [91.7927814, 26.3214441], [91.7933435, 26.3215744], [91.7939946, 26.3216334], [91.7947157, 26.3215752], [91.7951986, 26.3213468], [91.795402, 26.3212506], [91.7956016, 26.3210658], [91.7957454, 26.3209327], [91.7960238, 26.3202807], [91.7959953, 26.3198359], [91.7959891, 26.3197392], [91.7957542, 26.3190395], [91.7954896, 26.3179427], [91.795435, 26.3172522], [91.7954604, 26.3167693], [91.7956912, 26.3161556], [91.7961276, 26.3151269], [91.7967293, 26.3141254], [91.7971203, 26.3134803], [91.7971743, 26.3134399], [91.7974159, 26.3132593], [91.7978616, 26.3132009], [91.798177, 26.3133184], [91.7986625, 26.3136572], [91.7989126, 26.3140273], [91.7991326, 26.3144652], [91.7994037, 26.3150693], [91.7996353, 26.3153388], [91.8002234, 26.3158017], [91.8014747, 26.316687], [91.8027461, 26.3175677], [91.8028582, 26.3176167], [91.8032117, 26.317771], [91.8035471, 26.3177983], [91.8038343, 26.3176234], [91.8038729, 26.3175998], [91.8040784, 26.3171893], [91.8040636, 26.3167786], [91.8040343, 26.3156955], [91.8040934, 26.3153033], [91.8041097, 26.3151945], [91.8043756, 26.3145854], [91.8045188, 26.3143228], [91.8047716, 26.3138591], [91.8048161, 26.313819], [91.8048639, 26.313776], [91.8051373, 26.3135298], [91.8058136, 26.3131872], [91.8063544, 26.3130927], [91.8071256, 26.3131675], [91.8078716, 26.3133281], [91.8083437, 26.3134623], [91.8085075, 26.3135089], [91.8092837, 26.3135138], [91.8098539, 26.3133994], [91.8099347, 26.3133833], [91.8106359, 26.3131038], [91.8107412, 26.3130402], [91.8108361, 26.3129829], [91.8110167, 26.3128738], [91.8112728, 26.3126879], [91.811578, 26.3124664], [91.8118486, 26.31227], [91.8119985, 26.3121612], [91.8125997, 26.3116876], [91.8134313, 26.3110607], [91.8136917, 26.3110067], [91.8141222, 26.3111513], [91.8146027, 26.3117608], [91.815203, 26.3127494], [91.8155631, 26.3134491], [91.8160382, 26.3145731], [91.8167434, 26.3161754], [91.8167528, 26.316209], [91.8168034, 26.3163899], [91.8168634, 26.3166043], [91.8167882, 26.3168885], [91.8162472, 26.3172899], [91.8157061, 26.3176056], [91.8151902, 26.3177362], [91.8147758, 26.3177239], [91.8141136, 26.3177042], [91.8135377, 26.3177219], [91.8121053, 26.3179605], [91.8114391, 26.3181904], [91.8114187, 26.318207], [91.8112057, 26.3183799], [91.810878, 26.3186459], [91.8105247, 26.3188877], [91.8105023, 26.318903], [91.8101817, 26.3190021], [91.809427, 26.3190653], [91.8093253, 26.3190739], [91.8088963, 26.3192446], [91.8088738, 26.3192535], [91.8088495, 26.3192632], [91.8084435, 26.3199309], [91.8083379, 26.3204634], [91.8083428, 26.3206484], [91.8083724, 26.3214924], [91.8083983, 26.3220058], [91.808407, 26.3221784], [91.8084819, 26.3225394], [91.8087795, 26.3230879], [91.8090772, 26.3236364], [91.8095324, 26.3244083], [91.810001, 26.3249098], [91.8103382, 26.3252707], [91.8111091, 26.3259526], [91.8114595, 26.3262415], [91.8121003, 26.326648], [91.8138277, 26.3273573], [91.8143378, 26.3275194], [91.8146015, 26.3276032], [91.8149944, 26.3277279], [91.8155453, 26.3277778], [91.8158984, 26.3276358], [91.8162516, 26.3274938], [91.8166174, 26.3271329], [91.8166293, 26.3271129], [91.8168479, 26.3267449], [91.8171389, 26.3259868], [91.8172796, 26.3257101], [91.8173018, 26.3256665], [91.8174647, 26.3253462], [91.8174793, 26.3253294], [91.8177503, 26.3250168], [91.818061, 26.324832], [91.8182793, 26.3248128], [91.818419, 26.3248005], [91.8188622, 26.3250309], [91.8190122, 26.3253378], [91.819052, 26.3258839], [91.8189966, 26.3264525], [91.8189211, 26.3271204], [91.8189059, 26.3275491], [91.8188907, 26.3279779], [91.8189755, 26.3284517], [91.8192307, 26.328998], [91.8194191, 26.3292371], [91.8195009, 26.329341], [91.8199514, 26.3297925], [91.8202968, 26.3301221], [91.8206423, 26.3304517], [91.821293, 26.331147], [91.8216183, 26.3316436], [91.8216932, 26.3320813], [91.8215126, 26.3326634], [91.8212518, 26.3333493], [91.8211037, 26.3336382], [91.8208307, 26.3341705], [91.8203445, 26.3350006], [91.8195926, 26.3361376], [91.8192256, 26.3366723], [91.8190011, 26.3369994], [91.8185448, 26.3380056], [91.8180633, 26.3392013], [91.8175316, 26.3407761], [91.8169745, 26.3429015], [91.8169492, 26.3433392], [91.8170792, 26.3437545], [91.8174897, 26.3442421], [91.8178201, 26.3445378], [91.8178675, 26.3445802], [91.8186112, 26.3452445], [91.8186311, 26.345263], [91.819207, 26.3457998], [91.8194586, 26.3461381], [91.8194823, 26.34617], [91.8194837, 26.3461848], [91.8195121, 26.3464814], [91.8193558, 26.3466403], [91.8192992, 26.3466979], [91.8192357, 26.3467624], [91.8190861, 26.3469144], [91.8180089, 26.3476079], [91.8175428, 26.3479043], [91.8169666, 26.3483712], [91.8166809, 26.3487186], [91.8162999, 26.349251], [91.8162095, 26.3495669], [91.8161492, 26.3499685], [91.8162242, 26.3502979], [91.8163293, 26.3505282], [91.8165595, 26.350772], [91.8168499, 26.3509345], [91.8170903, 26.3510204], [91.8172982, 26.3510836], [91.8175662, 26.351165], [91.818027, 26.3512283], [91.8185229, 26.3513234], [91.8189335, 26.351486], [91.8191138, 26.3515583], [91.8196496, 26.3519105], [91.819955, 26.3521183], [91.8203055, 26.3524073], [91.8204808, 26.3525833], [91.820651, 26.352773], [91.8211916, 26.3535539], [91.8213868, 26.3539511], [91.821592, 26.35438], [91.8217217, 26.3553142], [91.8217615, 26.3558377], [91.8214341, 26.3568299], [91.8212355, 26.3573587], [91.820989, 26.3579946], [91.8209409, 26.3580996], [91.8208492, 26.3582995], [91.8208235, 26.3583555], [91.8208125, 26.3583689], [91.8206929, 26.3585143], [91.8205803, 26.3586512], [91.8205378, 26.3587029], [91.8202621, 26.3589781], [91.8199277, 26.3592606], [91.8197875, 26.3593676], [91.8197309, 26.3593931], [91.8195654, 26.3596773], [91.8195202, 26.3599572], [91.819495, 26.360273], [91.819605, 26.3606115], [91.8198752, 26.3611306], [91.8201256, 26.361397], [91.8205412, 26.3617943], [91.8208317, 26.3620065], [91.8213475, 26.3623317], [91.8217632, 26.3625891], [91.8220637, 26.3627642], [91.8226196, 26.3631084], [91.8228899, 26.3636275], [91.8229078, 26.3636925], [91.8229548, 26.3638622], [91.8229548, 26.3640743], [91.8228412, 26.3642694], [91.8227893, 26.3643586], [91.8227545, 26.3644003], [91.8226539, 26.364521], [91.8222332, 26.3645524], [91.8217171, 26.3645116], [91.8211811, 26.3644663], [91.8211269, 26.3644612], [91.8207903, 26.36443], [91.8205643, 26.3644978], [91.8204747, 26.3645246], [91.8204077, 26.3645817], [91.8202893, 26.3646826], [91.8201738, 26.3651337], [91.8201535, 26.3656978], [91.8202234, 26.3661266], [91.8203385, 26.3665103], [91.8204834, 26.3669887], [91.8206937, 26.367413], [91.8208238, 26.3675981], [91.8210292, 26.3677968], [91.8216702, 26.3682619], [91.8218705, 26.3683702], [91.8220808, 26.3685869], [91.8221759, 26.3688307], [91.8222659, 26.3691015], [91.8222658, 26.3694806], [91.82209, 26.3704327], [91.821814, 26.3712585], [91.8214628, 26.3721971], [91.8209261, 26.3735823], [91.8206552, 26.3741915], [91.8205047, 26.374417], [91.8200434, 26.3752518], [91.8198628, 26.3755947], [91.8196572, 26.3760459], [91.8191505, 26.3772778], [91.8184432, 26.3789201], [91.8182208, 26.3792174], [91.8181823, 26.379269], [91.8181524, 26.3792917], [91.8179418, 26.3794524], [91.8164339, 26.380144], [91.815887, 26.380458], [91.8152255, 26.3807781], [91.8148504, 26.3808627], [91.8141883, 26.3809062], [91.8138926, 26.3809173], [91.8136421, 26.380994], [91.8131509, 26.3813278], [91.8126044, 26.3818735], [91.8123091, 26.3821815], [91.812058, 26.3824433], [91.8101733, 26.3836053], [91.810099, 26.3836179], [91.8098727, 26.3835961], [91.8098516, 26.3835886], [91.8097487, 26.3835521], [91.8095671, 26.3834877], [91.8086805, 26.3830585], [91.8086289, 26.3830338], [91.8080836, 26.3827729], [91.8080292, 26.3827469], [91.8075155, 26.3826074], [91.8074131, 26.3825796], [91.8066515, 26.3824483], [91.8064902, 26.3824433], [91.8058605, 26.382424], [91.8057547, 26.3824208], [91.8050982, 26.382452], [91.8046996, 26.3825363], [91.8045871, 26.3825601], [91.8031334, 26.3835657], [91.8030752, 26.383618], [91.8029379, 26.3837415], [91.8028625, 26.3840033], [91.8028751, 26.3842357], [91.8027836, 26.3859911], [91.8027958, 26.3864763], [91.8028542, 26.3866053], [91.8029489, 26.3868144], [91.8032112, 26.387158], [91.8034589, 26.3874162], [91.8038522, 26.3878263], [91.8041526, 26.388228], [91.8043276, 26.3886208], [91.8043805, 26.3889076], [91.8043926, 26.3889729], [91.8043629, 26.3890561], [91.804262, 26.3893383], [91.80417, 26.3894646], [91.8040409, 26.389642], [91.8039762, 26.3897308], [91.8034799, 26.3900555], [91.8025025, 26.3904204], [91.8010038, 26.3912184], [91.8006679, 26.3913762], [91.8002369, 26.3914482], [91.7996857, 26.3915156], [91.798979, 26.3916416], [91.7977412, 26.3919116], [91.7977315, 26.3919141], [91.7970044, 26.3921008], [91.7965983, 26.3924119], [91.7964327, 26.3927142], [91.7963373, 26.3929939], [91.796282, 26.3932737], [91.7963168, 26.3936212], [91.796447, 26.3938514], [91.7968125, 26.3941812], [91.7971879, 26.3944817], [91.7973483, 26.3946102], [91.7977791, 26.3948677], [91.7981397, 26.3952424], [91.798415, 26.3956352], [91.7985652, 26.3959241], [91.798625, 26.3963709], [91.7985495, 26.3967951], [91.7984641, 26.3971064], [91.7983716, 26.3972748], [91.7982584, 26.3974809], [91.7979673, 26.3980945], [91.7978318, 26.3984374], [91.7978315, 26.3987218], [91.7978459, 26.3989071], [91.7978614, 26.3991054], [91.7979355, 26.3995006], [91.7979976, 26.3998315], [91.7980011, 26.3998501], [91.7979961, 26.4002957], [91.7979958, 26.4003239], [91.7979204, 26.4006939], [91.7976496, 26.400942], [91.7976345, 26.4009476], [91.7971734, 26.4011177], [91.7963964, 26.4014016], [91.7958947, 26.4016419], [91.79586, 26.4016585], [91.7950528, 26.4021906], [91.794787, 26.4024837], [91.7946314, 26.4027499], [91.7946011, 26.4030523], [91.7946158, 26.4035622], [91.7947157, 26.4039459], [91.7948909, 26.4043025], [91.7949386, 26.4043377], [91.7951664, 26.4045058], [91.7956574, 26.4047227], [91.7959629, 26.404971], [91.7961381, 26.4052871], [91.7962881, 26.4056662], [91.796353, 26.4060003], [91.7962725, 26.4063974], [91.7961319, 26.4069659], [91.7957954, 26.4079044], [91.7955758, 26.4082355], [91.7954693, 26.4083961], [91.7950057, 26.4089663], [91.7949897, 26.408986], [91.7949375, 26.4090502], [91.7945664, 26.409429], [91.7945196, 26.4094583], [91.7943357, 26.4095733], [91.793985, 26.4096092], [91.7935038, 26.4095909], [91.793293, 26.409551], [91.7929777, 26.4094913], [91.7923564, 26.4092697], [91.7906089, 26.408487], [91.7894657, 26.4079276], [91.7891199, 26.4078281], [91.7886288, 26.4078188], [91.7877195, 26.4078692], [91.7852759, 26.407979], [91.7847947, 26.408042], [91.7843085, 26.4081545], [91.7835515, 26.4084654], [91.7831247, 26.4087283], [91.78301, 26.408799], [91.7829472, 26.4088533], [91.7828978, 26.408896], [91.7826087, 26.4091462], [91.7822474, 26.4096288], [91.7809564, 26.411352], [91.7808577, 26.4114781], [91.7806419, 26.411812], [91.7804712, 26.4121684], [91.7800744, 26.4131249], [91.7799888, 26.4135038], [91.7799787, 26.413734], [91.7800136, 26.413892], [91.7802088, 26.4141809], [91.7804467, 26.414511], [91.7804691, 26.4145421], [91.7806294, 26.4146776], [91.7807798, 26.4147184], [91.7808379, 26.4147227], [91.7811506, 26.4147457], [91.7815114, 26.4148001], [91.781822, 26.4149583], [91.7821725, 26.4153466], [91.7825881, 26.4158072], [91.7828985, 26.4163084], [91.7830385, 26.416656], [91.7830224, 26.4170423], [91.7829374, 26.4177436], [91.7829226, 26.4177796], [91.782852, 26.4179517], [91.7828319, 26.4180007], [91.7826814, 26.4181134], [91.7824709, 26.4181584], [91.7806913, 26.4184866], [91.7803905, 26.4185082], [91.7801299, 26.4185268], [91.779739, 26.4184724], [91.7792929, 26.418445], [91.7792328, 26.4184592], [91.7790825, 26.4184945], [91.7775429, 26.4194231], [91.7773171, 26.4196757], [91.7772468, 26.4198923], [91.7772365, 26.4201405], [91.7773165, 26.4204609], [91.7774766, 26.4207679], [91.7776568, 26.4210524], [91.7780523, 26.4215626], [91.7783676, 26.4221235], [91.7785427, 26.4224429], [91.7789727, 26.4236121], [91.7790874, 26.4242463], [91.7790412, 26.425652], [91.7790152, 26.4258769], [91.7790057, 26.4259588], [91.7787943, 26.4270554], [91.7787703, 26.4271605], [91.7787088, 26.4274298], [91.7786346, 26.4275289], [91.7786189, 26.4275498], [91.7785432, 26.4276509], [91.7782323, 26.4277995], [91.7779114, 26.4278535], [91.7774603, 26.4278396], [91.7772248, 26.4277537], [91.7760177, 26.4267594], [91.7751775, 26.425784], [91.7751273, 26.4256302], [91.7750515, 26.4254054], [91.7749784, 26.4252966], [91.7748937, 26.4252835], [91.7747449, 26.4253118], [91.7746807, 26.425324], [91.7744799, 26.4255765], [91.7737272, 26.4266344], [91.7737072, 26.4278289], [91.7738267, 26.4280564], [91.7737188, 26.4287455], [91.7733578, 26.4302646], [91.7732423, 26.4305488], [91.7731354, 26.4306915], [91.7730767, 26.4307699], [91.7726805, 26.4310584], [91.7719158, 26.4317417], [91.7711954, 26.4324653], [91.7709244, 26.4327719], [91.7708691, 26.4328938], [91.7709292, 26.432975], [91.7710595, 26.4330429], [91.7713151, 26.4330589], [91.7717862, 26.4330976], [91.7719208, 26.4332487], [91.7719815, 26.4334046], [91.7722762, 26.4345646], [91.7721998, 26.4354648], [91.7720494, 26.4358235], [91.772022, 26.4361762], [91.7720139, 26.4362793], [91.7720027, 26.437561], [91.7722387, 26.438632], [91.7721602, 26.4406841], [91.7721298, 26.4409549], [91.7719432, 26.4422092], [91.7718677, 26.4425477], [91.7718065, 26.4427718], [91.771742, 26.4430079], [91.7714908, 26.443626], [91.7714664, 26.4436661], [91.7712809, 26.4439719], [91.7711392, 26.444235], [91.7710639, 26.4444335], [91.7710387, 26.444657], [91.7710435, 26.4447944], [91.7711887, 26.4449865], [91.7716141, 26.4458238], [91.7720756, 26.4469362], [91.7721022, 26.4470132], [91.7721342, 26.4471059], [91.7721381, 26.4472024], [91.7721391, 26.4472278], [91.7720202, 26.4474072], [91.7720193, 26.4474086], [91.7720184, 26.4474099], [91.7720182, 26.4474103], [91.7712254, 26.4486577], [91.7711948, 26.4491135], [91.7711641, 26.4494697], [91.7711594, 26.4495241], [91.7710487, 26.4499031], [91.7710004, 26.4500096], [91.7707767, 26.4505039], [91.770677, 26.4507242], [91.7704109, 26.4511121], [91.7701858, 26.4514099], [91.7701348, 26.4514774], [91.7700228, 26.4515665], [91.7696079, 26.4518967], [91.7680778, 26.4529561], [91.7676925, 26.4532253], [91.7676263, 26.4532716], [91.7673803, 26.453628], [91.7672848, 26.453867], [91.7672495, 26.4540475], [91.7672995, 26.4542145], [91.7673667, 26.4543069], [91.7674046, 26.4543591], [91.7676702, 26.4545849], [91.7678504, 26.4547701], [91.7678452, 26.4549596], [91.7677699, 26.4550995], [91.7677296, 26.4551497], [91.7673242, 26.4556539], [91.7673131, 26.4556677], [91.766949, 26.4560997], [91.7668863, 26.456174], [91.7667961, 26.456281], [91.7667806, 26.4562987], [91.766446, 26.4566807], [91.7663694, 26.4567681], [91.7661712, 26.4569479], [91.7647582, 26.4585991], [91.7646627, 26.4588066], [91.7646173, 26.4591225], [91.7645213, 26.459858], [91.7645162, 26.4599888], [91.7645579, 26.4601398], [91.7645611, 26.4601514], [91.7649963, 26.4608712], [91.7655127, 26.461339], [91.7656722, 26.462156], [91.7659824, 26.4628602], [91.7659484, 26.4641554], [91.7657695, 26.4652835], [91.7655421, 26.4670343], [91.7655324, 26.4671831], [91.7655064, 26.4675804], [91.7655464, 26.4677383], [91.7657221, 26.4679323], [91.7657919, 26.4680093], [91.7659125, 26.4681078], [91.7662127, 26.4683526], [91.7665534, 26.4686011], [91.7665711, 26.4686058], [91.766774, 26.46866], [91.7669696, 26.4686601], [91.767085, 26.468579], [91.7674915, 26.468128], [91.7676373, 26.4677896], [91.7682044, 26.4673433], [91.7693282, 26.4666401], [91.7696944, 26.4665006], [91.7700806, 26.4663835], [91.7705368, 26.4663929], [91.7709678, 26.4666008], [91.7712785, 26.4668628], [91.7714382, 26.4670908], [91.771579, 26.4672917], [91.7723149, 26.4684747], [91.7730158, 26.4696531], [91.7731511, 26.4697615], [91.7733266, 26.4698112], [91.7740486, 26.4698163], [91.7753625, 26.4697405], [91.7761698, 26.4697185], [91.776576, 26.4697459], [91.7770722, 26.4698816], [91.7773228, 26.4700624], [91.7775031, 26.4703152], [91.7776231, 26.4707079], [91.7776123, 26.4715202], [91.7775965, 26.4723686], [91.7776664, 26.472829], [91.777788, 26.4732855], [91.7778263, 26.4734293], [91.7778609, 26.4739755], [91.7778206, 26.4742056], [91.7777251, 26.4744311], [91.7775193, 26.4747062], [91.7773836, 26.4750311], [91.7773884, 26.4752116], [91.7774586, 26.475329], [91.7781048, 26.4759658], [91.7786911, 26.4765349], [91.7789181, 26.4767226], [91.7791772, 26.4769368], [91.7793074, 26.477158], [91.7793268, 26.4772353], [91.7793673, 26.4773972], [91.7793718, 26.4779908], [91.7793718, 26.4779975], [91.7793398, 26.4781313], [91.7792963, 26.4783133], [91.7791655, 26.4787555], [91.7790709, 26.4796336], [91.7792488, 26.4809849], [91.7792516, 26.4809914], [91.7793382, 26.4811923], [91.7795407, 26.4814689], [91.779589, 26.4815215], [91.7796938, 26.4816355], [91.7798478, 26.4818029], [91.7798616, 26.4818163], [91.7802107, 26.4821544], [91.7804761, 26.4825789], [91.7806312, 26.4829535], [91.7808558, 26.4842624], [91.7808555, 26.4845242], [91.7807401, 26.4847001], [91.7795354, 26.4859178], [91.7782207, 26.4867923], [91.7778594, 26.4871034], [91.7776586, 26.4873741], [91.7772167, 26.4880191], [91.7768753, 26.4883754], [91.7765441, 26.4885421], [91.7760325, 26.4887042], [91.7758117, 26.4888259], [91.7757162, 26.4890199], [91.7757209, 26.4894306], [91.7757604, 26.490103], [91.7758554, 26.4903377], [91.7759958, 26.49055], [91.7770784, 26.4912593], [91.7772639, 26.4913586], [91.778417, 26.4916754], [91.7786929, 26.4917297], [91.7794451, 26.4917618], [91.7800168, 26.4917758], [91.7805937, 26.4917311], [91.7809549, 26.49165], [91.7811706, 26.4915058], [91.7812761, 26.4913344], [91.7814972, 26.4907479], [91.7817081, 26.4905088], [91.7818235, 26.4904141], [91.7820995, 26.4903421], [91.7825859, 26.4902973], [91.7829319, 26.4903201], [91.7831625, 26.4904196], [91.783343, 26.4905912], [91.7845454, 26.4921219], [91.7847453, 26.4929072], [91.7847251, 26.4931239], [91.7846898, 26.4932908], [91.7846699, 26.4933192], [91.784509, 26.4935479], [91.7840823, 26.4941343], [91.7840182, 26.4942135], [91.7839618, 26.4942832], [91.7838062, 26.4943778], [91.7836453, 26.4944216], [91.7834752, 26.4944679], [91.7828832, 26.4945893], [91.7824368, 26.4947108], [91.7821156, 26.4948912], [91.7815071, 26.4953511], [91.7814835, 26.4953689], [91.7814833, 26.495369], [91.7814832, 26.4953692], [91.7813221, 26.4955327], [91.7812122, 26.4956442], [91.7810347, 26.495875], [91.7808306, 26.4961403], [91.78069, 26.4963974], [91.7806896, 26.4967495], [91.7807597, 26.4970339], [91.7809899, 26.4975394], [91.7812003, 26.4977968], [91.7815011, 26.4980497], [91.7818872, 26.4982215], [91.7823635, 26.4982715], [91.7828851, 26.4982943], [91.7834018, 26.4982496], [91.7838332, 26.4981415], [91.7845306, 26.4978757], [91.7849872, 26.4977136], [91.7857447, 26.4975336], [91.7861259, 26.4974797], [91.786808, 26.4975027], [91.7871839, 26.4977015], [91.7872441, 26.4978324], [91.7872489, 26.4980356], [91.7872115, 26.4980962], [91.787138, 26.4982156], [91.7871183, 26.4982475], [91.7868084, 26.4984985], [91.786762, 26.4985361], [91.7867504, 26.4985483], [91.7864658, 26.4988473], [91.786265, 26.4991225], [91.7855891, 26.5001714], [91.7849843, 26.5006717], [91.7844526, 26.5012465], [91.7837897, 26.5021938], [91.7830458, 26.5040977], [91.7830257, 26.5041699], [91.7830406, 26.5042918], [91.7830528, 26.5043263], [91.7844131, 26.5044105], [91.7868969, 26.5046746], [91.7901907, 26.5046626], [91.7912932, 26.5047083], [91.7922912, 26.5049125], [91.7933801, 26.5050668], [91.7937911, 26.5051218], [91.7945655, 26.5049773], [91.7953805, 26.5048694], [91.7968783, 26.5050574], [91.7981788, 26.5054321], [91.7997049, 26.5058376], [91.8009948, 26.5059289], [91.8023604, 26.5062343], [91.804307, 26.5066247], [91.8048069, 26.5066084], [91.8063337, 26.5061909], [91.8076395, 26.5058558], [91.8091806, 26.5057393], [91.8101768, 26.5056793], [91.8105815, 26.5056549], [91.8120555, 26.5055864], [91.8130572, 26.5055752], [91.8143835, 26.5055808], [91.8159958, 26.5054589], [91.8171892, 26.5054545], [91.8178216, 26.5055787], [91.8183455, 26.5058186], [91.8187053, 26.5060923], [91.8190142, 26.5063423], [91.8191054, 26.5066127], [91.8191132, 26.5066359], [91.8190621, 26.5068547], [91.8187445, 26.5075452], [91.8183568, 26.509273], [91.8182492, 26.5104206], [91.8181763, 26.5118243], [91.8191273, 26.5123379], [91.8199314, 26.5127648], [91.8210217, 26.5132826], [91.8217864, 26.5135756], [91.8224156, 26.5137656], [91.8241452, 26.5142849], [91.8254952, 26.5146079], [91.8267212, 26.5150902], [91.8275285, 26.5152542], [91.8283265, 26.5153436], [91.8290232, 26.5153659], [91.8300706, 26.515274], [91.8306385, 26.515256], [91.8327585, 26.5151955], [91.833108, 26.5152455], [91.8332069, 26.5152836], [91.8333051, 26.5166658], [91.8333549, 26.5180875], [91.8333147, 26.519441], [91.8332582, 26.5203206], [91.8331098, 26.5214072], [91.833104, 26.522533], [91.8329672, 26.5237438], [91.8326652, 26.5255506], [91.8336699, 26.5255004], [91.8345847, 26.5253236], [91.8355904, 26.525097], [91.8371418, 26.5244426], [91.8383151, 26.5239667], [91.8399052, 26.5233517], [91.8412111, 26.5230162], [91.8418217, 26.5229056], [91.8428947, 26.5228886], [91.8441458, 26.5229873], [91.8447449, 26.5232645], [91.8453262, 26.5236073], [91.8458662, 26.5240179], [91.846019, 26.5246299], [91.8460554, 26.5252721], [91.8458762, 26.5259091], [91.8453404, 26.5265628], [91.8447322, 26.526953], [91.8438748, 26.527233], [91.8433614, 26.5276158], [91.8427812, 26.5283048], [91.8421932, 26.5291663], [91.8419566, 26.5297002], [91.8420026, 26.5301912], [91.8420801, 26.5305079], [91.8421261, 26.5309988], [91.8420772, 26.531497], [91.8418328, 26.5322035], [91.8417135, 26.5332094], [91.8417042, 26.5338766], [91.841786, 26.5344939], [91.842, 26.5349936], [91.8424314, 26.53552], [91.8429357, 26.5358042], [91.8432499, 26.5360296], [91.8428539, 26.53671], [91.8425374, 26.5371067], [91.8420773, 26.5375377], [91.841094, 26.5382799], [91.8406173, 26.5385335], [91.8401399, 26.5387793], [91.8398287, 26.5389582], [91.8397637, 26.5389981], [91.8407413, 26.5398918], [91.848744, 26.5399214], [91.8493037, 26.5399235], [91.8500229, 26.5399261], [91.8540505, 26.5399408], [91.8542634, 26.5399416], [91.8607214, 26.5399649], [91.8626934, 26.538258], [91.8628002, 26.5381656], [91.8632086, 26.5378121], [91.8636091, 26.5374654], [91.8637715, 26.5373248], [91.8654897, 26.5358375], [91.8658928, 26.5354885], [91.8757792, 26.5356587], [91.8858707, 26.5403551], [91.8907683, 26.5447858], [91.8937077, 26.5528373], [91.8949513, 26.5562435], [91.8958361, 26.5586667], [91.9005946, 26.5675028], [91.9024152, 26.5691279], [91.9033823, 26.5699912], [91.9055722, 26.5719459], [91.9091674, 26.5719864], [91.9206557, 26.5721157], [91.9255269, 26.5678], [91.9308577, 26.5585899], [91.9308655, 26.5576365], [91.9309317, 26.5496262], [91.9245511, 26.5495991], [91.9245301, 26.549599], [91.9220136, 26.5495882], [91.9158512, 26.5495618], [91.9159998, 26.5359005], [91.9260332, 26.5270687], [91.9311363, 26.5270319], [91.935138, 26.5344574], [91.9360411, 26.536133], [91.94107, 26.5406884], [91.9510701, 26.5362316], [91.9699238, 26.5363501], [91.9712017, 26.5363581], [91.9810957, 26.5455206], [91.9710113, 26.5544343], [91.9737177, 26.5544512], [91.9741975, 26.5544542], [91.9782747, 26.5544794], [91.9786849, 26.554482], [91.9810449, 26.5544965], [91.9813893, 26.5544987], [91.982478, 26.5545054], [91.9833543, 26.5545108], [91.9841342, 26.5545156], [91.9848664, 26.5545201], [91.9849712, 26.5545207], [91.9860925, 26.5545276], [91.9860936, 26.5542195], [91.9860947, 26.5538701], [91.9861224, 26.5455515], [91.9911151, 26.5501051], [91.9911169, 26.5518949], [91.9911176, 26.5526069], [91.9911196, 26.5545931], [91.9961079, 26.5545193], [91.9961419, 26.5501356], [91.9999995, 26.546716], [92.0000041, 26.5467117], [92.0011434, 26.5456406], [92.0017965, 26.5456452], [92.0061621, 26.5456757], [92.0092991, 26.5428976], [92.0095459, 26.542679], [92.0112196, 26.5411967], [92.0212951, 26.536752], [92.0239838, 26.5367705], [92.0263135, 26.5367864], [92.0277253, 26.536796], [92.0275641, 26.5353504], [92.0275468, 26.532368], [92.027422, 26.5310561], [92.0271924, 26.5305131], [92.026952, 26.5303941], [92.0261486, 26.530189], [92.0243586, 26.529948], [92.0229133, 26.5297941], [92.0216114, 26.5298185], [92.0208905, 26.5297603], [92.0203881, 26.5293444], [92.0195637, 26.5281957], [92.0187928, 26.5276111], [92.0186526, 26.5264231], [92.018998, 26.5245761], [92.0192074, 26.5228995], [92.0194116, 26.5218724], [92.0195467, 26.5216277], [92.0196529, 26.5214353], [92.0200206, 26.5208937], [92.0204126, 26.520607], [92.021279, 26.5203743], [92.0216168, 26.5203811], [92.0219006, 26.5203868], [92.0223932, 26.5204546], [92.0228117, 26.5207997], [92.0230761, 26.5211115], [92.0230984, 26.5216985], [92.0229833, 26.5222508], [92.0225937, 26.5229148], [92.0224215, 26.523396], [92.0224171, 26.5238794], [92.0226111, 26.5243324], [92.0229739, 26.5248396], [92.0237191, 26.5254464], [92.0244999, 26.5258996], [92.0253817, 26.526179], [92.0263466, 26.5264518], [92.027204, 26.5264764], [92.0281239, 26.5264509], [92.028871, 26.5261971], [92.0293817, 26.5257502], [92.0294669, 26.5254116], [92.0293742, 26.5249658], [92.0290385, 26.5244332], [92.028717, 26.5240504], [92.0285346, 26.5235719], [92.0285683, 26.5232222], [92.0286577, 26.5229285], [92.0289721, 26.522708], [92.0293464, 26.5225887], [92.0298514, 26.5226102], [92.0301833, 26.5227506], [92.0309142, 26.5237359], [92.0316599, 26.5245238], [92.0321726, 26.5248014], [92.0331048, 26.5251927], [92.0338736, 26.5249329], [92.0344777, 26.5243415], [92.0345885, 26.5231937], [92.0346072, 26.5216566], [92.0348178, 26.5204021], [92.0343544, 26.5190013], [92.0334394, 26.5175547], [92.0327764, 26.5166971], [92.0325692, 26.5164352], [92.0318732, 26.5149037], [92.0313786, 26.513753], [92.0308169, 26.5130532], [92.0300195, 26.5127679], [92.0285214, 26.5126355], [92.0264149, 26.5113116], [92.0255067, 26.5104404], [92.0249264, 26.5095439], [92.025084, 26.5088878], [92.0255007, 26.5080632], [92.0261327, 26.5077668], [92.0275621, 26.5068846], [92.0297685, 26.5072392], [92.0319546, 26.5076653], [92.0334854, 26.5081419], [92.0351628, 26.5090033], [92.0368412, 26.5093823], [92.0369619, 26.5094096], [92.036981, 26.5094123], [92.0386915, 26.5078963], [92.0406876, 26.506127], [92.0416312, 26.5052907], [92.0466856, 26.5008103], [92.0466922, 26.500014], [92.0467228, 26.4962963], [92.0467325, 26.4951197], [92.0467601, 26.4917823], [92.041781, 26.4872347], [92.0424894, 26.4866067], [92.0468345, 26.4827543], [92.0468586, 26.4798283], [92.0468717, 26.4782403], [92.0519246, 26.4737597], [92.0518876, 26.4782737], [92.0518514, 26.4826935], [92.0518506, 26.4827877], [92.0568667, 26.4828209], [92.0585427, 26.482832], [92.0592009, 26.4828363], [92.0618829, 26.482854], [92.0619195, 26.47834], [92.0669718, 26.4738588], [92.0719876, 26.4738915], [92.0769673, 26.478438], [92.0769313, 26.4829521], [92.0718789, 26.4874336], [92.0668626, 26.4874009], [92.0668367, 26.4906063], [92.0668261, 26.4919149], [92.0667776, 26.4979289], [92.0667606, 26.5000228], [92.0667532, 26.5009429], [92.0660028, 26.500938], [92.0617363, 26.50091], [92.0566825, 26.505391], [92.0566646, 26.5075804], [92.056652, 26.509124], [92.0566456, 26.509905], [92.0616629, 26.509938], [92.0666803, 26.509971], [92.0684525, 26.5099825], [92.068539, 26.5099831], [92.0699221, 26.5099921], [92.0716976, 26.5100037], [92.0717585, 26.5101154], [92.0766427, 26.5190643], [92.0815527, 26.5326387], [92.0764621, 26.5416343], [92.0850356, 26.5416896], [92.0864995, 26.541699], [92.0915182, 26.5417311], [92.0965369, 26.541763], [92.1003187, 26.5452125], [92.1015205, 26.5463087], [92.1015105, 26.5475986], [92.1014853, 26.5508228], [92.1086871, 26.550868], [92.1115236, 26.5508857], [92.1165428, 26.5509169], [92.1165082, 26.5554309], [92.1154125, 26.5564028], [92.111454, 26.5599138], [92.111809, 26.5602375], [92.116439, 26.564459], [92.1164043, 26.5689731], [92.1113496, 26.5734558], [92.1108903, 26.5738631], [92.1062944, 26.5779385], [92.1012741, 26.5779069], [92.1010329, 26.5779053], [92.1006464, 26.5779029], [92.0971812, 26.577881], [92.0962538, 26.5778751], [92.0941096, 26.576894], [92.093938, 26.5768155], [92.0937342, 26.5767223], [92.0896746, 26.5748647], [92.0891221, 26.5746118], [92.0881244, 26.5741553], [92.086249, 26.573297], [92.085009, 26.5743962], [92.0821005, 26.5769742], [92.0811929, 26.5777787], [92.0725724, 26.5803002], [92.0660954, 26.5821947], [92.0661234, 26.578748], [92.066132, 26.5776808], [92.0661509, 26.5753535], [92.0661686, 26.5731668], [92.0636181, 26.5684948], [92.0613455, 26.5643319], [92.0612222, 26.5641059], [92.0612708, 26.5581322], [92.0613062, 26.5537914], [92.0613325, 26.5505639], [92.0613692, 26.54605], [92.0614427, 26.537022], [92.0564242, 26.5369889], [92.0514058, 26.5369556], [92.0506868, 26.5369508], [92.0465807, 26.5369234], [92.0463873, 26.5369221], [92.0424205, 26.5404373], [92.0413313, 26.5414024], [92.0391436, 26.5413877], [92.0319056, 26.5413387], [92.0312941, 26.5413345], [92.0262754, 26.5413003], [92.0212185, 26.5457799], [92.0211576, 26.5529493], [92.0211418, 26.5548077], [92.0211309, 26.5560928], [92.0210197, 26.5691797], [92.0209719, 26.5748021], [92.0208733, 26.5864051], [92.0214558, 26.5864091], [92.0258938, 26.5864395], [92.0348137, 26.5905255], [92.0358972, 26.5910218], [92.040918, 26.5910557], [92.0383945, 26.5955092], [92.0380777, 26.5960684], [92.0361475, 26.5994745], [92.0360075, 26.5997215], [92.0358215, 26.6000496], [92.0307623, 26.6045294], [92.0335244, 26.6045482], [92.0458265, 26.6046312], [92.045789, 26.6091452], [92.0449074, 26.6099259], [92.0407298, 26.6136253], [92.0457141, 26.618173], [92.0507361, 26.6182066], [92.0557581, 26.61824], [92.0607432, 26.6227872], [92.0693353, 26.6189961], [92.0708242, 26.6183392], [92.0729929, 26.6183533], [92.0758463, 26.6183719], [92.076165, 26.6189553], [92.0807961, 26.6274324], [92.0757373, 26.6319138], [92.0757282, 26.6330518], [92.075701, 26.6364277], [92.0806877, 26.6409742], [92.0907338, 26.6410388], [92.10078, 26.6411027], [92.1058382, 26.6366204], [92.110896, 26.6321379], [92.1128551, 26.6321501], [92.1159187, 26.6321692], [92.1259298, 26.6367453], [92.1258955, 26.6412593], [92.128702, 26.6421189], [92.1371861, 26.6447173], [92.1415127, 26.6460424], [92.1559679, 26.6504695], [92.1601074, 26.6529845], [92.1622573, 26.6542907], [92.166362, 26.6567846], [92.1709735, 26.6595863], [92.1759974, 26.6596155], [92.1768983, 26.6596207], [92.1810214, 26.6596445], [92.1810537, 26.6551305], [92.1811144, 26.6466164], [92.1811181, 26.6461024]]]}}, {"type": "Feature", "properties": {"district": "Sonitpur", "dist_lgd": 301, "state": "ASSAM", "role": "neighbor_district"}, "geometry": {"type": "Polygon", "coordinates": [[[92.6775184, 27.0316605], [92.6876124, 27.0271687], [92.6926531, 27.0271796], [92.6977056, 27.0226762], [92.7128271, 27.0227073], [92.7229189, 27.0182129], [92.732989, 27.0227463], [92.74307, 27.0227647], [92.7531511, 27.0227823], [92.7632228, 27.0273136], [92.7783536, 27.0228234], [92.7884346, 27.0228386], [92.7934752, 27.0228459], [92.8035639, 27.0183457], [92.8237388, 27.0093431], [92.8388649, 27.0048465], [92.8572652, 27.0016391], [92.8837293, 27.0003686], [92.8838398, 27.0003633], [92.8866089, 26.9997454], [92.8890629, 26.9985932], [92.8896517, 26.9982525], [92.893373, 26.9960991], [92.8981658, 26.993441], [92.9037362, 26.9903008], [92.9092768, 26.9872842], [92.9125646, 26.9855309], [92.9157997, 26.9838056], [92.9184105, 26.9823057], [92.9169881, 26.9786251], [92.9162101, 26.9764879], [92.9155327, 26.9739159], [92.9160491, 26.9700266], [92.9165608, 26.9661918], [92.9171454, 26.9629304], [92.9210529, 26.9611769], [92.9270303, 26.9586216], [92.9338711, 26.9559761], [92.9413784, 26.9527875], [92.9511221, 26.948666], [92.9569877, 26.9462296], [92.962477, 26.9439652], [92.9681768, 26.9416984], [92.9742031, 26.9392795], [92.977604, 26.9379919], [92.9818853, 26.9360456], [92.983036, 26.9354215], [92.98149, 26.9330548], [92.9794455, 26.9306479], [92.9781937, 26.9296567], [92.9770591, 26.9291065], [92.9753348, 26.928412], [92.9744404, 26.9280996], [92.9733191, 26.9276771], [92.9720355, 26.9270748], [92.9706085, 26.925776], [92.9687988, 26.9242512], [92.9681236, 26.9232765], [92.9665661, 26.9214088], [92.9655983, 26.9196854], [92.9623038, 26.9169952], [92.9610719, 26.9161955], [92.9593919, 26.9145309], [92.9586258, 26.9133706], [92.9583267, 26.912558], [92.9584145, 26.9106185], [92.9583291, 26.9097883], [92.9577516, 26.9090632], [92.9568245, 26.9084313], [92.9558975, 26.9077995], [92.954602, 26.9077777], [92.9530984, 26.9071292], [92.9515358, 26.9059057], [92.9505431, 26.9046353], [92.948974, 26.903348], [92.9467178, 26.9016666], [92.9446482, 26.8990036], [92.9436875, 26.8973439], [92.9431288, 26.896102], [92.9397838, 26.8936087], [92.9364202, 26.8916322], [92.9351822, 26.8907682], [92.9335233, 26.8900034], [92.9310754, 26.8899479], [92.929709, 26.8899318], [92.928277, 26.8892771], [92.9248752, 26.8876255], [92.9225942, 26.8863967], [92.9206572, 26.8857191], [92.9192188, 26.8850005], [92.9176371, 26.883585], [92.9162234, 26.881705], [92.9154784, 26.8814443], [92.9108022, 26.8806705], [92.9073966, 26.8810798], [92.9062956, 26.8808485], [92.9051683, 26.8803618], [92.9039561, 26.8790446], [92.9037025, 26.8786978], [92.9036288, 26.878597], [92.9018682, 26.8761894], [92.9007795, 26.8753774], [92.899798, 26.8749194], [92.8997235, 26.8748847], [92.8986618, 26.8750364], [92.8969663, 26.8760134], [92.8957947, 26.8764962], [92.8941742, 26.8746974], [92.893473, 26.8727584], [92.8923583, 26.8716909], [92.8912182, 26.8710762], [92.8893332, 26.8702008], [92.8884511, 26.8685988], [92.8878415, 26.867554], [92.8865459, 26.8668233], [92.8850693, 26.8664295], [92.8820331, 26.8669368], [92.8796243, 26.8665552], [92.8761335, 26.8654252], [92.8739121, 26.8647705], [92.873387, 26.8638476], [92.8735343, 26.8617744], [92.8739147, 26.8598754], [92.8742887, 26.8579124], [92.8733036, 26.8567052], [92.8714581, 26.8562128], [92.8694708, 26.8564405], [92.8684863, 26.8559416], [92.8670414, 26.8544502], [92.8666522, 26.8534516], [92.8655575, 26.8525755], [92.8639643, 26.8517402], [92.8621515, 26.851567], [92.8611089, 26.8512018], [92.8622869, 26.850783], [92.8640671, 26.8506368], [92.8658663, 26.8499738], [92.8672769, 26.8490206], [92.8677813, 26.8483351], [92.867676, 26.8458963], [92.8671955, 26.8440035], [92.8662046, 26.8434408], [92.86355, 26.8427571], [92.8605595, 26.8430027], [92.8594653, 26.8428349], [92.858824, 26.8421791], [92.8592893, 26.8411104], [92.8598716, 26.8404829], [92.8629327, 26.839523], [92.8647514, 26.8390516], [92.866737, 26.8366986], [92.8668747, 26.8362183], [92.8669042, 26.8361152], [92.8672664, 26.8348517], [92.8667658, 26.8320588], [92.8665601, 26.8313423], [92.865429, 26.8274024], [92.8651237, 26.8258172], [92.8654846, 26.8237265], [92.8657512, 26.822707], [92.8657835, 26.8225834], [92.8662592, 26.8207645], [92.8671945, 26.8165654], [92.8685184, 26.8126564], [92.869816, 26.8084919], [92.8704404, 26.8040607], [92.8701659, 26.8006694], [92.8698666, 26.7984397], [92.8693957, 26.7968841], [92.8693868, 26.7968545], [92.8684589, 26.793789], [92.8679644, 26.7903514], [92.8686534, 26.7858504], [92.8695819, 26.7815873], [92.8702328, 26.7781199], [92.8708906, 26.7754249], [92.8720211, 26.7731419], [92.8733982, 26.7718692], [92.8747421, 26.7695687], [92.877786, 26.7656466], [92.8788387, 26.7633056], [92.878965, 26.7624993], [92.8790124, 26.7621962], [92.8783132, 26.7616741], [92.8769482, 26.7616576], [92.8747072, 26.7617827], [92.8747978, 26.7545089], [92.8747602, 26.7517801], [92.8746792, 26.749217], [92.8741128, 26.7472078], [92.8718644, 26.7429359], [92.8718184, 26.7428486], [92.871818, 26.7428486], [92.8696396, 26.740185], [92.8695438, 26.7400679], [92.8688463, 26.739215], [92.8672125, 26.7367796], [92.864835, 26.7344324], [92.8625865, 26.7324137], [92.8618901, 26.7306045], [92.8608783, 26.7280637], [92.8601923, 26.7254693], [92.8601002, 26.7240444], [92.8600896, 26.7238811], [92.8600358, 26.7230476], [92.8598889, 26.7219343], [92.859771, 26.7210406], [92.8598403, 26.7193577], [92.8600841, 26.7176208], [92.8607885, 26.7156694], [92.8611569, 26.714557], [92.8616936, 26.7136203], [92.8629794, 26.7123513], [92.8638173, 26.7111193], [92.8660198, 26.7088011], [92.8677175, 26.7068491], [92.8703892, 26.7045503], [92.8726298, 26.7025854], [92.8747053, 26.7013866], [92.8775652, 26.7002045], [92.8785039, 26.6996673], [92.8807993, 26.6985586], [92.8813792, 26.6982101], [92.8817266, 26.6983499], [92.8827767, 26.6990108], [92.8829961, 26.7004195], [92.8831949, 26.701626], [92.8836246, 26.7021342], [92.8848232, 26.701288], [92.8861511, 26.7002276], [92.8885145, 26.6989458], [92.890851, 26.6981417], [92.8937253, 26.6966819], [92.8949445, 26.6960378], [92.8964083, 26.6948302], [92.8971712, 26.6939059], [92.8974421, 26.6935778], [92.8974421, 26.6935777], [92.900018, 26.6896522], [92.9012044, 26.68821], [92.9012817, 26.688116], [92.9022365, 26.6869554], [92.9038828, 26.6845775], [92.9046091, 26.6820716], [92.9063087, 26.678738], [92.9073071, 26.6759379], [92.9079522, 26.6741181], [92.9085578, 26.6733887], [92.9097827, 26.6720646], [92.9117423, 26.6697965], [92.9131978, 26.667774], [92.9142649, 26.6656475], [92.9146768, 26.6644833], [92.9158404, 26.661194], [92.9159567, 26.6609784], [92.9160039, 26.660891], [92.9176824, 26.6577804], [92.9181835, 26.655293], [92.9183642, 26.6526282], [92.9183986, 26.652308], [92.918674, 26.6497489], [92.9202699, 26.6440211], [92.9209836, 26.6428749], [92.9223564, 26.6396401], [92.9224099, 26.6395141], [92.9226272, 26.6390021], [92.923116, 26.6379323], [92.9231708, 26.6378124], [92.9240469, 26.635895], [92.9251332, 26.6332232], [92.9264571, 26.6299203], [92.9272851, 26.6276775], [92.9280078, 26.6261321], [92.9280563, 26.6260285], [92.9287725, 26.6244968], [92.930671, 26.6202186], [92.9324511, 26.6169457], [92.93409, 26.6152473], [92.9342027, 26.61515], [92.9336976, 26.6146656], [92.9322864, 26.6137635], [92.9317189, 26.6133531], [92.9310659, 26.6126358], [92.9309434, 26.612453], [92.9304731, 26.6117514], [92.9302419, 26.6113093], [92.9301062, 26.6109528], [92.9299504, 26.6105873], [92.9295585, 26.6098745], [92.9289556, 26.6088458], [92.9282824, 26.6076231], [92.9276543, 26.6064453], [92.9265643, 26.6048888], [92.9263735, 26.6046], [92.9258911, 26.6037338], [92.9257103, 26.6034089], [92.9244898, 26.6020374], [92.923832, 26.6014194], [92.9225463, 26.5999711], [92.9220843, 26.5994208], [92.9216875, 26.5989424], [92.9210145, 26.5981123], [92.9205927, 26.5975529], [92.920437, 26.5972911], [92.9200001, 26.5968219], [92.9197088, 26.5965603], [92.9192067, 26.5961633], [92.9185088, 26.5956355], [92.918092, 26.595419], [92.9169474, 26.594959], [92.9153509, 26.5943998], [92.9150999, 26.5943412], [92.9148389, 26.5942826], [92.9141411, 26.5942647], [92.9137459, 26.5943246], [92.9131974, 26.5943868], [92.9128361, 26.5944185], [92.9113401, 26.594306], [92.9108984, 26.5942654], [92.910306, 26.5941889], [92.9101303, 26.5941483], [92.9093975, 26.5941123], [92.90748, 26.5942527], [92.9072089, 26.5942753], [92.9069178, 26.594334], [92.9053165, 26.5947856], [92.9032084, 26.5950793], [92.9024503, 26.5951652], [92.9019358, 26.5951989], [92.9018982, 26.5952013], [92.9012858, 26.595224], [92.9010348, 26.5952376], [92.9003572, 26.5953325], [92.8999656, 26.5954814], [92.8995496, 26.5956199], [92.8994637, 26.5956485], [92.899278, 26.5957026], [92.897245, 26.5957841], [92.8967129, 26.5958203], [92.8959097, 26.5958565], [92.8950463, 26.5958746], [92.8938716, 26.5958793], [92.8928276, 26.595726], [92.8915023, 26.5952703], [92.8907944, 26.5949138], [92.8901117, 26.5945664], [92.8886359, 26.5937317], [92.888154, 26.5934428], [92.8867484, 26.5923598], [92.8857946, 26.5915566], [92.8852675, 26.5910963], [92.8847153, 26.5906135], [92.8840878, 26.5900945], [92.8822557, 26.5887317], [92.8791838, 26.5862542], [92.8787621, 26.5859563], [92.8781397, 26.5855186], [92.8777833, 26.5852929], [92.877151, 26.5849139], [92.8745259, 26.5835148], [92.8742398, 26.5833749], [92.8724831, 26.5827205], [92.8712886, 26.5822917], [92.8696072, 26.5817907], [92.8691755, 26.5816868], [92.8682118, 26.5815965], [92.8674288, 26.581628], [92.8660084, 26.5817768], [92.8655165, 26.5818625], [92.8634235, 26.5822956], [92.8627408, 26.5824714], [92.8620934, 26.5826564], [92.8616366, 26.582873], [92.8611546, 26.5831391], [92.8606879, 26.5834866], [92.8595584, 26.5840505], [92.8592772, 26.5841904], [92.858947, 26.5843282], [92.8587151, 26.584425], [92.8584541, 26.5845242], [92.8578517, 26.5847092], [92.8573196, 26.5848354], [92.8567474, 26.584903], [92.8554273, 26.5850518], [92.8544234, 26.5851193], [92.8541373, 26.5851012], [92.8537203, 26.5850665], [92.8532339, 26.5850333], [92.8522451, 26.5850286], [92.8509651, 26.5850486], [92.8500315, 26.5851004], [92.8488218, 26.5851678], [92.8486763, 26.5851859], [92.8472709, 26.585163], [92.8452632, 26.5849008], [92.8436722, 26.5846928], [92.8424124, 26.5845209], [92.8420309, 26.5844216], [92.8409519, 26.5841009], [92.8404901, 26.5839519], [92.8400234, 26.5837893], [92.8397575, 26.5836583], [92.8383593, 26.5830491], [92.837469, 26.5827325], [92.8359384, 26.5820461], [92.8348545, 26.5815494], [92.8345182, 26.5813913], [92.8340215, 26.5811474], [92.8322551, 26.5802308], [92.8306995, 26.5793909], [92.8287476, 26.5781807], [92.8280702, 26.5777156], [92.8276538, 26.5774222], [92.8261286, 26.5761264], [92.8251505, 26.575043], [92.824836, 26.574763], [92.8247118, 26.5746525], [92.8246889, 26.5746321], [92.8243176, 26.5743703], [92.8239413, 26.574158], [92.8234897, 26.5739096], [92.8230883, 26.5736974], [92.8227522, 26.5735167], [92.8222856, 26.5732323], [92.8220135, 26.5730649], [92.8218891, 26.5729883], [92.8198875, 26.5714352], [92.8189945, 26.5707533], [92.8184728, 26.5703154], [92.8178808, 26.5697825], [92.8174746, 26.5693808], [92.8167823, 26.5688119], [92.8149262, 26.5673804], [92.8134865, 26.5663238], [92.812438, 26.565687], [92.8123377, 26.5656373], [92.8117857, 26.5653753], [92.8106519, 26.5648287], [92.8090415, 26.5639615], [92.8079279, 26.5632659], [92.8072406, 26.5628549], [92.80706, 26.5627645], [92.8041402, 26.5614227], [92.8023592, 26.5606591], [92.8000968, 26.5595477], [92.7988276, 26.5589062], [92.79805, 26.5585312], [92.7974933, 26.5582736], [92.7969247, 26.55804], [92.7946639, 26.5570625], [92.7945686, 26.5570264], [92.7939063, 26.5568905], [92.7927763, 26.5566785], [92.7912973, 26.5563474], [92.7904193, 26.5561257], [92.7895412, 26.5559582], [92.7883119, 26.5557814], [92.7881113, 26.5557587], [92.7854795, 26.5554845], [92.783791, 26.555431], [92.7816633, 26.555434], [92.7811314, 26.5555059], [92.780775, 26.5555327], [92.7804288, 26.555555], [92.7796309, 26.5555997], [92.7794, 26.5556085], [92.7776587, 26.5556434], [92.7733923, 26.5557637], [92.7715767, 26.5558239], [92.7707246, 26.554844], [92.7702185, 26.5541862], [92.7700229, 26.5539319], [92.7697674, 26.553521], [92.7694769, 26.5529025], [92.7694142, 26.5527623], [92.7692065, 26.5522976], [92.7690014, 26.5516927], [92.7688263, 26.5511735], [92.7686911, 26.5508485], [92.7684107, 26.5501804], [92.7680852, 26.5496251], [92.7675344, 26.5483836], [92.7669187, 26.5468487], [92.7665138, 26.5452644], [92.7663043, 26.5440864], [92.7662798, 26.5433959], [92.7659844, 26.5421784], [92.7654802, 26.5401641], [92.7649697, 26.5388369], [92.7646694, 26.5381507], [92.7645945, 26.5378167], [92.7645745, 26.5376723], [92.764641, 26.5364268], [92.7648218, 26.5347952], [92.7648789, 26.5343556], [92.7648696, 26.5335883], [92.7647996, 26.5332454], [92.7645694, 26.5327352], [92.7645043, 26.5326178], [92.7640333, 26.5320353], [92.7636374, 26.5315927], [92.7634118, 26.5313759], [92.7627, 26.5307887], [92.7614118, 26.5296954], [92.7608855, 26.5292257], [92.7606449, 26.5289863], [92.760254, 26.5285844], [92.7594921, 26.5279429], [92.7588504, 26.5275226], [92.7584794, 26.5272922], [92.7579029, 26.5268584], [92.7574768, 26.5265241], [92.7571662, 26.5261177], [92.7568808, 26.5257022], [92.7566202, 26.5252914], [92.7564, 26.524894], [92.7561652, 26.5239461], [92.7561005, 26.5234813], [92.7560759, 26.5230029], [92.7561922, 26.5222043], [92.7565042, 26.5212749], [92.7568563, 26.5203635], [92.7572084, 26.5194387], [92.757299, 26.5191725], [92.7574754, 26.518392], [92.757607, 26.5173135], [92.7576174, 26.5168803], [92.7575976, 26.5166727], [92.7574379, 26.5159414], [92.7570577, 26.5149257], [92.7563418, 26.5136163], [92.7557855, 26.5131375], [92.7549883, 26.5127712], [92.7541259, 26.5124095], [92.7530479, 26.5119934], [92.7515837, 26.5115543], [92.7508565, 26.5114047], [92.7500003, 26.511274], [92.7483333, 26.5109434], [92.7479521, 26.5108889], [92.7472957, 26.5108239], [92.7467565, 26.5109165], [92.7449446, 26.5116917], [92.7446157, 26.5118755], [92.7430889, 26.5130706], [92.7421998, 26.5140314], [92.7416419, 26.5143581], [92.7413663, 26.5144064], [92.7411813, 26.5144389], [92.7379303, 26.5150096], [92.7368241, 26.5152349], [92.7353354, 26.5155466], [92.7346856, 26.5154926], [92.7342674, 26.5151961], [92.7342315, 26.5151007], [92.7342028, 26.5150245], [92.7341324, 26.5148372], [92.7340986, 26.5147472], [92.7327731, 26.5150608], [92.7304069, 26.5160799], [92.7297603, 26.516518], [92.7289021, 26.5172771], [92.7274709, 26.5187151], [92.7256218, 26.5210923], [92.7248266, 26.5221613], [92.7246782, 26.5230435], [92.7245609, 26.5247357], [92.7246158, 26.5254441], [92.7250212, 26.5263934], [92.7256643, 26.527404], [92.7258885, 26.5279712], [92.7259315, 26.5289501], [92.7257413, 26.5321844], [92.7255591, 26.5326326], [92.7253086, 26.5331929], [92.7248656, 26.5337528], [92.7244388, 26.5342454], [92.7237576, 26.5349781], [92.7231677, 26.5354052], [92.7224648, 26.5357199], [92.7219548, 26.5358922], [92.7214791, 26.5359015], [92.7208109, 26.5359104], [92.7198376, 26.5356536], [92.7188489, 26.535305], [92.7178304, 26.5350379], [92.7164269, 26.5347197], [92.7143334, 26.5340936], [92.7130604, 26.5336078], [92.711884, 26.5329698], [92.7099727, 26.5319974], [92.7090567, 26.5314959], [92.7073754, 26.5304904], [92.7064038, 26.5295908], [92.7056809, 26.5288654], [92.7049582, 26.5280588], [92.7043404, 26.5271447], [92.7036073, 26.5259809], [92.7026835, 26.5246989], [92.7020286, 26.5240043], [92.7015546, 26.5233712], [92.7010143, 26.522497], [92.7005522, 26.5216498], [92.7003382, 26.521211], [92.6996523, 26.5201539], [92.6990541, 26.519388], [92.6983305, 26.5189886], [92.6982084, 26.5189311], [92.6977424, 26.5187119], [92.6968292, 26.518266], [92.6963769, 26.5180306], [92.6960379, 26.5177758], [92.6955413, 26.5171638], [92.6948875, 26.5160715], [92.6936844, 26.514178], [92.6930986, 26.5130757], [92.6925233, 26.5122486], [92.6918148, 26.5114576], [92.6910352, 26.5108442], [92.6902328, 26.5103225], [92.6887285, 26.5097279], [92.6871598, 26.5092994], [92.6860619, 26.5091844], [92.6844656, 26.5091301], [92.6834083, 26.5091791], [92.6823097, 26.5093397], [92.681256, 26.5095923], [92.6794546, 26.5100267], [92.678208, 26.5104521], [92.6771474, 26.5108947], [92.6763197, 26.511321], [92.6753778, 26.5120935], [92.6739255, 26.5131713], [92.6723851, 26.5143962], [92.6723038, 26.514458], [92.6707397, 26.5156465], [92.6694823, 26.5166175], [92.6692608, 26.5168172], [92.6677909, 26.5181429], [92.6659325, 26.5197849], [92.6651604, 26.5205072], [92.6645159, 26.5212155], [92.6636082, 26.5218353], [92.6632795, 26.5219462], [92.6629399, 26.521915], [92.6626118, 26.5218429], [92.6620913, 26.5217093], [92.6607115, 26.5211555], [92.6583589, 26.5200543], [92.6568494, 26.5191099], [92.6560792, 26.5186419], [92.6550451, 26.5184464], [92.6538235, 26.5180258], [92.6519236, 26.517226], [92.6515053, 26.5170312], [92.6494493, 26.5171499], [92.6488962, 26.517254], [92.6481125, 26.5174014], [92.6468816, 26.5175761], [92.646647, 26.5175907], [92.646561, 26.517596], [92.6441388, 26.5177459], [92.6399761, 26.5177745], [92.6391269, 26.5176388], [92.6389785, 26.5176151], [92.6382, 26.5174907], [92.6359749, 26.5175366], [92.6357891, 26.5175497], [92.6349944, 26.5176057], [92.6349482, 26.5176089], [92.6341793, 26.5176631], [92.633624, 26.5177022], [92.6326226, 26.5177727], [92.6318458, 26.5177359], [92.6314996, 26.5177195], [92.6314792, 26.5177186], [92.6308499, 26.5176762], [92.6306038, 26.5175923], [92.6303814, 26.5175166], [92.6299451, 26.5173679], [92.6296239, 26.5172523], [92.628939, 26.5170057], [92.6286332, 26.5168955], [92.6255947, 26.5159009], [92.6235133, 26.5152837], [92.6219903, 26.5148432], [92.6218678, 26.5148194], [92.6218515, 26.5148162], [92.6215681, 26.5147613], [92.6215138, 26.5147507], [92.6195397, 26.5143676], [92.6184409, 26.5139933], [92.6176746, 26.5137322], [92.6162405, 26.513224], [92.6157981, 26.5130672], [92.6141121, 26.512767], [92.6131367, 26.5126735], [92.6129579, 26.5126563], [92.6124709, 26.5126096], [92.6122992, 26.5125918], [92.6122339, 26.512585], [92.6120395, 26.5125648], [92.6117733, 26.5125371], [92.6114001, 26.5124138], [92.6112566, 26.5123456], [92.6103953, 26.5119363], [92.6102877, 26.5118852], [92.6102131, 26.5118498], [92.6091884, 26.511289], [92.6075621, 26.510399], [92.6071642, 26.5101813], [92.6057026, 26.5094807], [92.6038221, 26.5088592], [92.6015081, 26.5082717], [92.6001447, 26.5080032], [92.5986558, 26.5077911], [92.5958671, 26.5074561], [92.5958293, 26.5074516], [92.593745, 26.5071828], [92.5928089, 26.5069533], [92.5924182, 26.5068575], [92.5919585, 26.5067447], [92.5909556, 26.506448], [92.5900859, 26.5062103], [92.5888009, 26.5059699], [92.5882055, 26.5055886], [92.5880176, 26.5053062], [92.5880177, 26.5049956], [92.5881118, 26.5047839], [92.588488, 26.504431], [92.5895654, 26.5038605], [92.5901767, 26.50355], [92.590381, 26.5033432], [92.590553, 26.503169], [92.5907181, 26.5028123], [92.5907882, 26.5026608], [92.5908511, 26.5020961], [92.5908055, 26.501342], [92.5906802, 26.5012573], [92.5902884, 26.5012431], [92.5886273, 26.5013799], [92.5885802, 26.5013838], [92.5860256, 26.501623], [92.5852187, 26.5018063], [92.584388, 26.5020319], [92.5835262, 26.5019187], [92.5823823, 26.5015654], [92.581073, 26.5012309], [92.5797254, 26.5009057], [92.5786129, 26.5003971], [92.5772897, 26.5000469], [92.5756297, 26.4996568], [92.5749048, 26.4995605], [92.5748071, 26.4995475], [92.5739845, 26.4995908], [92.5732826, 26.4997213], [92.5713704, 26.5006584], [92.5700064, 26.5016884], [92.5687208, 26.5027326], [92.567342, 26.5037837], [92.5657585, 26.5049689], [92.564821, 26.5055117], [92.5635982, 26.5062029], [92.562287, 26.5066538], [92.5620644, 26.5066812], [92.5610331, 26.5068085], [92.5598107, 26.5068502], [92.5587608, 26.5066238], [92.5577578, 26.506468], [92.5553348, 26.5061153], [92.5540968, 26.5059734], [92.5517931, 26.5059016], [92.5502729, 26.5057287], [92.5500416, 26.5057024], [92.5497029, 26.5056638], [92.5491388, 26.5055788], [92.5485433, 26.5055361], [92.5460356, 26.5058029], [92.544712, 26.5059852], [92.54269, 26.5063228], [92.5411385, 26.5063501], [92.5392493, 26.5063604], [92.5371806, 26.5063308], [92.5359739, 26.5063159], [92.5353702, 26.506418], [92.5305343, 26.5070555], [92.5271081, 26.5074502], [92.5241934, 26.5078407], [92.5225881, 26.5081012], [92.5199651, 26.5077067], [92.5164367, 26.5071207], [92.5161055, 26.5070657], [92.5155969, 26.5069812], [92.5123168, 26.5067168], [92.5091826, 26.5059245], [92.5091724, 26.5059221], [92.5057576, 26.5051362], [92.502366, 26.5043669], [92.5000003, 26.503521], [92.4977916, 26.502719], [92.4968285, 26.5024077], [92.4957038, 26.5023858], [92.4952119, 26.502353], [92.4946983, 26.5023187], [92.4938183, 26.5022063], [92.4928378, 26.5020259], [92.4918319, 26.5016419], [92.4909875, 26.5010488], [92.4907298, 26.5008677], [92.4895024, 26.5000089], [92.4894915, 26.5000013], [92.4890818, 26.4998598], [92.4877576, 26.4995375], [92.4857047, 26.4983499], [92.4843595, 26.4972891], [92.4826751, 26.4969297], [92.480856, 26.4965416], [92.4779837, 26.4957963], [92.4779791, 26.4957951], [92.4779089, 26.4957769], [92.4744386, 26.4957203], [92.4726206, 26.4958662], [92.4718397, 26.4959617], [92.4714094, 26.4960144], [92.469347, 26.4961337], [92.4674482, 26.4962823], [92.4652223, 26.496667], [92.4643058, 26.4968445], [92.462931, 26.4971107], [92.4622762, 26.4971406], [92.4601661, 26.4979906], [92.4580614, 26.499528], [92.4575682, 26.5000002], [92.4575611, 26.5000311], [92.4574679, 26.5004272], [92.4572608, 26.5013069], [92.4564966, 26.5024033], [92.4562256, 26.5027921], [92.4560669, 26.5030197], [92.4550088, 26.5047812], [92.4547792, 26.5052241], [92.4540322, 26.506665], [92.453742, 26.5076049], [92.453634, 26.5086811], [92.4534922, 26.5105689], [92.4531209, 26.513304], [92.4529815, 26.5136814], [92.4528506, 26.5140357], [92.4528497, 26.514038], [92.4520014, 26.5150807], [92.451954, 26.515139], [92.4497994, 26.5163502], [92.4487341, 26.5169881], [92.4474307, 26.517698], [92.4442261, 26.5189469], [92.4420533, 26.519755], [92.4405867, 26.5200492], [92.4365393, 26.5202955], [92.4340945, 26.520223], [92.4324916, 26.5197099], [92.4310247, 26.5195393], [92.4308919, 26.5195436], [92.4294427, 26.5195904], [92.4277584, 26.5194932], [92.4259653, 26.5189068], [92.4236562, 26.5183694], [92.4216587, 26.5177849], [92.4213785, 26.5177029], [92.4189856, 26.5170792], [92.4190148, 26.5169149], [92.417498, 26.5165643], [92.4152432, 26.5159779], [92.4130429, 26.515685], [92.4100495, 26.5153463], [92.4052958, 26.5147604], [92.4023078, 26.514174], [92.4010854, 26.5140519], [92.3993199, 26.5141501], [92.3971468, 26.5140526], [92.3962231, 26.513637], [92.3945663, 26.5136617], [92.3940229, 26.5135884], [92.3931265, 26.5130015], [92.3928005, 26.5127814], [92.391551, 26.5127082], [92.3901596, 26.5128316], [92.3884484, 26.5131497], [92.3873347, 26.5135656], [92.3859224, 26.5148376], [92.3846187, 26.5160361], [92.3837495, 26.5164275], [92.3829889, 26.5163542], [92.3775833, 26.5140554], [92.3752745, 26.5128813], [92.3734817, 26.5117807], [92.3721121, 26.5108134], [92.3693687, 26.5095171], [92.3665711, 26.5079516], [92.3647786, 26.5068509], [92.3624429, 26.5058723], [92.3608676, 26.5053341], [92.3595639, 26.5052361], [92.357554, 26.5052114], [92.3555365, 26.5052669], [92.3540154, 26.5055846], [92.3532549, 26.5055845], [92.3526574, 26.5053887], [92.35225, 26.5053398], [92.3518426, 26.5055353], [92.3513122, 26.5059445], [92.3505115, 26.5065624], [92.3491804, 26.5073448], [92.3480396, 26.5076627], [92.3473334, 26.5076135], [92.34603, 26.5064637], [92.344258, 26.5045718], [92.3438305, 26.5041153], [92.3440543, 26.5045496], [92.344135, 26.5047064], [92.3440459, 26.5049284], [92.343788, 26.5055707], [92.3436562, 26.5058988], [92.3432243, 26.5069744], [92.3424939, 26.5087935], [92.3421724, 26.5095942], [92.3410131, 26.5124811], [92.3457326, 26.5195976], [92.3465466, 26.5208249], [92.3570758, 26.5230909], [92.3731989, 26.5231627], [92.3818449, 26.5298551], [92.3817973, 26.5387279], [92.3784576, 26.5457253], [92.3767788, 26.5492425], [92.3755613, 26.5504999], [92.3713435, 26.5548561], [92.3692932, 26.5569734], [92.3680783, 26.5575098], [92.3677155, 26.5576699], [92.3642938, 26.5591804], [92.3640685, 26.5592798], [92.3617878, 26.5602866], [92.3616407, 26.5603515], [92.3607658, 26.5607377], [92.3581, 26.5619143], [92.3587733, 26.5668524], [92.3589872, 26.5684207], [92.3598557, 26.5747896], [92.3673864, 26.5748232], [92.3718078, 26.582873], [92.3723577, 26.583874], [92.3711392, 26.5860384], [92.3672871, 26.5928803], [92.3672623, 26.5973946], [92.3643278, 26.6000066], [92.3622158, 26.6018865], [92.3672126, 26.6064232], [92.3722099, 26.6109597], [92.382254, 26.6110037], [92.3872761, 26.6110254], [92.3892735, 26.6146594], [92.3922505, 26.6200755], [92.3922266, 26.6245898], [92.3922125, 26.6272636], [92.3922097, 26.6277939], [92.3922028, 26.629104], [92.3957374, 26.6275344], [92.39585, 26.6274844], [92.3963048, 26.6272824], [92.3984499, 26.6263298], [92.402272, 26.6246323], [92.404115, 26.6266157], [92.4065727, 26.6292607], [92.4074021, 26.6338685], [92.4072249, 26.6381962], [92.4021781, 26.6426895], [92.4004374, 26.6426821], [92.3971546, 26.6426683], [92.3921311, 26.6426469], [92.3895137, 26.6426357], [92.3892485, 26.6426345], [92.3875746, 26.6426273], [92.3871076, 26.6426253], [92.3839805, 26.6454085], [92.3837407, 26.6456219], [92.3820598, 26.6471178], [92.382076, 26.6441199], [92.3820776, 26.6438171], [92.3820841, 26.6426036], [92.3798265, 26.6425937], [92.3770607, 26.6425816], [92.3770362, 26.6470959], [92.3766442, 26.6477917], [92.3764424, 26.64815], [92.3751283, 26.6504831], [92.373543, 26.6532975], [92.3719631, 26.6561023], [92.3719364, 26.6609848], [92.3718889, 26.669645], [92.3718395, 26.6786735], [92.37179, 26.6877019], [92.3717652, 26.6922162], [92.3675406, 26.6921974], [92.3667396, 26.6921938], [92.3660881, 26.6930445], [92.3648267, 26.6946915], [92.3634413, 26.6935699], [92.361714, 26.6921713], [92.3566884, 26.6921486], [92.3567137, 26.6876344], [92.3573788, 26.6864544], [92.3617894, 26.6786287], [92.3567897, 26.6740918], [92.3567992, 26.6723978], [92.356815, 26.6695776], [92.3568657, 26.6605491], [92.3566188, 26.6604368], [92.3468429, 26.6559891], [92.341793, 26.6604801], [92.3369608, 26.6690519], [92.3367166, 26.6694852], [92.3369256, 26.6700585], [92.337091, 26.6705121], [92.3390797, 26.6759659], [92.3416634, 26.6830511], [92.3416449, 26.6862689], [92.3416115, 26.6920795], [92.3466114, 26.696617], [92.3465856, 26.7011311], [92.3452017, 26.7023615], [92.344628, 26.7028714], [92.3397595, 26.7071991], [92.3396212, 26.7073221], [92.3383805, 26.7084248], [92.3381003, 26.7086739], [92.3364813, 26.7101129], [92.3364552, 26.7146271], [92.3414558, 26.7191647], [92.3374477, 26.7227268], [92.3370508, 26.7230796], [92.3364028, 26.7236554], [92.3363869, 26.7263882], [92.3363851, 26.7267109], [92.3363766, 26.7281696], [92.3363558, 26.7317606], [92.3363504, 26.7326837], [92.331323, 26.7326601], [92.3312967, 26.7371743], [92.3312525, 26.7447289], [92.3312438, 26.7462026], [92.330668, 26.7468781], [92.3304922, 26.7470844], [92.3279845, 26.7500262], [92.3279695, 26.7505226], [92.3281258, 26.7506582], [92.3287236, 26.7514255], [92.3290702, 26.7520258], [92.3292207, 26.7527479], [92.3292556, 26.7533527], [92.3289487, 26.7540295], [92.3283282, 26.7547584], [92.3280233, 26.7551167], [92.3276762, 26.7556671], [92.327646, 26.7557438], [92.3275603, 26.7562221], [92.327555, 26.7567998], [92.3275652, 26.756956], [92.32758, 26.7571834], [92.3277155, 26.757576], [92.3277858, 26.7577791], [92.3280358, 26.7581992], [92.3284188, 26.7585691], [92.3288812, 26.7589257], [92.3300221, 26.7593233], [92.3318064, 26.7600233], [92.332716, 26.7606013], [92.3334697, 26.7615356], [92.3346855, 26.7635487], [92.3356952, 26.7653676], [92.3358459, 26.7658009], [92.3358458, 26.7659047], [92.3357503, 26.7660807], [92.335529, 26.7662385], [92.3352072, 26.7662791], [92.3348654, 26.7662203], [92.3344131, 26.7659765], [92.3333026, 26.7646178], [92.3329357, 26.7642702], [92.3324783, 26.7641933], [92.3322118, 26.7642158], [92.3315668, 26.76447], [92.3315481, 26.7644773], [92.3309597, 26.7650502], [92.3304969, 26.7657811], [92.3303206, 26.766652], [92.3301393, 26.7672928], [92.3297721, 26.7679154], [92.3291886, 26.7686462], [92.3282027, 26.7698282], [92.3280906, 26.7701393], [92.3279459, 26.7705411], [92.3278954, 26.771051], [92.3281113, 26.7717145], [92.3285937, 26.7724051], [92.3294431, 26.7728206], [92.330152, 26.772884], [92.3313234, 26.7728077], [92.3321832, 26.7726455], [92.3329475, 26.7723209], [92.3336314, 26.7719556], [92.3344812, 26.7715452], [92.3359947, 26.7710763], [92.337141, 26.7709503], [92.3387046, 26.7708154], [92.3391973, 26.7708968], [92.3394737, 26.7711134], [92.3396596, 26.7713211], [92.3396496, 26.7713572], [92.3394182, 26.7717813], [92.3391315, 26.7721558], [92.3386336, 26.772476], [92.3377688, 26.7728458], [92.3358983, 26.7735041], [92.3349881, 26.7739822], [92.3345707, 26.7742889], [92.3343443, 26.774695], [92.3342637, 26.7749161], [92.3342636, 26.7753313], [92.3343287, 26.7759134], [92.3346402, 26.7765273], [92.3351477, 26.7771321], [92.335419, 26.777764], [92.3354317, 26.7779782], [92.3352629, 26.7784363], [92.3350415, 26.7788379], [92.3343774, 26.7797763], [92.3337988, 26.7808141], [92.3336477, 26.7815406], [92.3335771, 26.7819737], [92.3335769, 26.7825604], [92.3336823, 26.7829079], [92.3340039, 26.7833864], [92.3352453, 26.7848037], [92.3359893, 26.7852959], [92.3368185, 26.7864062], [92.3369088, 26.7868936], [92.3369087, 26.7871509], [92.3368232, 26.7874216], [92.3367376, 26.787557], [92.3367175, 26.787566], [92.3363505, 26.7875523], [92.3355811, 26.7875882], [92.3346609, 26.787809], [92.3337054, 26.7880434], [92.3328857, 26.7883409], [92.3323425, 26.7886206], [92.3320357, 26.7888371], [92.3315629, 26.7892837], [92.3312157, 26.7897664], [92.3308635, 26.7904161], [92.3308431, 26.7909306], [92.331024, 26.7913683], [92.3313959, 26.7917701], [92.3319288, 26.7921042], [92.3325974, 26.7923978], [92.3334219, 26.7928313], [92.3335677, 26.7929983], [92.3335978, 26.7931743], [92.3335977, 26.7933909], [92.3334517, 26.793806], [92.3331498, 26.7942121], [92.3322847, 26.7948165], [92.3315552, 26.7955744], [92.3310822, 26.7962646], [92.3307701, 26.7970362], [92.3305081, 26.7982275], [92.3303568, 26.7993285], [92.3302511, 26.7995992], [92.3297379, 26.8002669], [92.3291845, 26.8006954], [92.3277709, 26.8018412], [92.3271721, 26.8026713], [92.3270059, 26.8032308], [92.3270056, 26.8037859], [92.3271612, 26.8044041], [92.3275381, 26.805185], [92.3278245, 26.8056273], [92.3285332, 26.8065978], [92.3292822, 26.8072118], [92.329461, 26.8072938], [92.3302476, 26.8076544], [92.33156, 26.8080474], [92.3323042, 26.8083139], [92.3329277, 26.8088241], [92.3332543, 26.809307], [92.3333799, 26.8096907], [92.3334049, 26.8101465], [92.3333193, 26.8104082], [92.3331633, 26.8106157], [92.3328765, 26.8108367], [92.3322881, 26.8108636], [92.3311316, 26.8104165], [92.3303622, 26.8102537], [92.3299045, 26.8102807], [92.329482, 26.8104926], [92.3291398, 26.8108264], [92.3289033, 26.8111738], [92.3286014, 26.8114625], [92.3283046, 26.8116294], [92.3278921, 26.8117917], [92.3275299, 26.8121165], [92.3272732, 26.8125631], [92.326961, 26.8133798], [92.3265028, 26.8144221], [92.3263669, 26.8148146], [92.3264369, 26.8157217], [92.3265069, 26.8164528], [92.3266677, 26.8167642], [92.3270448, 26.817157], [92.3274219, 26.8173196], [92.3277387, 26.8173738], [92.3280808, 26.8172972], [92.3284078, 26.8171484], [92.3288756, 26.816923], [92.329258, 26.8165485], [92.3293638, 26.8162598], [92.3295401, 26.8154611], [92.3296611, 26.8149557], [92.3298422, 26.8147347], [92.3299277, 26.814676], [92.3304248, 26.8145116], [92.3304896, 26.8145723], [92.330685, 26.8148456], [92.3310205, 26.8151241], [92.3315456, 26.815304], [92.331858, 26.8153275], [92.3320917, 26.8153085], [92.3323571, 26.8153289], [92.3326341, 26.8155135], [92.3327266, 26.8157436], [92.3327425, 26.8159594], [92.3326832, 26.8163394], [92.3325484, 26.8167474], [92.332263, 26.8172719], [92.3318752, 26.8177933], [92.3310606, 26.818315], [92.3306554, 26.8189153], [92.3305039, 26.8193544], [92.3296485, 26.8206579], [92.3294813, 26.8211371], [92.3294493, 26.821406], [92.329528, 26.821754], [92.3299419, 26.8225747], [92.3304476, 26.8230951], [92.3310788, 26.8233678], [92.3315236, 26.823368], [92.3319095, 26.8232978], [92.3324799, 26.8230079], [92.3326879, 26.8227502], [92.3329172, 26.8224236], [92.3331142, 26.8223164], [92.3334092, 26.822254], [92.333723, 26.8222541], [92.3339796, 26.8222893], [92.3340869, 26.8223214], [92.3344896, 26.8230489], [92.3344962, 26.8230654], [92.3344961, 26.8231825], [92.3344668, 26.8232593], [92.3342768, 26.8234029], [92.3339205, 26.8236041], [92.3334315, 26.8237036], [92.3323261, 26.8237436], [92.3319439, 26.823804], [92.3315467, 26.8239396], [92.3311749, 26.8243174], [92.3309755, 26.8247641], [92.3309269, 26.8251123], [92.3309949, 26.8255254], [92.3310965, 26.8258206], [92.3317138, 26.8266654], [92.3318275, 26.826821], [92.331869, 26.82693], [92.331869, 26.8270763], [92.331847, 26.8272916], [92.3315122, 26.8284454], [92.3313891, 26.8288991], [92.3311447, 26.8298578], [92.3309921, 26.8300662], [92.3302142, 26.8305948], [92.3293898, 26.8314751], [92.3289997, 26.832116], [92.3288647, 26.8326052], [92.3289799, 26.8329559], [92.3291634, 26.833305], [92.3294881, 26.8340553], [92.3295369, 26.834242], [92.3295369, 26.834347], [92.3293854, 26.8345722], [92.3290522, 26.8350108], [92.3288455, 26.8354641], [92.328753, 26.8357565], [92.3286958, 26.8360253], [92.3288605, 26.8363566], [92.3291199, 26.8367332], [92.3297288, 26.8372985], [92.3305146, 26.8379996], [92.3314244, 26.8390271], [92.3316433, 26.8394203], [92.332396, 26.8406646], [92.3324999, 26.8409821], [92.3325433, 26.8414595], [92.3326067, 26.8419443], [92.3327027, 26.8422233], [92.3334671, 26.84407], [92.3336358, 26.8445428], [92.3339668, 26.8453637], [92.3342459, 26.8456978], [92.334851, 26.846419], [92.3357987, 26.8473652], [92.335829, 26.8473908], [92.3361889, 26.8476482], [92.3369509, 26.8478535], [92.3379354, 26.8480304], [92.3389979, 26.8482874], [92.3388983, 26.8492417], [92.3388526, 26.8509048], [92.3387946, 26.851244], [92.3387202, 26.8513932], [92.338381, 26.8517152], [92.3382329, 26.8519869], [92.3382328, 26.8522014], [92.3382506, 26.8524052], [92.3382577, 26.8524877], [92.3385177, 26.8529217], [92.3401576, 26.8543396], [92.3401624, 26.8543438], [92.3405054, 26.8549149], [92.3406009, 26.8554708], [92.34056, 26.8571999], [92.3409291, 26.8588441], [92.3412575, 26.8598784], [92.3415787, 26.8603621], [92.3422029, 26.8614661], [92.3424758, 26.8619298], [92.3430854, 26.8626148], [92.3432052, 26.8627634], [92.3432051, 26.8628657], [92.3428156, 26.8639084], [92.342735, 26.8640551], [92.3420003, 26.8653924], [92.3419716, 26.8654985], [92.3418107, 26.8660917], [92.3418794, 26.8664928], [92.3420778, 26.8673839], [92.3422462, 26.8679707], [92.3423867, 26.8690474], [92.3423042, 26.8699], [92.342243, 26.8705319], [92.3422082, 26.8707807], [92.3421625, 26.8711075], [92.3417882, 26.8723265], [92.3417047, 26.8735682], [92.3413277, 26.8744829], [92.3412947, 26.874892], [92.3412836, 26.8750301], [92.3413055, 26.8753856], [92.3415225, 26.8763511], [92.3417384, 26.876982], [92.3420931, 26.8785844], [92.3420929, 26.8790565], [92.3419952, 26.879573], [92.3415441, 26.8812957], [92.3413576, 26.8818569], [92.3409882, 26.8825831], [92.3409128, 26.8829989], [92.3409394, 26.8833878], [92.3409788, 26.8841615], [92.3409598, 26.8845752], [92.3408849, 26.8848951], [92.340543, 26.8855257], [92.3405203, 26.8856178], [92.340445, 26.8859232], [92.3404447, 26.8867587], [92.3403651, 26.8872949], [92.339963, 26.8884554], [92.3394403, 26.8894317], [92.3392055, 26.8900529], [92.3392054, 26.8903561], [92.3393945, 26.8910577], [92.3393574, 26.8915882], [92.3392984, 26.8918803], [92.3390118, 26.8925694], [92.3385224, 26.8939599], [92.3374113, 26.8961018], [92.3365446, 26.8965976], [92.3359152, 26.8967448], [92.3354384, 26.8971561], [92.3351379, 26.8976357], [92.3346185, 26.8986619], [92.3338738, 26.9002199], [92.332893, 26.9016753], [92.3322758, 26.9029022], [92.3318715, 26.9034433], [92.3314638, 26.9038258], [92.3305965, 26.9045479], [92.3301792, 26.9050496], [92.3300358, 26.9053856], [92.3300195, 26.9054781], [92.3300641, 26.9062393], [92.330064, 26.9065231], [92.3300292, 26.9067269], [92.3299136, 26.9068944], [92.3296122, 26.9070756], [92.3282594, 26.9077502], [92.3271176, 26.9083306], [92.3266138, 26.9084826], [92.3262078, 26.9086645], [92.3257985, 26.9091121], [92.3250646, 26.9096982], [92.3246849, 26.9097981], [92.3235987, 26.9101394], [92.3229656, 26.9105383], [92.3224513, 26.9109378], [92.3207358, 26.9125725], [92.3205475, 26.912904], [92.3199272, 26.914423], [92.3197892, 26.915114], [92.3199352, 26.9165612], [92.3198336, 26.9173859], [92.319612, 26.9181961], [92.3191139, 26.9191055], [92.3181497, 26.9205932], [92.3168534, 26.9220017], [92.3158565, 26.9230061], [92.3153573, 26.9234744], [92.314757, 26.9237715], [92.3142988, 26.9240756], [92.3135237, 26.9247931], [92.3131456, 26.9251456], [92.3169012, 26.9260758], [92.3230989, 26.9275337], [92.3279658, 26.9283564], [92.3372217, 26.929959], [92.3456663, 26.9314165], [92.3588212, 26.9337218], [92.3631894, 26.9345433], [92.3649103, 26.9319653], [92.3671003, 26.9286844], [92.3706781, 26.9281994], [92.3823362, 26.9266691], [92.3917792, 26.9255113], [92.3983296, 26.9246907], [92.4028238, 26.9305117], [92.4074017, 26.9365937], [92.412014, 26.9427609], [92.4165904, 26.9421625], [92.4258066, 26.9410398], [92.4332155, 26.94712], [92.444096, 26.9560892], [92.4474682, 26.9588118], [92.4499563, 26.9590628], [92.457655, 26.9598048], [92.4646677, 26.9604304], [92.472991, 26.9612831], [92.4874461, 26.9627239], [92.4932308, 26.9632416], [92.4968643, 26.9633736], [92.5026393, 26.9633067], [92.5060886, 26.9629499], [92.5168674, 26.9613764], [92.5199959, 26.9608752], [92.5332308, 26.9595894], [92.5541903, 26.95744], [92.5629322, 26.9578038], [92.5793324, 26.9588919], [92.5833424, 26.9595406], [92.5891165, 26.9615567], [92.6007988, 26.9667011], [92.6052902, 26.9687881], [92.6155323, 26.9736105], [92.6237184, 26.9768893], [92.6314997, 26.9804863], [92.6356532, 26.9824196], [92.6447991, 26.9866633], [92.6454165, 26.9878619], [92.6515931, 26.9998513], [92.6561099, 27.0069733], [92.6561256, 27.0069982], [92.6574224, 27.0090427], [92.6624356, 27.018083], [92.6674498, 27.0271232], [92.6724775, 27.0316491], [92.6775184, 27.0316605]]]}}, {"type": "Feature", "properties": {"district": "Nagaon", "dist_lgd": 297, "state": "ASSAM", "role": "neighbor_district"}, "geometry": {"type": "Polygon", "coordinates": [[[93.3085832, 26.6921919], [93.3129329, 26.6885609], [93.3133432, 26.6882184], [93.3139195, 26.6876815], [93.3150047, 26.6866703], [93.3150472, 26.6866307], [93.3152488, 26.6854665], [93.3151255, 26.6847977], [93.3149783, 26.6839998], [93.3151146, 26.6828401], [93.3157318, 26.6818868], [93.3163414, 26.6809452], [93.3171563, 26.6788652], [93.3168203, 26.6779489], [93.3160718, 26.6778268], [93.3152532, 26.6777001], [93.3142547, 26.6782874], [93.3138963, 26.6784982], [93.3135927, 26.6783688], [93.3127413, 26.6780058], [93.3120233, 26.6774233], [93.3117521, 26.6767383], [93.3113462, 26.6757126], [93.310329, 26.6743183], [93.3097852, 26.6735729], [93.308732, 26.6724356], [93.3080835, 26.6717353], [93.307991, 26.6715341], [93.3077473, 26.671004], [93.3077276, 26.6707263], [93.3076777, 26.6700247], [93.3075424, 26.6693523], [93.3066589, 26.6685576], [93.3066594, 26.667637], [93.3071952, 26.6662535], [93.3072028, 26.6662338], [93.3084949, 26.6644608], [93.3111129, 26.6623501], [93.3135151, 26.6606006], [93.3150573, 26.6594774], [93.31557, 26.6589844], [93.3169619, 26.657646], [93.3170207, 26.6575294], [93.317875, 26.6558348], [93.3179172, 26.6557511], [93.3177827, 26.6536707], [93.3176759, 26.6524346], [93.3175132, 26.6505522], [93.316695, 26.6492758], [93.3164946, 26.6489632], [93.3150271, 26.6477427], [93.3147628, 26.6475229], [93.3142419, 26.6465248], [93.314221, 26.6464847], [93.312455, 26.6434242], [93.3108245, 26.6408556], [93.3093288, 26.6394514], [93.3083143, 26.6390132], [93.3082535, 26.6389869], [93.30593, 26.637983], [93.3056514, 26.63773], [93.3053879, 26.6374909], [93.304575, 26.636818], [93.3033498, 26.6365105], [93.3020593, 26.6366362], [93.301739, 26.63657], [93.3014467, 26.6365095], [93.3011283, 26.6362956], [93.3003576, 26.6357778], [93.2989317, 26.6354114], [93.2978038, 26.6351593], [93.2971634, 26.6355152], [93.2958797, 26.6362286], [93.2936199, 26.6368352], [93.2928436, 26.6370435], [93.2904626, 26.6374418], [93.2880083, 26.637709], [93.2871089, 26.637689], [93.2868406, 26.6372068], [93.2869109, 26.6370288], [93.2870447, 26.6366904], [93.2878705, 26.6353519], [93.2891465, 26.6331538], [93.2901168, 26.6315658], [93.2904482, 26.6309347], [93.2907706, 26.6303207], [93.291636, 26.6280874], [93.2918574, 26.6274602], [93.2918854, 26.6272374], [93.2919129, 26.627018], [93.2919293, 26.6265096], [93.2922316, 26.6252469], [93.2925775, 26.6246943], [93.2927339, 26.6243983], [93.2932613, 26.6233996], [93.2936637, 26.622416], [93.2940261, 26.6212474], [93.2944608, 26.6196744], [93.2950025, 26.6180529], [93.2952922, 26.6173578], [93.2954049, 26.6170874], [93.2957119, 26.6161174], [93.2960139, 26.6149487], [93.2964579, 26.6119435], [93.2964826, 26.6116848], [93.2965894, 26.6105671], [93.2967263, 26.6088885], [93.2967344, 26.6084689], [93.2967471, 26.6078235], [93.2968032, 26.6064606], [93.2968797, 26.604836], [93.2968603, 26.6038386], [93.2967654, 26.6031842], [93.2964751, 26.6020153], [93.2961699, 26.600562], [93.2959049, 26.599199], [93.2956916, 26.5984661], [93.2956077, 26.598178], [93.2955593, 26.5980118], [93.2951987, 26.5969873], [93.2944321, 26.5950103], [93.293956, 26.5941299], [93.2938719, 26.5940187], [93.2935195, 26.593552], [93.2928677, 26.5927258], [93.2921403, 26.5920393], [93.2919174, 26.591819], [93.2915284, 26.5914343], [93.291428, 26.591225], [93.2913379, 26.591037], [93.2913785, 26.590676], [93.291518, 26.5903887], [93.2915494, 26.5903241], [93.2920269, 26.5893587], [93.2924737, 26.5885124], [93.2925246, 26.5884158], [93.2932883, 26.5873468], [93.294037, 26.5863498], [93.2950668, 26.5852628], [93.295289, 26.5851067], [93.2958502, 26.5847127], [93.2969856, 26.5839743], [93.2970704, 26.5839192], [93.2981249, 26.5833331], [93.2989418, 26.5829101], [93.2990738, 26.5828418], [93.300856, 26.5823238], [93.3013425, 26.5822064], [93.3017144, 26.5821167], [93.302076, 26.5818416], [93.30211, 26.581776], [93.3022564, 26.5814932], [93.3023072, 26.581395], [93.3023762, 26.5811082], [93.3024028, 26.5809979], [93.3021573, 26.5804291], [93.3011847, 26.5788716], [93.3007283, 26.5782847], [93.3005022, 26.5780678], [93.3001164, 26.5776977], [93.2992736, 26.5772324], [93.2984507, 26.5768394], [93.2976477, 26.5766313], [93.2976475, 26.5770104], [93.2974365, 26.5774434], [93.2974364, 26.5774435], [93.2960604, 26.5785438], [93.2957706, 26.5786666], [93.2954328, 26.5788098], [93.2946901, 26.5787281], [93.2941131, 26.5785201], [93.2936766, 26.5782265], [93.2933908, 26.5778833], [93.2930957, 26.5774316], [93.2918062, 26.5759915], [93.2909085, 26.5750659], [93.2906699, 26.5747584], [93.2902567, 26.5742261], [93.2896851, 26.5735894], [93.2891134, 26.5730881], [93.2885014, 26.5725551], [93.2881403, 26.5723022], [93.2862839, 26.5716601], [93.2853504, 26.5715783], [93.2847231, 26.5716321], [93.2840155, 26.5714601], [93.283574, 26.5712703], [93.2832882, 26.571031], [93.2831329, 26.5707194], [93.2830178, 26.5702229], [93.2829227, 26.569934], [93.2825065, 26.5695863], [93.2815684, 26.5691208], [93.2809611, 26.5690527], [93.2802333, 26.5693456], [93.2795453, 26.5697782], [93.2782698, 26.5706348], [93.2778128, 26.5709775], [93.2766799, 26.5717131], [93.2746749, 26.5722884], [93.2739671, 26.5724233], [93.2733277, 26.572487], [93.2729332, 26.5725264], [93.2720899, 26.5726295], [93.2708752, 26.5728678], [93.2698965, 26.5729663], [93.2693796, 26.5728847], [93.2689782, 26.5726949], [93.2686775, 26.5723019], [93.2679506, 26.5715116], [93.2676245, 26.5712542], [93.2672833, 26.5711502], [93.2666517, 26.5712031], [93.2662695, 26.5712351], [93.2653162, 26.5711124], [93.2653161, 26.5711124], [93.265243, 26.5710951], [93.2647441, 26.5709766], [93.263534, 26.5703417], [93.2625653, 26.5698213], [93.262206, 26.5696027], [93.2619, 26.5694986], [93.2609816, 26.5694482], [93.259702, 26.569393], [93.2589855, 26.5693733], [93.2585176, 26.5693604], [93.2575792, 26.5692061], [93.2555072, 26.5686358], [93.2551827, 26.5685298], [93.2549687, 26.5684599], [93.2544536, 26.5682918], [93.2529083, 26.5678798], [93.252562, 26.5678975], [93.2522959, 26.5680327], [93.2520848, 26.56838], [93.2518933, 26.568998], [93.2518002, 26.5694834], [93.2517772, 26.5696027], [93.2515862, 26.5698597], [93.2514276, 26.5698986], [93.2511645, 26.5699631], [93.250982, 26.5698809], [93.2507432, 26.5697733], [93.2503822, 26.5694615], [93.2501517, 26.5690822], [93.2500567, 26.5688429], [93.2500002, 26.5683576], [93.2501739, 26.5672411], [93.2500996, 26.566388], [93.25002, 26.5657832], [93.2496592, 26.5653361], [93.2481493, 26.5647345], [93.2478835, 26.5646305], [93.2475924, 26.5645987], [93.2467341, 26.5647513], [93.2460066, 26.5642922], [93.2454057, 26.563913], [93.2451346, 26.5636424], [93.2443613, 26.563255], [93.2442375, 26.5631984], [93.2440851, 26.5631289], [93.2437506, 26.5630106], [93.2435881, 26.5629532], [93.2432417, 26.5627956], [93.2428802, 26.5625702], [93.2423579, 26.5621554], [93.2416999, 26.5616099], [93.2406552, 26.5605818], [93.2396456, 26.5596754], [93.2396456, 26.5596754], [93.2390982, 26.5592246], [93.2368627, 26.5567307], [93.2359333, 26.555531], [93.2349886, 26.5542005], [93.2349478, 26.5540394], [93.2348627, 26.5537041], [93.2348572, 26.553475], [93.2348523, 26.5532709], [93.2350627, 26.5528555], [93.2354337, 26.5524852], [93.2358952, 26.5523315], [93.2363771, 26.5524981], [93.236914, 26.5525518], [93.2375611, 26.5523301], [93.2379091, 26.5522081], [93.238735, 26.5519186], [93.2397935, 26.5516245], [93.2408522, 26.5516236], [93.2418207, 26.5517132], [93.2423862, 26.5518209], [93.2430001, 26.5519379], [93.2436841, 26.5520743], [93.2440591, 26.5521491], [93.244236, 26.5521812], [93.2443803, 26.5522074], [93.2448419, 26.552171], [93.2452834, 26.5520308], [93.2459554, 26.5516467], [93.2467527, 26.5510999], [93.2476481, 26.5509744], [93.2488726, 26.5508537], [93.249831, 26.5507824], [93.2499998, 26.5508161], [93.2507843, 26.5509728], [93.2524097, 26.5513352], [93.2536737, 26.5517155], [93.2541704, 26.5518016], [93.2544314, 26.5517658], [93.2561931, 26.5513206], [93.2564593, 26.5511448], [93.2565949, 26.5509914], [93.2564998, 26.5507522], [93.2557876, 26.5504763], [93.2549297, 26.5502679], [93.2543178, 26.550096], [93.2541474, 26.5499378], [93.2537464, 26.5495629], [93.2530743, 26.549269], [93.2524622, 26.5491466], [93.2512782, 26.5490102], [93.2505659, 26.5488606], [93.249934, 26.5484944], [93.2493423, 26.5481013], [93.2480191, 26.5468591], [93.2475834, 26.5461818], [93.2470478, 26.5449763], [93.2470681, 26.5447868], [93.2472391, 26.5444395], [93.2474624, 26.544075], [93.2474905, 26.544029], [93.2477768, 26.543772], [93.2482382, 26.5439259], [93.2494016, 26.5445633], [93.2499999, 26.5447407], [93.2500888, 26.544767], [93.250796, 26.5449076], [93.2512377, 26.544768], [93.2514036, 26.5445832], [93.2515343, 26.5442538], [93.2515951, 26.5437891], [93.2517108, 26.5434643], [93.2520524, 26.5431712], [93.2523585, 26.5430497], [93.2531062, 26.5430323], [93.2537487, 26.5428523], [93.2549936, 26.5422307], [93.2556061, 26.5419062], [93.256239, 26.541284], [93.2568516, 26.5408016], [93.2575393, 26.540527], [93.2582468, 26.5404779], [93.2588788, 26.540668], [93.2594907, 26.5408716], [93.2596814, 26.5408899], [93.2599474, 26.5407863], [93.2605905, 26.5399338], [93.2609923, 26.5395055], [93.2615649, 26.5389373], [93.2620849, 26.538479], [93.2623834, 26.5382159], [93.2626547, 26.5378867], [93.2626551, 26.5375257], [93.2625603, 26.5369389], [93.2624654, 26.5365779], [93.2621597, 26.5361804], [93.2617586, 26.5358371], [93.2613575, 26.5356473], [93.260876, 26.5354934], [93.2602086, 26.5356102], [93.2596717, 26.5356639], [93.2591351, 26.5353881], [93.2587743, 26.5349952], [93.2584183, 26.5348641], [93.2581524, 26.5348458], [93.2575601, 26.5350709], [93.2569629, 26.5351697], [93.2562555, 26.5351556], [93.2556287, 26.5349474], [93.2550921, 26.5346355], [93.2549369, 26.5344143], [93.2549323, 26.5343778], [93.254902, 26.5341345], [93.2549978, 26.5336562], [93.2557016, 26.5323977], [93.2559326, 26.5321407], [93.2565248, 26.5319878], [93.257212, 26.5320561], [93.2601606, 26.5328718], [93.2613804, 26.5328312], [93.2619724, 26.5328995], [93.2634773, 26.5331309], [93.2641091, 26.5334066], [93.2646056, 26.5336778], [93.2647196, 26.5338021], [93.2649865, 26.5340933], [93.2651817, 26.5345086], [93.265407, 26.5349014], [93.2657931, 26.5351635], [93.2661943, 26.5352992], [93.2663448, 26.5354889], [93.2663448, 26.5354889], [93.2664597, 26.5359176], [93.2665295, 26.536387], [93.2669503, 26.536956], [93.2673512, 26.5374573], [93.268213, 26.5386989], [93.2686688, 26.5395071], [93.2692251, 26.5402296], [93.2696058, 26.5408481], [93.2699064, 26.5413944], [93.2707078, 26.5427896], [93.2711137, 26.5432863], [93.2718552, 26.5444872], [93.2721958, 26.5451915], [93.2722674, 26.5452784], [93.2724264, 26.5454714], [93.2726169, 26.5455889], [93.2731338, 26.5454855], [93.2734953, 26.5452286], [93.2735558, 26.5450075], [93.2734811, 26.544335], [93.2733662, 26.5437122], [93.273422, 26.5430579], [93.273422, 26.5430578], [93.2734978, 26.5425073], [93.2736486, 26.5421103], [93.2735939, 26.541677], [93.273422, 26.5411882], [93.2733637, 26.5410224], [93.272943, 26.5401422], [93.2725624, 26.5394017], [93.2724617, 26.5391919], [93.2722569, 26.5387652], [93.2720066, 26.5381784], [93.272007, 26.5377993], [93.2721886, 26.5375065], [93.2722532, 26.5374024], [93.2726949, 26.5371996], [93.2734224, 26.5372001], [93.2740698, 26.5371103], [93.2747172, 26.5368762], [93.2752141, 26.5365651], [93.2754601, 26.5363442], [93.2755959, 26.5359968], [93.2755767, 26.5350356], [93.2755655, 26.5346774], [93.2755571, 26.5344128], [93.2754938, 26.5341576], [93.2754273, 26.5338892], [93.2750815, 26.5334061], [93.2749287, 26.5332768], [93.2747556, 26.5331305], [93.2741438, 26.5328412], [93.2739845, 26.5327445], [93.2734368, 26.532412], [93.2728653, 26.5319287], [93.2725194, 26.5316532], [93.2724035, 26.5316206], [93.2722134, 26.5315672], [93.2716967, 26.5315984], [93.2711595, 26.5319274], [93.2707981, 26.5320987], [93.270437, 26.5320307], [93.269966, 26.531412], [93.2698741, 26.5311911], [93.2698158, 26.5310508], [93.2695502, 26.5307935], [93.2691416, 26.5307852], [93.2688579, 26.5307794], [93.2678646, 26.5306207], [93.2665459, 26.5299156], [93.2663119, 26.529798], [93.2660695, 26.5296761], [93.2653673, 26.529431], [93.2652269, 26.529382], [93.2641991, 26.5287855], [93.2640994, 26.5286214], [93.2639687, 26.5284062], [93.2639181, 26.5282313], [93.2638187, 26.5278872], [93.2639144, 26.5274224], [93.2642557, 26.5272692], [93.2645909, 26.5272776], [93.2655601, 26.5273019], [93.2666686, 26.5275103], [93.2679476, 26.5277867], [93.2684943, 26.527945], [93.2688756, 26.527995], [93.2689844, 26.5279422], [93.2691265, 26.5278732], [93.2692425, 26.5272551], [93.2693735, 26.5266506], [93.2696801, 26.5260279], [93.2708254, 26.5244223], [93.2711799, 26.5241007], [93.2713024, 26.5239894], [93.271744, 26.5238723], [93.2722959, 26.5238187], [93.2726974, 26.5235798], [93.2730595, 26.523274], [93.2733702, 26.5230117], [93.2738472, 26.5225833], [93.2739074, 26.5225293], [93.2739074, 26.5225292], [93.2743592, 26.522137], [93.2748562, 26.5218259], [93.2756237, 26.5218264], [93.276386, 26.5220843], [93.2769222, 26.522251], [93.2771132, 26.5223104], [93.2777603, 26.5223966], [93.2783891, 26.5224234], [93.2786231, 26.5224333], [93.2789491, 26.5225373], [93.2792298, 26.5227722], [93.2792845, 26.523413], [93.2796853, 26.5239459], [93.2802064, 26.5246321], [93.2804205, 26.5248973], [93.2805672, 26.5250792], [93.2806826, 26.5251831], [93.2809485, 26.5251833], [93.2811042, 26.524872], [93.2811411, 26.5246216], [93.28118, 26.5243576], [93.28109, 26.5240487], [93.2810249, 26.523825], [93.2810393, 26.5235186], [93.2810453, 26.5233917], [93.281157, 26.5232646], [93.2811959, 26.5232203], [93.2816375, 26.523171], [93.2823246, 26.5232888], [93.2830119, 26.5233614], [93.2832728, 26.5232939], [93.2833722, 26.523144], [93.2835239, 26.522915], [93.2840412, 26.5222249], [93.2840413, 26.5222249], [93.2843826, 26.5218325], [93.2849746, 26.5217066], [93.2859885, 26.5211928], [93.2865656, 26.5209359], [93.2873081, 26.5208327], [93.2878049, 26.520693], [93.2878576, 26.5205784], [93.288031, 26.5202012], [93.2876652, 26.5197047], [93.2874061, 26.5195219], [93.2869031, 26.5191671], [93.2865221, 26.5188239], [93.286367, 26.5183228], [93.2865029, 26.5178084], [93.2867892, 26.5173438], [93.2876674, 26.5169292], [93.288104, 26.5168212], [93.2887765, 26.5164064], [93.2888764, 26.5162643], [93.2891379, 26.5158922], [93.2893894, 26.5150981], [93.2894049, 26.5145836], [93.2899422, 26.5138935], [93.2906851, 26.5131854], [93.2913574, 26.5129828], [93.2923105, 26.5130691], [93.29304, 26.51318], [93.2933236, 26.5132231], [93.2936899, 26.5132233], [93.2938135, 26.5131324], [93.2939106, 26.513061], [93.293971, 26.5127993], [93.2937759, 26.512199], [93.2938364, 26.5116981], [93.2942181, 26.5109401], [93.294389, 26.5105612], [93.2944646, 26.5101687], [93.2938933, 26.5094101], [93.2931115, 26.5083852], [93.2925952, 26.5080239], [93.2920436, 26.5077438], [93.2919466, 26.5076739], [93.2916426, 26.5074546], [93.2914124, 26.5067144], [93.2913376, 26.5061278], [93.2913348, 26.5059241], [93.2913328, 26.5057802], [93.2917544, 26.5054556], [93.2922712, 26.5052212], [93.2923467, 26.5049459], [93.2920811, 26.5046704], [93.2914491, 26.5045482], [93.290797, 26.5046381], [93.2902651, 26.5048589], [93.2897831, 26.5055852], [93.2893109, 26.5064784], [93.2890798, 26.5069612], [93.2890193, 26.5073221], [93.2891722, 26.5078487], [93.2893445, 26.5084415], [93.2896296, 26.5094166], [93.2896692, 26.5101386], [93.2895484, 26.5103866], [93.2894582, 26.5105717], [93.2891078, 26.5107528], [93.2876617, 26.5116175], [93.286673, 26.5122126], [93.2862363, 26.5124696], [93.2849923, 26.5125906], [93.2849922, 26.5125906], [93.2844354, 26.512694], [93.2837127, 26.513023], [93.2833261, 26.5134514], [93.2829846, 26.513916], [93.2829242, 26.5142274], [93.2830593, 26.5145704], [93.2835156, 26.514828], [93.2838656, 26.5149476], [93.2842829, 26.5150902], [93.2848595, 26.5154156], [93.2851803, 26.5157136], [93.2852036, 26.515846], [93.2852351, 26.5160251], [93.285009, 26.5165394], [93.2845117, 26.5174371], [93.284456, 26.5176277], [93.2843758, 26.5179018], [93.2845106, 26.5188], [93.2845101, 26.5193686], [93.2842038, 26.5197971], [93.2833858, 26.5200628], [93.2826233, 26.5200804], [93.2817054, 26.5199624], [93.280923, 26.5197723], [93.2806123, 26.5193388], [93.2803466, 26.5191176], [93.27983, 26.519045], [93.2794887, 26.5192389], [93.2789869, 26.5195138], [93.2785817, 26.5194928], [93.2782795, 26.5194771], [93.2778031, 26.519355], [93.2773519, 26.5191199], [93.2770985, 26.5189347], [93.2767403, 26.5186727], [93.2766802, 26.5186147], [93.2763994, 26.5183431], [93.2754417, 26.5177558], [93.2748644, 26.5178332], [93.2746391, 26.5178634], [93.273681, 26.5177408], [93.2733199, 26.517691], [93.2729589, 26.5173793], [93.2724327, 26.5169232], [93.2722225, 26.5164581], [93.2716269, 26.5148691], [93.271608, 26.5136822], [93.2716973, 26.5134446], [93.2720505, 26.5125047], [93.2726228, 26.5120404], [93.2732704, 26.5117261], [93.2736165, 26.5115582], [93.2740581, 26.511369], [93.2741135, 26.5110937], [93.2739988, 26.5103896], [93.2736184, 26.509392], [93.2734082, 26.5089992], [93.2730473, 26.508656], [93.2724355, 26.5084795], [93.2723313, 26.5084856], [93.2721296, 26.5084973], [93.2719536, 26.5088763], [93.2722791, 26.5094135], [93.2724694, 26.5098063], [93.2724339, 26.5101673], [93.271897, 26.5103429], [93.2704474, 26.5104411], [93.2695846, 26.5103412], [93.2681301, 26.5102362], [93.2678307, 26.5101472], [93.2676738, 26.5101005], [93.2669869, 26.5097886], [93.2664003, 26.5094767], [93.2649461, 26.5090829], [93.2637825, 26.5088609], [93.2633611, 26.5089282], [93.2632655, 26.5091673], [93.2635311, 26.5095285], [93.2644329, 26.5105989], [93.2649292, 26.5108881], [93.2654106, 26.5111329], [93.2657114, 26.5112858], [93.2660976, 26.5114769], [93.2663782, 26.5116158], [93.2670702, 26.5118375], [93.2675966, 26.5120906], [93.2681881, 26.512434], [93.2686843, 26.5129173], [93.2692003, 26.5136578], [93.269601, 26.5142764], [93.2697761, 26.5148226], [93.2696601, 26.515337], [93.2695094, 26.5156483], [93.2686866, 26.5157514], [93.2680234, 26.5156864], [93.2676183, 26.5156468], [93.2667556, 26.5155604], [93.2663341, 26.5156457], [93.2661633, 26.5158893], [93.2661627, 26.5164399], [93.2659112, 26.5172159], [93.2653231, 26.5183888], [93.2650473, 26.5187375], [93.2649413, 26.5188714], [93.2642334, 26.5195477], [93.2636755, 26.5205807], [93.2633891, 26.5211446], [93.2629322, 26.5214737], [93.2620138, 26.521852], [93.2609851, 26.5220858], [93.259876, 26.522482], [93.2592637, 26.5227026], [93.2581349, 26.5228416], [93.2554658, 26.5230469], [93.254914, 26.5230148], [93.2545131, 26.5226851], [93.2539767, 26.5222738], [93.2537311, 26.5221022], [93.2533849, 26.5221695], [93.2529228, 26.522634], [93.2523705, 26.5230667], [93.2517983, 26.5233415], [93.2506335, 26.5241934], [93.2501015, 26.5244682], [93.2500002, 26.5244804], [93.25, 26.5244803], [93.247748, 26.5237519], [93.2460575, 26.5235766], [93.245882, 26.5236895], [93.2457969, 26.5238927], [93.2457972, 26.5241274], [93.2458978, 26.5244386], [93.246059, 26.5250162], [93.2461598, 26.5255486], [93.2459456, 26.5270561], [93.2457707, 26.5277738], [93.2452496, 26.5283383], [93.2446278, 26.5286186], [93.2433241, 26.5294004], [93.2428179, 26.5299107], [93.2428884, 26.5302221], [93.2432702, 26.5306911], [93.2437874, 26.531142], [93.2443798, 26.531471], [93.2446761, 26.5318769], [93.2446915, 26.5321883], [93.2445514, 26.5324997], [93.2439094, 26.5327845], [93.2425752, 26.5330835], [93.2407443, 26.5334189], [93.2398815, 26.533564], [93.2389786, 26.533673], [93.238216, 26.5337503], [93.2364454, 26.5342841], [93.2357182, 26.5345645], [93.2352117, 26.5348175], [93.2338678, 26.5355587], [93.2333111, 26.5357305], [93.2327743, 26.5357445], [93.2327138, 26.5357403], [93.232132, 26.5356998], [93.2316652, 26.5355287], [93.2313338, 26.5352175], [93.2311278, 26.534825], [93.2310069, 26.5342655], [93.2309158, 26.5333901], [93.23078, 26.5330607], [93.2305541, 26.5327495], [93.2302378, 26.5325783], [93.2298213, 26.5324657], [93.2294953, 26.5325472], [93.2293049, 26.5329038], [93.2291499, 26.5334681], [93.2289745, 26.5337796], [93.2286434, 26.533861], [93.227916, 26.5338615], [93.2273592, 26.5339522], [93.2268226, 26.5341872], [93.22602, 26.5343999], [93.2254129, 26.5344139], [93.2249615, 26.5345405], [93.2244049, 26.5349605], [93.2237131, 26.5355703], [93.222605, 26.5364781], [93.2220131, 26.5366364], [93.2213859, 26.5366684], [93.219951, 26.5365114], [93.2191481, 26.5363404], [93.2184756, 26.5361197], [93.2182194, 26.5357543], [93.2182188, 26.5349736], [93.2182028, 26.5337235], [93.218132, 26.5329924], [93.2177397, 26.531702], [93.2165395, 26.5302], [93.2160726, 26.5298889], [93.2154505, 26.5298126], [93.2148084, 26.5298129], [93.2139405, 26.5299353], [93.2139405, 26.5299353], [93.2133685, 26.5298906], [93.212952, 26.529656], [93.2127425, 26.5294009], [93.2125151, 26.5291238], [93.2123001, 26.5287126], [93.2121283, 26.5283838], [93.2120076, 26.5279371], [93.2119723, 26.5278063], [93.2118314, 26.5271837], [93.2117959, 26.5265564], [93.211738, 26.5257537], [93.2117249, 26.5255726], [93.2116744, 26.5251034], [93.2114935, 26.5247378], [93.211423, 26.5243318], [93.2115934, 26.5240338], [93.2117528, 26.5239679], [93.2122704, 26.5237536], [93.214062, 26.5233718], [93.2153764, 26.5233208], [93.2159826, 26.523422], [93.2165896, 26.5234081], [93.2169907, 26.5232183], [93.2172164, 26.5230151], [93.2172662, 26.5226405], [93.2171455, 26.5222841], [93.2164624, 26.5211833], [93.2161663, 26.5209804], [93.2156646, 26.5209626], [93.214867, 26.5210579], [93.2142383, 26.5211161], [93.2136883, 26.521167], [93.2127151, 26.5211359], [93.2119173, 26.521028], [93.2113954, 26.520717], [93.2110638, 26.5201215], [93.2109782, 26.5194988], [93.2110829, 26.5186052], [93.2116436, 26.5170073], [93.2118338, 26.5165378], [93.2124053, 26.5159914], [93.2128767, 26.5157881], [93.2134985, 26.515553], [93.213788, 26.5154755], [93.2141406, 26.5153811], [93.214613, 26.5151983], [93.2149931, 26.5150512], [93.2154745, 26.5148479], [93.2158756, 26.5145678], [93.2159205, 26.5143557], [93.2158151, 26.5141842], [93.2154538, 26.51404], [93.214877, 26.5140404], [93.2142548, 26.513919], [93.2136979, 26.5137162], [93.2131107, 26.5134187], [93.2127643, 26.5129631], [93.2125733, 26.5124488], [93.212499, 26.5120856], [93.2124173, 26.5116862], [93.2125172, 26.5111671], [93.2129231, 26.5105982], [93.2134445, 26.5102098], [93.2149338, 26.5095681], [93.2149338, 26.5095681], [93.2154754, 26.5094099], [93.215745, 26.5094411], [93.2162881, 26.5095041], [93.2171058, 26.5095804], [93.2174166, 26.5094086], [93.2175568, 26.5090656], [93.2175366, 26.5087678], [93.2174508, 26.5081902], [93.217331, 26.507569], [93.2173098, 26.5074592], [93.217154, 26.5070532], [93.217154, 26.5070531], [93.2170787, 26.5069493], [93.216868, 26.5069675], [93.2167126, 26.5069812], [93.2158802, 26.5073292], [93.2158802, 26.5073292], [93.2157249, 26.507591], [93.2157251, 26.5079069], [93.2156401, 26.5082634], [93.2154998, 26.5084666], [93.2149282, 26.5087197], [93.2134537, 26.5088921], [93.2127414, 26.5089556], [93.2123099, 26.5088747], [93.2119085, 26.5086087], [93.2114766, 26.5080628], [93.2110952, 26.5076254], [93.2106938, 26.5073774], [93.2103827, 26.5072512], [93.2096953, 26.5070575], [93.2096362, 26.5070174], [93.2094896, 26.5069177], [93.2093138, 26.5066697], [93.209173, 26.5060604], [93.208947, 26.5057131], [93.2084653, 26.5053885], [93.2076975, 26.5049511], [93.2073512, 26.5046353], [93.2071956, 26.5044189], [93.2072154, 26.5041209], [93.2073006, 26.5037961], [93.2073754, 26.503286], [93.20729, 26.5030063], [93.2070491, 26.5028168], [93.2067331, 26.5027403], [93.2064234, 26.5027337], [93.2061111, 26.5027271], [93.2058702, 26.5026144], [93.2055039, 26.5023213], [93.2051476, 26.5019679], [93.2048263, 26.5016492], [93.2042393, 26.5013968], [93.2037177, 26.5013655], [93.2024759, 26.5012798], [93.2016862, 26.5011319], [93.2011344, 26.5011051], [93.2009019, 26.5012086], [93.2007183, 26.5012903], [93.2007183, 26.5012903], [93.2004977, 26.5014393], [93.2003925, 26.501796], [93.2004128, 26.5021253], [93.2005054, 26.5022139], [93.200724, 26.502423], [93.2016975, 26.5032349], [93.20239, 26.5037489], [93.2029621, 26.5041999], [93.2040813, 26.505287], [93.2043072, 26.5055667], [93.2043225, 26.5058193], [93.2042574, 26.5060045], [93.2040467, 26.5060993], [93.20351, 26.5060996], [93.2031517, 26.5060664], [93.2028329, 26.5060367], [93.2021055, 26.5059423], [93.2021054, 26.5059423], [93.201604, 26.5059923], [93.2011174, 26.5061144], [93.2009621, 26.5062723], [93.2009772, 26.5065206], [93.2011883, 26.5069582], [93.2015496, 26.5071927], [93.2020212, 26.5075354], [93.2022973, 26.5078647], [93.2025384, 26.5083476], [93.2027495, 26.5090695], [93.2028699, 26.5091913], [93.2030163, 26.5091422], [93.2030455, 26.5091325], [93.2035968, 26.5083786], [93.2039075, 26.5078639], [93.2041246, 26.5077048], [93.2042032, 26.5076472], [93.2048652, 26.5073038], [93.2053817, 26.5071772], [93.206024, 26.5075514], [93.2063051, 26.5078942], [93.2070034, 26.5092928], [93.2072294, 26.5098207], [93.2072797, 26.5099582], [93.20735, 26.5101501], [93.2073611, 26.5106296], [93.2073706, 26.5110391], [93.207406, 26.5113821], [93.2074691, 26.5114596], [93.2076118, 26.5116347], [93.2079429, 26.5117608], [93.208244, 26.5118916], [93.2093584, 26.5131727], [93.2096498, 26.5136689], [93.2097906, 26.5141878], [93.2097626, 26.5146788], [93.2097559, 26.514797], [93.2096553, 26.514967], [93.2095154, 26.5152034], [93.2091093, 26.5156007], [93.2083068, 26.5164511], [93.2072397, 26.5177589], [93.2070995, 26.5180388], [93.2070145, 26.5184901], [93.2069497, 26.5191399], [93.2069347, 26.5193116], [93.2070543, 26.5195747], [93.2070905, 26.5196544], [93.2071134, 26.5199002], [93.2071259, 26.5200334], [93.2071108, 26.5201604], [93.207076, 26.5204531], [93.2068719, 26.5208866], [93.2067954, 26.521049], [93.2066146, 26.5213244], [93.2059539, 26.5228365], [93.2058878, 26.5230299], [93.2057135, 26.5235406], [93.2051874, 26.5245022], [93.2048412, 26.5250645], [93.2044257, 26.5257391], [93.2039047, 26.5269579], [93.2034489, 26.5280909], [93.2031533, 26.5285784], [93.2027723, 26.5291382], [93.2025173, 26.5293743], [93.2020603, 26.5297974], [93.2017178, 26.5300642], [93.2013182, 26.5303754], [93.2006061, 26.5309851], [93.2004651, 26.5311391], [93.2001348, 26.5314998], [93.2000097, 26.5318518], [93.1999605, 26.5322586], [93.1999398, 26.5324295], [93.1999436, 26.5325358], [93.1999551, 26.5328536], [93.1998349, 26.5331787], [93.1994387, 26.5334768], [93.1989321, 26.5336665], [93.1984455, 26.5336803], [93.1980993, 26.5337436], [93.1977883, 26.5338701], [93.1972868, 26.5341953], [93.1968004, 26.5347145], [93.1959879, 26.5352745], [93.195776, 26.5353481], [93.1952857, 26.5355185], [93.1945233, 26.5357039], [93.1935148, 26.5358307], [93.1929617, 26.5358375], [93.1923709, 26.5358448], [93.1908809, 26.5358455], [93.1907279, 26.5358152], [93.1905848, 26.5357869], [93.1903599, 26.5356756], [93.1902385, 26.5356155], [93.1896664, 26.535363], [93.1888334, 26.5351152], [93.1882765, 26.5351154], [93.1875891, 26.5349036], [93.1868463, 26.534588], [93.1867105, 26.5345252], [93.1863094, 26.5343401], [93.1860484, 26.5340738], [93.1855966, 26.5335911], [93.1851951, 26.5331987], [93.1849371, 26.5331189], [93.1847435, 26.533059], [93.1845915, 26.5330527], [93.1844174, 26.5330455], [93.1841355, 26.5330913], [93.1838605, 26.533136], [93.1833236, 26.5330595], [93.1828871, 26.5329198], [93.1828871, 26.5329198], [93.1825609, 26.5327304], [93.1820037, 26.5322792], [93.181542, 26.531756], [93.1811956, 26.5312236], [93.180794, 26.530804], [93.180242, 26.5305199], [93.17967, 26.5303171], [93.1790629, 26.530227], [93.1789012, 26.53022], [93.1786464, 26.530209], [93.178367, 26.5302092], [93.1776379, 26.5299116], [93.1759318, 26.5289644], [93.175134, 26.5283871], [93.1746622, 26.5280622], [93.1743336, 26.5278528], [93.1720079, 26.5269214], [93.1714911, 26.52675], [93.1704925, 26.5264833], [93.1697301, 26.5262721], [93.1695122, 26.5261829], [93.1692784, 26.5260873], [93.1686863, 26.5256948], [93.1675073, 26.5252438], [93.1668299, 26.5249145], [93.1664828, 26.5246797], [93.1663432, 26.5245852], [93.1652193, 26.5239763], [93.1640904, 26.5235885], [93.1635888, 26.5236337], [93.1612962, 26.5238554], [93.160935, 26.5240405], [93.1594755, 26.5251961], [93.1594004, 26.5253264], [93.1593401, 26.5254308], [93.1593402, 26.5256204], [93.1593753, 26.5258369], [93.1594958, 26.5260401], [93.1596514, 26.5261528], [93.1597361, 26.5261805], [93.1599274, 26.526243], [93.160077, 26.5262766], [93.1604289, 26.5263557], [93.1619942, 26.5264772], [93.1644475, 26.5265624], [93.1653305, 26.5268284], [93.1661485, 26.5275006], [93.166856, 26.5278931], [93.1679349, 26.5286103], [93.1683865, 26.5289216], [93.1685441, 26.5291253], [93.1686273, 26.5292329], [93.1687328, 26.5295803], [93.1687029, 26.5301174], [93.1685639, 26.5304373], [93.1684774, 26.5306364], [93.1684122, 26.5309478], [93.1684775, 26.5310743], [93.1693305, 26.5315703], [93.169451, 26.5315884], [93.1695475, 26.531565], [93.1697118, 26.5315251], [93.1707422, 26.5311908], [93.1712569, 26.5310238], [93.1721398, 26.5307437], [93.1727969, 26.5306172], [93.1733388, 26.530635], [93.1738205, 26.5309914], [93.1739461, 26.5312892], [93.1739461, 26.5315375], [93.1738155, 26.531754], [93.1737556, 26.5318533], [93.1737556, 26.5318534], [93.1730937, 26.532508], [93.1731291, 26.5333969], [93.174143, 26.5347821], [93.1746852, 26.535653], [93.1749463, 26.5359687], [93.1754129, 26.5360588], [93.1757847, 26.5359472], [93.1758795, 26.5359187], [93.1761952, 26.5358185], [93.1766621, 26.5356703], [93.1773545, 26.535607], [93.1779614, 26.5356248], [93.1787242, 26.5358727], [93.1794217, 26.5361387], [93.1799386, 26.5365583], [93.1800558, 26.5367783], [93.1801596, 26.5369733], [93.1803354, 26.5374291], [93.180436, 26.5379255], [93.1805064, 26.5385978], [93.1801106, 26.5396133], [93.1800556, 26.5399113], [93.1801018, 26.54002], [93.180161, 26.5401594], [93.180437, 26.5403624], [93.1806126, 26.5403939], [93.1809438, 26.5403622], [93.1813751, 26.5401003], [93.1821024, 26.5394592], [93.1826943, 26.5391747], [93.1832161, 26.5390842], [93.1836, 26.5391583], [93.1836827, 26.5391743], [93.1839788, 26.5393186], [93.1848718, 26.5399575], [93.1863076, 26.5408836], [93.1872461, 26.5413526], [93.1880643, 26.5418984], [93.1888424, 26.5427419], [93.1888424, 26.5427419], [93.1894498, 26.5434456], [93.1898163, 26.5436667], [93.1900069, 26.5437117], [93.1903732, 26.543698], [93.1908899, 26.543585], [93.191173, 26.5434897], [93.1917226, 26.5433049], [93.1923497, 26.543088], [93.1935841, 26.5430919], [93.1949588, 26.5428882], [93.1954405, 26.5429196], [93.1960326, 26.5430908], [93.1965545, 26.5432034], [93.1969508, 26.54314], [93.1974196, 26.5429954], [93.1975077, 26.5429682], [93.1983908, 26.5429994], [93.1992589, 26.5431704], [93.1999866, 26.5434814], [93.2004033, 26.5437611], [93.200785, 26.5442619], [93.2013131, 26.5455452], [93.2014181, 26.5458004], [93.2018199, 26.5463913], [93.2023069, 26.5468785], [93.2029846, 26.5473926], [93.2033166, 26.5477935], [93.2034365, 26.5479384], [93.2037982, 26.5484527], [93.2041701, 26.5493686], [93.2041453, 26.5497365], [93.2041004, 26.5502577], [93.2040919, 26.5509352], [93.2045777, 26.5510833], [93.2052253, 26.551638], [93.2056274, 26.5525855], [93.2060443, 26.5532035], [93.2067271, 26.553844], [93.2077439, 26.5547031], [93.2092073, 26.555747], [93.2095084, 26.5564222], [93.210034, 26.5574908], [93.2105093, 26.5583554], [93.2109639, 26.5596654], [93.2109716, 26.5598617], [93.2108012, 26.5602364], [93.2106954, 26.560338], [93.2105755, 26.5604532], [93.2102796, 26.5605932], [93.2099684, 26.5606566], [93.209552, 26.5606749], [93.2092912, 26.5608601], [93.2091949, 26.5610118], [93.2091709, 26.5610496], [93.2086997, 26.5618442], [93.2088203, 26.5620652], [93.2090663, 26.5622998], [93.2093325, 26.5625524], [93.2093679, 26.5630126], [93.2093679, 26.5630126], [93.2093333, 26.5636986], [93.2092632, 26.5639513], [93.2090223, 26.5639785], [93.2075326, 26.5637104], [93.2052882, 26.5633443], [93.2050122, 26.5632181], [93.2044547, 26.5625956], [93.2041424, 26.5624426], [93.2036264, 26.5621899], [93.203275, 26.5621584], [93.2030988, 26.5622634], [93.2029641, 26.5623437], [93.2025026, 26.5629313], [93.2022019, 26.5633144], [93.2020501, 26.5635203], [93.2018559, 26.5637838], [93.201264, 26.5642219], [93.2010861, 26.5642965], [93.2007473, 26.5644387], [93.2004474, 26.5644583], [93.2002604, 26.5644706], [93.1997506, 26.5643191], [93.1995327, 26.5642543], [93.1993053, 26.5642111], [93.1988702, 26.5641283], [93.1984276, 26.5641285], [93.1980723, 26.5641287], [93.1975152, 26.5641922], [93.1973573, 26.5642529], [93.1971038, 26.5643503], [93.1960955, 26.5650051], [93.195978, 26.5651324], [93.1957494, 26.5653798], [93.1954033, 26.565723], [93.1945354, 26.5660663], [93.1945353, 26.5660664], [93.1942545, 26.5662244], [93.1937728, 26.5665992], [93.1922574, 26.566803], [93.1919781, 26.5668838], [93.191289, 26.5670832], [93.1908844, 26.5671026], [93.1906264, 26.5671151], [93.1900744, 26.5669302], [93.1892061, 26.5667411], [93.1880266, 26.5665565], [93.1858344, 26.5661729], [93.1845886, 26.5657772], [93.1825759, 26.5652138], [93.1810851, 26.5644653], [93.1797999, 26.5636219], [93.1783391, 26.5623091], [93.1769253, 26.5614145], [93.1766927, 26.5612673], [93.1766927, 26.5612672], [93.1760299, 26.5606131], [93.1754995, 26.5603176], [93.1751315, 26.5601125], [93.1739169, 26.5597066], [93.1731764, 26.5595451], [93.1724915, 26.5593956], [93.1713473, 26.5589583], [93.1706546, 26.5584892], [93.170508, 26.5582988], [93.1699568, 26.5575823], [93.1687068, 26.5562379], [93.1678735, 26.555367], [93.1673565, 26.5550513], [93.1671052, 26.555], [93.1661421, 26.5548034], [93.1657793, 26.5546237], [93.1653592, 26.5544155], [93.1635172, 26.5532607], [93.1608667, 26.5517054], [93.1598385, 26.5510728], [93.1584534, 26.5504819], [93.1584534, 26.5504819], [93.1574449, 26.5503557], [93.1570288, 26.5504191], [93.1564062, 26.5505139], [93.1558492, 26.5504508], [93.1552571, 26.5501982], [93.1548535, 26.5498267], [93.1538016, 26.5488581], [93.1517891, 26.5470443], [93.1508507, 26.5463901], [93.1506983, 26.5463901], [93.1505044, 26.5463901], [93.1503876, 26.5465086], [93.1502285, 26.54667], [93.1502286, 26.5469859], [93.1503089, 26.5473918], [93.1503491, 26.5475951], [93.1504498, 26.5495311], [93.1499332, 26.5504066], [93.1491355, 26.5513454], [93.1482676, 26.5527807], [93.1475353, 26.5544685], [93.1474596, 26.5547119], [93.1470989, 26.5558721], [93.1463211, 26.555967], [93.1445779, 26.5559083], [93.1425777, 26.555841], [93.1414988, 26.5555929], [93.1403468, 26.5548675], [93.1400083, 26.5546543], [93.1386182, 26.5536571], [93.1369019, 26.5519874], [93.1366259, 26.5512654], [93.136385, 26.5502997], [93.135828, 26.5499567], [93.1356682, 26.5497997], [93.1354467, 26.5495821], [93.1352058, 26.5480477], [93.1347891, 26.5462697], [93.1346073, 26.5458172], [93.1343376, 26.545146], [93.13359, 26.5445956], [93.131889, 26.5435666], [93.131889, 26.5435666], [93.1315456, 26.5433714], [93.1302934, 26.5426596], [93.1282324, 26.541183], [93.1265454, 26.5399744], [93.1255405, 26.5391629], [93.1248068, 26.5385703], [93.1245335, 26.5383497], [93.1238059, 26.5380067], [93.1216887, 26.5378487], [93.1204731, 26.5378707], [93.1189644, 26.5378981], [93.1179725, 26.5379181], [93.117404, 26.5379295], [93.1171456, 26.5377797], [93.1170227, 26.5377084], [93.1170112, 26.5376268], [93.1169876, 26.5374602], [93.1171231, 26.5370856], [93.117956, 26.5358988], [93.1188944, 26.5345225], [93.1191002, 26.533647], [93.1189648, 26.533119], [93.1179564, 26.5317109], [93.1169531, 26.5309933], [93.1158244, 26.5306005], [93.1142943, 26.5303206], [93.1122474, 26.5300089], [93.1109982, 26.5300404], [93.1104904, 26.5302466], [93.1095431, 26.5306314], [93.108318, 26.5315846], [93.1069741, 26.5326303], [93.1046169, 26.5343509], [93.1035068, 26.5351613], [93.1023775, 26.5362713], [93.1019259, 26.536894], [93.1016497, 26.5381124], [93.1014385, 26.5397686], [93.1014385, 26.5397686], [93.1013727, 26.5424853], [93.101197, 26.5428282], [93.1011387, 26.5428193], [93.1009913, 26.5427966], [93.0981467, 26.5412977], [93.0966517, 26.5405798], [93.0958189, 26.5406428], [93.0949858, 26.5409857], [93.0915181, 26.543169], [93.0897716, 26.5443824], [93.089059, 26.5446531], [93.0888082, 26.5446394], [93.0883214, 26.5445942], [93.0875588, 26.5444134], [93.0862644, 26.5441739], [93.0856372, 26.5441601], [93.0851404, 26.5442051], [93.0843074, 26.5444395], [93.0824457, 26.5448902], [93.0820493, 26.5449442], [93.0818486, 26.5449171], [93.0811363, 26.5446551], [93.0790767, 26.5437385], [93.0778855, 26.5431918], [93.0772785, 26.5431284], [93.076877, 26.5431914], [93.0763802, 26.5433898], [93.0751958, 26.5439399], [93.0747187, 26.5441464], [93.0743728, 26.5442961], [93.0736651, 26.5445576], [93.0734293, 26.5445845], [93.0731442, 26.5445718], [93.0729225, 26.5445618], [93.0725944, 26.5445307], [93.0722051, 26.5444938], [93.0701679, 26.5445245], [93.0669767, 26.5446], [93.0641351, 26.5446825], [93.061357, 26.5447554], [93.0601126, 26.5447502], [93.0599169, 26.544723], [93.0591194, 26.5443707], [93.058056, 26.5437293], [93.0569125, 26.5430518], [93.0554579, 26.5422071], [93.0549188, 26.5419231], [93.0543344, 26.5416153], [93.0539627, 26.5414022], [93.0533815, 26.5410687], [93.0524351, 26.5405128], [93.05163, 26.5400621], [93.0488023, 26.538521], [93.0463332, 26.5371251], [93.0443939, 26.5360273], [93.0434311, 26.5354717], [93.043085, 26.5352413], [93.0429747, 26.5350743], [93.0429747, 26.5350743], [93.0429195, 26.5349167], [93.0428563, 26.5347365], [93.0428196, 26.5346319], [93.0427798, 26.5342032], [93.0427253, 26.5332735], [93.0427657, 26.5328764], [93.0429976, 26.5314144], [93.0431734, 26.5310805], [93.0434748, 26.5307603], [93.0437313, 26.5305828], [93.0439114, 26.5304582], [93.0443781, 26.5303547], [93.0450053, 26.5302919], [93.0452569, 26.5303201], [93.0455319, 26.5303509], [93.0462483, 26.5300549], [93.0464359, 26.5290697], [93.046607, 26.5284426], [93.0467727, 26.5281809], [93.0471744, 26.527608], [93.0474808, 26.5272606], [93.0476614, 26.5271254], [93.0480079, 26.5267872], [93.0483091, 26.5262954], [93.0483595, 26.5261465], [93.0483495, 26.5260291], [93.0482793, 26.5259569], [93.0482325, 26.5259381], [93.0481891, 26.5259207], [93.0481198, 26.5259074], [93.0480487, 26.5258936], [93.0478981, 26.5258935], [93.0475518, 26.5260016], [93.0471542, 26.5263012], [93.047055, 26.5263759], [93.046297, 26.5269125], [93.0458404, 26.5270476], [93.0454341, 26.5270655], [93.0452083, 26.5270428], [93.0447268, 26.5267762], [93.0442907, 26.5264691], [93.0441553, 26.5263291], [93.0441553, 26.526329], [93.0441022, 26.526266], [93.0439347, 26.5260672], [93.0433684, 26.5252951], [93.0433088, 26.5251491], [93.043138, 26.524731], [93.0430377, 26.5245401], [93.0428675, 26.5242163], [93.0427021, 26.5240672], [93.0423912, 26.5239768], [93.0422443, 26.523947], [93.0421905, 26.523936], [93.0421018, 26.523933], [93.0419246, 26.5239269], [93.0412874, 26.5240529], [93.0408909, 26.5242467], [93.0404041, 26.5245803], [93.0400778, 26.5248689], [93.0397099, 26.5250731], [93.039631, 26.5251169], [93.0385371, 26.5255539], [93.0383364, 26.5255944], [93.0381207, 26.5255537], [93.0380205, 26.5254633], [93.0379001, 26.5252738], [93.0378415, 26.5248789], [93.0378204, 26.5247366], [93.0378559, 26.5241861], [93.0380771, 26.5235319], [93.0383636, 26.5228866], [93.0384459, 26.5227232], [93.0388159, 26.521989], [93.039052, 26.5214069], [93.0392633, 26.520667], [93.0392334, 26.5203691], [93.0391032, 26.5201749], [93.0388175, 26.5199085], [93.0379691, 26.5193053], [93.037143, 26.5185355], [93.0369907, 26.5184109], [93.0368172, 26.5182691], [93.0366166, 26.5182148], [93.0363708, 26.5181875], [93.0361905, 26.5181952], [93.0358491, 26.5182098], [93.0353925, 26.5182726], [93.0348556, 26.5183986], [93.0347887, 26.5184246], [93.034369, 26.5185879], [93.0333654, 26.518885], [93.0331246, 26.5189029], [93.0325779, 26.5187897], [93.0325073, 26.5187403], [93.0323523, 26.5186316], [93.0322521, 26.5184691], [93.0322224, 26.5180493], [93.0323029, 26.5176298], [93.0323029, 26.5176297], [93.0324339, 26.5170837], [93.032555, 26.516082], [93.0324651, 26.51559], [93.0323349, 26.5155087], [93.0321342, 26.5154363], [93.0321342, 26.5154363], [93.0317681, 26.5154045], [93.0300775, 26.5154349], [93.0273437, 26.5154646], [93.0273436, 26.5154646], [93.02627, 26.5156173], [93.0252266, 26.5156706], [93.0251987, 26.5156606], [93.0251263, 26.5156345], [93.0250561, 26.5155397], [93.0249962, 26.5152553], [93.0248262, 26.5146549], [93.0244707, 26.5139868], [93.0242401, 26.5137429], [93.0238942, 26.5135441], [93.0230418, 26.5131193], [93.0196873, 26.5117403], [93.0192703, 26.5116237], [93.0191206, 26.5115819], [93.0189607, 26.5115511], [93.018579, 26.5114777], [93.0178818, 26.5113734], [93.0164325, 26.5110879], [93.0162218, 26.51102], [93.0161221, 26.5109569], [93.0160364, 26.5109026], [93.0156455, 26.5105322], [93.0147084, 26.5095611], [93.0127543, 26.5074882], [93.0127543, 26.5074882], [93.0121281, 26.5066257], [93.0119944, 26.506402], [93.0116124, 26.5057633], [93.0115319, 26.5055165], [93.0114224, 26.505181], [93.0113525, 26.5048425], [93.0114839, 26.5038904], [93.0119851, 26.502188], [93.012118, 26.5018285], [93.012206, 26.5015712], [93.0124097, 26.5009758], [93.0125713, 26.4996148], [93.0124566, 26.4990686], [93.012041, 26.4983688], [93.0115099, 26.4978675], [93.011176, 26.4978175], [93.0105269, 26.4977268], [93.0101962, 26.4974647], [93.010056, 26.4971622], [93.0099635, 26.4965591], [93.0097087, 26.4962164], [93.0092602, 26.4957647], [93.0085349, 26.4952916], [93.0080877, 26.4946952], [93.0080044, 26.4941862], [93.0080043, 26.4941505], [93.0080039, 26.493775], [93.0078046, 26.4932458], [93.0071658, 26.4924229], [93.0066185, 26.4918377], [93.0064805, 26.4911536], [93.006581, 26.4907628], [93.0069055, 26.4900963], [93.0069921, 26.489751], [93.0070543, 26.4884481], [93.0074722, 26.4869487], [93.0075254, 26.4866352], [93.0077526, 26.4858983], [93.008152, 26.485411], [93.0085414, 26.4849239], [93.0085886, 26.4846111], [93.0085708, 26.4837166], [93.0085589, 26.4828582], [93.0085601, 26.4819181], [93.0086474, 26.4812068], [93.0089017, 26.4809394], [93.0093916, 26.4806536], [93.0102226, 26.4803562], [93.0118768, 26.4794497], [93.0121643, 26.4791048], [93.0122632, 26.4786508], [93.0122342, 26.4783034], [93.0125347, 26.4778769], [93.0128804, 26.4776483], [93.0135939, 26.4772719], [93.0141401, 26.4772245], [93.0146404, 26.4773497], [93.0152121, 26.4776903], [93.0161577, 26.4777657], [93.016687, 26.4778451], [93.0173421, 26.4781298], [93.0177409, 26.4784062], [93.0180693, 26.4786796], [93.0183265, 26.4793115], [93.0184648, 26.4796115], [93.0189622, 26.4799512], [93.019607, 26.480677], [93.0200521, 26.481192], [93.0203235, 26.4813988], [93.0208574, 26.4816543], [93.021312, 26.4817579], [93.0219842, 26.4817258], [93.0224989, 26.4818236], [93.0231222, 26.4820411], [93.0237218, 26.4823134], [93.0241831, 26.4826744], [93.0244689, 26.4828538], [93.0250277, 26.4829054], [93.0255731, 26.4828263], [93.0259281, 26.4825704], [93.0259703, 26.4820633], [93.0259707, 26.481295], [93.0261717, 26.4807123], [93.0264486, 26.4805439], [93.0265642, 26.480546], [93.0267185, 26.4806874], [93.0268754, 26.481127], [93.0271042, 26.4816284], [93.0274588, 26.481942], [93.028, 26.4820934], [93.0285199, 26.4823899], [93.0288579, 26.4828393], [93.0289878, 26.4832027], [93.0291747, 26.4838315], [93.0295205, 26.4841949], [93.0298473, 26.4842062], [93.0304065, 26.4840816], [93.0311476, 26.4839938], [93.031446, 26.484078], [93.0318437, 26.4843092], [93.0320924, 26.4846068], [93.0324648, 26.4848296], [93.0332729, 26.4850071], [93.0343067, 26.4851708], [93.0353372, 26.4857911], [93.0356809, 26.4862675], [93.035984, 26.4863335], [93.0364784, 26.4862283], [93.0373983, 26.4860644], [93.0376937, 26.4860266], [93.0381107, 26.4862303], [93.0381482, 26.4865143], [93.0381247, 26.4869667], [93.0385098, 26.4870988], [93.0396819, 26.4871737], [93.0404089, 26.4873167], [93.040756, 26.4873411], [93.0413989, 26.4873412], [93.0416715, 26.4872], [93.0417964, 26.4867861], [93.0420621, 26.486184], [93.0423865, 26.4859105], [93.0427618, 26.4858575], [93.0429708, 26.4859751], [93.0447613, 26.4866608], [93.0449924, 26.4867757], [93.0452498, 26.4869037], [93.0461907, 26.4883827], [93.0462898, 26.4888614], [93.0468135, 26.4902741], [93.0471979, 26.4907677], [93.0473274, 26.4907243], [93.0475266, 26.490467], [93.0477742, 26.4899421], [93.0484703, 26.4892812], [93.0489315, 26.4888603], [93.0494886, 26.4888441], [93.0501453, 26.4889885], [93.0508913, 26.4890949], [93.0519611, 26.4890951], [93.0530422, 26.4889504], [93.0542128, 26.4889665], [93.0545423, 26.4890816], [93.0547579, 26.4892624], [93.0550402, 26.4896903], [93.0552035, 26.4903693], [93.0553877, 26.490501], [93.0557125, 26.4904355], [93.0560571, 26.4901661], [93.0564872, 26.4900983], [93.0568469, 26.4902173], [93.0579303, 26.4909357], [93.0587007, 26.4912043], [93.0594345, 26.4916092], [93.0597174, 26.4918653], [93.0598335, 26.4920844], [93.0600586, 26.4922423], [93.0604067, 26.4921085], [93.060378, 26.4917746], [93.0601918, 26.4913763], [93.0601596, 26.4911013], [93.0605075, 26.4907686], [93.0609097, 26.4905884], [93.0615961, 26.4905242], [93.0623211, 26.4905903], [93.0625849, 26.4906932], [93.063197, 26.4908611], [93.0641499, 26.4908094], [93.0648229, 26.4908088], [93.0650503, 26.4908628], [93.0655817, 26.4910143], [93.0661984, 26.4911685], [93.067341, 26.4912619], [93.0679591, 26.491276], [93.0685155, 26.491427], [93.0687704, 26.4917651], [93.0688558, 26.492152], [93.0688621, 26.4929699], [93.0687627, 26.4947481], [93.0687012, 26.4958567], [93.0684296, 26.4966126], [93.067849, 26.4972711], [93.067054, 26.4977986], [93.0665082, 26.4982485], [93.0664077, 26.4984404], [93.0661221, 26.4994317], [93.0660666, 26.4998079], [93.0662391, 26.5000325], [93.066607, 26.5002762], [93.0669269, 26.5002185], [93.0671663, 26.500033], [93.0672936, 26.4998634], [93.0676381, 26.4993952], [93.0678197, 26.4990389], [93.0683203, 26.4985899], [93.0685969, 26.4984078], [93.0689705, 26.4982915], [93.0693413, 26.4980622], [93.0697574, 26.4976467], [93.0700299, 26.497311], [93.0702388, 26.4968456], [93.0704561, 26.4963168], [93.0704572, 26.4959733], [93.0703722, 26.4954342], [93.0703277, 26.4952433], [93.0702955, 26.4951677], [93.0701856, 26.494804], [93.0700404, 26.4942421], [93.0701553, 26.4930646], [93.0704145, 26.4918299], [93.0704445, 26.4914406], [93.0705133, 26.4913803], [93.0707845, 26.4915735], [93.0711002, 26.4919329], [93.0712312, 26.4923324], [93.0717446, 26.4929542], [93.0721167, 26.4933531], [93.0725718, 26.4936644], [93.0731333, 26.4940096], [93.0738404, 26.4941619], [93.0755733, 26.4943558], [93.076845, 26.4942023], [93.0778361, 26.4940729], [93.0783772, 26.4942106], [93.0789483, 26.4945375], [93.0796715, 26.4949199], [93.0804039, 26.4952705], [93.0808366, 26.4954918], [93.081281, 26.4957762], [93.081793, 26.496145], [93.0821359, 26.4965806], [93.0830096, 26.4969553], [93.0838038, 26.4969791], [93.0844231, 26.4972281], [93.0850958, 26.497598], [93.0854242, 26.4978622], [93.0858926, 26.4982952], [93.0866391, 26.4991833], [93.0866921, 26.4994804], [93.0867491, 26.4999312], [93.0870201, 26.5002329], [93.0874456, 26.5003444], [93.0879775, 26.5003361], [93.0890589, 26.5002796], [93.0895286, 26.5001915], [93.0907019, 26.4999196], [93.0909877, 26.4997101], [93.0911844, 26.4995478], [93.0913855, 26.4989831], [93.0913818, 26.4986487], [93.0912578, 26.4985158], [93.090671, 26.4981667], [93.0896819, 26.497799], [93.088728, 26.4974351], [93.0881223, 26.4971271], [93.086853, 26.4962275], [93.086223, 26.4957618], [93.0856688, 26.4953126], [93.0851644, 26.4950386], [93.0843611, 26.4946669], [93.0833351, 26.4942322], [93.0827477, 26.493856], [93.0816929, 26.4930874], [93.0811785, 26.4926237], [93.0806772, 26.492083], [93.0803908, 26.4916959], [93.0802912, 26.4911511], [93.080024, 26.4901534], [93.0797778, 26.4895711], [93.0794747, 26.4891211], [93.0790651, 26.4888224], [93.0786872, 26.4885818], [93.0779785, 26.4883709], [93.0763452, 26.4877546], [93.075573, 26.4874184], [93.0747175, 26.4869665], [93.0743391, 26.4867078], [93.07387, 26.4864375], [93.0733584, 26.4862721], [93.0730446, 26.4861793], [93.0725393, 26.4860634], [93.0719819, 26.4858718], [93.070824, 26.485381], [93.0698856, 26.4848313], [93.0691817, 26.4844168], [93.0684346, 26.4838857], [93.0678169, 26.4835011], [93.0673488, 26.4832669], [93.0667651, 26.4830306], [93.0660207, 26.4826034], [93.065695, 26.4822442], [93.0653451, 26.4817273], [93.0650611, 26.4810418], [93.0645783, 26.4798588], [93.0644755, 26.4793819], [93.0645934, 26.4790857], [93.0646001, 26.4790801], [93.0649228, 26.4788166], [93.0655111, 26.4784562], [93.0666695, 26.4778126], [93.0671942, 26.4777112], [93.0675528, 26.4777895], [93.0677051, 26.4778541], [93.0680914, 26.4780312], [93.0685381, 26.4782162], [93.0690102, 26.4784096], [93.0696129, 26.4784104], [93.0712011, 26.4786526], [93.0717429, 26.4788219], [93.0728444, 26.4790789], [93.0732085, 26.4789853], [93.0735762, 26.4788329], [93.0738318, 26.4786196], [93.0745832, 26.4768141], [93.0747535, 26.4762229], [93.0748706, 26.4757052], [93.0746953, 26.4753383], [93.0739982, 26.4747972], [93.0736797, 26.4745237], [93.0734375, 26.4733221], [93.0732369, 26.4727569], [93.0733116, 26.4725384], [93.0734356, 26.4722872], [93.0740659, 26.4712299], [93.0741324, 26.470894], [93.0744812, 26.4705974], [93.0761124, 26.4694105], [93.0763419, 26.4693514], [93.0767398, 26.4693972], [93.0771559, 26.4695647], [93.0774004, 26.4698894], [93.0775849, 26.4702245], [93.0775461, 26.4704693], [93.0771872, 26.4705718], [93.0769868, 26.4707795], [93.0770136, 26.4710365], [93.0771292, 26.4712329], [93.0775117, 26.4712655], [93.0783319, 26.4711397], [93.0786286, 26.4709617], [93.0787706, 26.4706287], [93.0790566, 26.4702385], [93.0792451, 26.4701487], [93.0794687, 26.4700581], [93.0796465, 26.4701357], [93.0798682, 26.4703569], [93.0801317, 26.4706406], [93.0805041, 26.4706689], [93.0832573, 26.470719], [93.0843172, 26.4707327], [93.0863497, 26.4706851], [93.0869499, 26.4704012], [93.0872491, 26.4701282], [93.0891525, 26.4691794], [93.0899787, 26.4688952], [93.0903261, 26.4687387], [93.0905101, 26.4684817], [93.0905253, 26.4681017], [93.0906837, 26.4674385], [93.0909531, 26.4669899], [93.0913553, 26.4660503], [93.091458, 26.4655645], [93.0915132, 26.4651792], [93.0913168, 26.4647766], [93.0909684, 26.4645083], [93.0903416, 26.4641601], [93.0894091, 26.4634523], [93.089009, 26.4631308], [93.0887249, 26.4626352], [93.0883792, 26.4618968], [93.0883941, 26.4615078], [93.0885018, 26.4613691], [93.0886224, 26.4612137], [93.0892797, 26.4606213], [93.0897677, 26.4604663], [93.0900546, 26.4604918], [93.0914144, 26.4606482], [93.0939813, 26.4608784], [93.0944862, 26.4609852], [93.0946148, 26.4610999], [93.0946701, 26.4612931], [93.094553, 26.4616165], [93.0943125, 26.4620193], [93.0944129, 26.462207], [93.0949654, 26.4629771], [93.0952498, 26.4632919], [93.0954995, 26.4634313], [93.0966156, 26.4634843], [93.098416, 26.4633963], [93.0991266, 26.4633043], [93.0995456, 26.4630062], [93.0999605, 26.4625544], [93.1001321, 26.4620129], [93.1001155, 26.4615749], [93.100259, 26.4611108], [93.100562, 26.4609869], [93.1009324, 26.4609428], [93.1019664, 26.4603558], [93.1024523, 26.4601195], [93.1028066, 26.4602249], [93.1030376, 26.4604189], [93.1030957, 26.4607159], [93.1027092, 26.4612936], [93.1023521, 26.4616538], [93.1018753, 26.4620436], [93.1014728, 26.4623956], [93.1014732, 26.4626035], [93.1015213, 26.462711], [93.1016307, 26.4628623], [93.1018596, 26.4627851], [93.1023934, 26.4624619], [93.1027494, 26.4624407], [93.1029327, 26.4625362], [93.1030931, 26.4627181], [93.1031793, 26.4629377], [93.102964, 26.4631547], [93.1023314, 26.463349], [93.1020595, 26.4635085], [93.1019186, 26.4636877], [93.1018594, 26.4639195], [93.1019206, 26.4641487], [93.1020738, 26.4644347], [93.1024611, 26.4646524], [93.1036207, 26.4654005], [93.1045769, 26.4656693], [93.1049774, 26.4658145], [93.1052619, 26.4659394], [93.105727, 26.4662504], [93.1061066, 26.4665541], [93.1065389, 26.4667619], [93.1070949, 26.4667093], [93.1077541, 26.4665687], [93.1079666, 26.4666319], [93.1081278, 26.4668409], [93.1081265, 26.466981], [93.107982, 26.4672146], [93.1073521, 26.4677026], [93.106891, 26.4679249], [93.1065799, 26.4683157], [93.1063431, 26.4688586], [93.1060124, 26.4692679], [93.1054695, 26.4696275], [93.104894, 26.469703], [93.1043119, 26.4695256], [93.1035679, 26.4693065], [93.1031922, 26.4693416], [93.1027832, 26.4694452], [93.1025214, 26.4696135], [93.1023489, 26.4699245], [93.1023482, 26.4700918], [93.1024516, 26.4703924], [93.1027659, 26.4706975], [93.1032534, 26.470904], [93.1036362, 26.4711354], [93.1037236, 26.4714047], [93.1036103, 26.4716783], [93.1026661, 26.4722453], [93.102235, 26.4724669], [93.1017132, 26.4726769], [93.1012102, 26.4726424], [93.1006091, 26.4725106], [93.0999064, 26.4723312], [93.0992904, 26.4722043], [93.0986021, 26.4721918], [93.0982311, 26.4724076], [93.0980996, 26.4725641], [93.0980994, 26.4727448], [93.0981459, 26.4729879], [93.0984457, 26.4733115], [93.0987902, 26.4734261], [93.1005948, 26.4738758], [93.1011904, 26.4739897], [93.1022642, 26.4741475], [93.1027263, 26.4741512], [93.1032657, 26.4742301], [93.1036524, 26.4744207], [93.1039826, 26.4747572], [93.1043095, 26.475157], [93.1047577, 26.4755858], [93.1051274, 26.4756999], [93.1053804, 26.4757759], [93.105724, 26.4760442], [93.1064703, 26.4769232], [93.1066265, 26.4775119], [93.1064094, 26.4780408], [93.1064103, 26.4784566], [93.1064472, 26.4789032], [93.1069202, 26.4789383], [93.1080415, 26.4789912], [93.1087413, 26.4790576], [93.1092111, 26.4791605], [93.1094974, 26.4793533], [93.1096404, 26.4796349], [93.1098536, 26.4801004], [93.1100855, 26.4807056], [93.1103691, 26.4813639], [93.1111658, 26.4820564], [93.1118011, 26.4832947], [93.1123394, 26.4837081], [93.1134256, 26.4837616], [93.1138694, 26.483829], [93.1142119, 26.4840567], [93.1145844, 26.4842792], [93.1154966, 26.4847794], [93.1161373, 26.4850775], [93.1166071, 26.4851805], [93.1171971, 26.4852718], [93.1172975, 26.4852696], [93.1174698, 26.4851394], [93.1175107, 26.4849758], [93.1175259, 26.4846004], [93.1174955, 26.4842123], [93.117267, 26.4831687], [93.1173833, 26.4826284], [93.11758, 26.4822807], [93.1185388, 26.4815054], [93.1189879, 26.4810167], [93.1195754, 26.4808233], [93.1201591, 26.480865], [93.1206001, 26.4810183], [93.1208329, 26.4812754], [93.1211149, 26.4816852], [93.1215906, 26.4820094], [93.1221757, 26.4822951], [93.1226937, 26.48251], [93.1232811, 26.4826917], [93.1238677, 26.4828464], [93.1245069, 26.4830857], [93.1246774, 26.4832674], [93.1247224, 26.4834472], [93.1246917, 26.4836151], [93.1245546, 26.4839389], [93.1241503, 26.4842233], [93.123678, 26.4844051], [93.1229325, 26.4845115], [93.1222896, 26.4846971], [93.1219061, 26.4850081], [93.1217055, 26.4852113], [93.1216027, 26.4854982], [93.1215867, 26.4862217], [93.1217174, 26.4869872], [93.1217342, 26.4876195], [93.1216345, 26.4880284], [93.1212069, 26.4887607], [93.1207912, 26.4893707], [93.1207038, 26.4896754], [93.1207626, 26.4901894], [93.1208777, 26.490553], [93.1209188, 26.4909679], [93.1208763, 26.4914479], [93.1206595, 26.491796], [93.1204447, 26.4920311], [93.1199416, 26.4921865], [93.1192009, 26.4922883], [93.1187972, 26.4924054], [93.1188317, 26.4925719], [93.1190532, 26.4929694], [93.1192998, 26.4931765], [93.1198147, 26.4934637], [93.1214726, 26.494427], [93.1221455, 26.4948012], [93.1225621, 26.4949821], [93.1229015, 26.4950878], [93.1241513, 26.4954361], [93.1245384, 26.4956402], [93.1249397, 26.4958079], [93.1252504, 26.4957831], [93.1253217, 26.4956279], [93.1252786, 26.4953306], [93.1250361, 26.4950872], [93.1243511, 26.4946364], [93.1236644, 26.4943122], [93.1230495, 26.4940406], [93.1223743, 26.4937704], [93.1218207, 26.4933484], [93.1215182, 26.4929255], [93.1214315, 26.4924981], [93.1214883, 26.492176], [93.1217896, 26.4919842], [93.1225074, 26.4912095], [93.1226938, 26.490853], [93.1229751, 26.4902865], [93.1233506, 26.4898627], [93.1235025, 26.4897193], [93.1237479, 26.4895016], [93.1240487, 26.4892918], [93.1244543, 26.4888673], [93.1246393, 26.4886464], [93.1247252, 26.4882875], [93.1250616, 26.488095], [93.1257343, 26.4880851], [93.1265077, 26.4882718], [93.1267936, 26.4884465], [93.1275686, 26.4888818], [93.1277368, 26.488973], [93.1280248, 26.4886595], [93.1280508, 26.4883155], [93.1282408, 26.4880945], [93.128825, 26.4877746], [93.12915, 26.4877224], [93.129715, 26.4878142], [93.1305292, 26.4882125], [93.1309737, 26.4884967], [93.1314117, 26.4889166], [93.1319729, 26.4894333], [93.1324135, 26.4897583], [93.1327001, 26.4897702], [93.1329334, 26.4896657], [93.1329317, 26.4894127], [93.1327336, 26.4891412], [93.1319749, 26.4883757], [93.1301818, 26.4868596], [93.1295841, 26.4864792], [93.1289563, 26.4862894], [93.1282811, 26.486209], [93.1275279, 26.4862116], [93.1271268, 26.4862383], [93.1269412, 26.486057], [93.1268406, 26.4858648], [93.1268486, 26.485598], [93.127066, 26.4850826], [93.1272481, 26.4845635], [93.1273354, 26.4836893], [93.1273389, 26.4832554], [93.1272098, 26.4829328], [93.1271273, 26.4826634], [93.1270487, 26.4821589], [93.1270675, 26.4811642], [93.1271483, 26.4806156], [93.1273828, 26.4803665], [93.1276512, 26.4802613], [93.1280992, 26.4803014], [93.1284515, 26.4805198], [93.1286074, 26.4807153], [93.1287487, 26.4809292], [93.129881, 26.4813974], [93.1310415, 26.4819781], [93.1323834, 26.4829571], [93.1332869, 26.4835071], [93.134089, 26.4842084], [93.1348627, 26.4847838], [93.1355816, 26.4851886], [93.1359083, 26.4851951], [93.1361054, 26.4850553], [93.1362547, 26.4848125], [93.1362527, 26.4843606], [93.1360667, 26.4841658], [93.1356222, 26.4838816], [93.1350619, 26.4835863], [93.1347392, 26.4833492], [93.1340661, 26.4827807], [93.1330219, 26.4818496], [93.1326344, 26.4814421], [93.132391, 26.4809774], [93.132237, 26.4804745], [93.132292, 26.4798993], [93.1324586, 26.4795522], [93.1325235, 26.4791622], [93.1324922, 26.478738], [93.1324614, 26.4783364], [93.1323501, 26.4781174], [93.1321512, 26.4778143], [93.1318772, 26.4775174], [93.1312948, 26.4771458], [93.1308215, 26.4769119], [93.1304454, 26.4767438], [93.1297024, 26.4765609], [93.128503, 26.4762161], [93.1273175, 26.475636], [93.1268899, 26.4752293], [93.1261405, 26.4751867], [93.1257247, 26.4752273], [93.1253829, 26.475212], [93.1249817, 26.4750444], [93.1245129, 26.4747878], [93.124154, 26.4747006], [93.1233373, 26.4745825], [93.1226982, 26.474533], [93.1223688, 26.4746078], [93.1217645, 26.4747338], [93.1212796, 26.4746312], [93.1204479, 26.4743236], [93.1191577, 26.4737683], [93.1186685, 26.4735031], [93.1183513, 26.4730896], [93.1178059, 26.4724053], [93.1175909, 26.4722517], [93.1167898, 26.4723412], [93.1157314, 26.4725762], [93.1147498, 26.4726786], [93.1141482, 26.4725243], [93.1133142, 26.4723207], [93.1126455, 26.4722898], [93.1118438, 26.4721668], [93.1113022, 26.4720067], [93.1108553, 26.4718173], [93.1105285, 26.4714221], [93.1103984, 26.4710588], [93.1104427, 26.4706466], [93.1106478, 26.4704253], [93.1110656, 26.4702717], [93.1117983, 26.470256], [93.1124214, 26.4702698], [93.1128531, 26.4700753], [93.1132085, 26.4696519], [93.113629, 26.4696022], [93.1139282, 26.4697133], [93.1144129, 26.4700012], [93.1147413, 26.4700755], [93.1151393, 26.469936], [93.1156184, 26.4696319], [93.1158123, 26.4693702], [93.1157446, 26.4690869], [93.1153999, 26.4687734], [93.1147144, 26.4684898], [93.1143688, 26.4681401], [93.1144254, 26.4678135], [93.1145837, 26.4677243], [93.1146733, 26.4677121], [93.114939, 26.467676], [93.1157264, 26.4678309], [93.1165605, 26.468039], [93.1182154, 26.4685232], [93.1199732, 26.4691002], [93.1200435, 26.4691032], [93.1202454, 26.4689498], [93.1202988, 26.468691], [93.1201751, 26.468192], [93.1195302, 26.4673516], [93.1190025, 26.4669562], [93.1187579, 26.4666315], [93.1188414, 26.4663721], [93.1191012, 26.4663213], [93.1194187, 26.4663642], [93.1198922, 26.4668015], [93.1203445, 26.4670042], [93.1207791, 26.4669181], [93.1209501, 26.4667382], [93.1209643, 26.4665164], [93.1207755, 26.4658335], [93.1205642, 26.4650607], [93.1207006, 26.4645244], [93.1209583, 26.4642025], [93.1212879, 26.4641367], [93.1217892, 26.4642932], [93.122461, 26.4646313], [93.123261, 26.4648808], [93.1239031, 26.4650477], [93.1247207, 26.4652019], [93.1254934, 26.4651808], [93.1262657, 26.4651416], [93.127033, 26.4651025], [93.1277833, 26.4648062], [93.1283408, 26.4644326], [93.1283688, 26.4641609], [93.1278129, 26.4636486], [93.1274285, 26.4635438], [93.1271275, 26.4635548], [93.1268697, 26.4636824], [93.1265545, 26.4639151], [93.1261134, 26.4641325], [93.1256837, 26.4642141], [93.1253262, 26.4641766], [93.12478, 26.4638403], [93.1244497, 26.4635039], [93.1237836, 26.4620539], [93.1236657, 26.4617717], [93.1235647, 26.4613716], [93.1236656, 26.4610124], [93.1239838, 26.4608926], [93.1244552, 26.4608689], [93.12517, 26.4605598], [93.1254091, 26.4601072], [93.1253725, 26.4598639], [93.1250421, 26.4597128], [93.1244123, 26.4594416], [93.1240831, 26.4593357], [93.1236827, 26.459385], [93.1232655, 26.4595567], [93.1228535, 26.4597372], [93.1223515, 26.4599288], [93.1219689, 26.4598918], [93.1216229, 26.459723], [93.1214494, 26.4594284], [93.121351, 26.4589334], [93.1211494, 26.4587162], [93.1205875, 26.4587328], [93.1193528, 26.4583751], [93.1188927, 26.4580641], [93.1185813, 26.4580617], [93.1183507, 26.4580757], [93.1179826, 26.4582056], [93.1176048, 26.4583493], [93.1172789, 26.45818], [93.1169628, 26.4578072], [93.1168923, 26.45742], [93.1169172, 26.4566512], [93.1168616, 26.456449], [93.1166185, 26.4561785], [93.1161472, 26.4560168], [93.115621, 26.4558654], [93.115235, 26.4556974], [93.114571, 26.4552732], [93.1142162, 26.4549554], [93.1137457, 26.4544412], [93.1132899, 26.4539132], [93.1125999, 26.4532636], [93.1115145, 26.4522789], [93.1104162, 26.4513759], [93.109699, 26.4510252], [93.1086135, 26.4502258], [93.1072509, 26.4495815], [93.1056258, 26.4490693], [93.105151, 26.448962], [93.1046088, 26.4489645], [93.1040819, 26.4489757], [93.1038934, 26.4488713], [93.1038778, 26.4486592], [93.1039504, 26.4483639], [93.1043658, 26.4477449], [93.1048774, 26.447151], [93.1055565, 26.4470099], [93.1060648, 26.4470578], [93.1064963, 26.4472384], [93.1069279, 26.4472292], [93.1079146, 26.4471403], [93.1085979, 26.4469676], [93.1094135, 26.4466744], [93.1099575, 26.4467396], [93.1102246, 26.4469689], [93.1105288, 26.4472698], [93.1109261, 26.4474872], [93.1111008, 26.4474473], [93.1110966, 26.4470994], [93.1110881, 26.4465844], [93.1108938, 26.4460733], [93.1105178, 26.4457108], [93.1099312, 26.4453617], [93.1089185, 26.4446557], [93.1086714, 26.444426], [93.1086465, 26.4440514], [93.1087176, 26.4437019], [93.1094305, 26.4429409], [93.1096775, 26.4427865], [93.110285, 26.4427871], [93.1108355, 26.4427211], [93.11112, 26.4424664], [93.1110914, 26.4423359], [93.1106311, 26.4420159], [93.1104175, 26.4417221], [93.1104332, 26.4415546], [93.110817, 26.4414515], [93.1126787, 26.441606], [93.1137307, 26.44171], [93.1147756, 26.4419227], [93.1155937, 26.442104], [93.1162206, 26.4422713], [93.1168095, 26.4423265], [93.1176498, 26.4422091], [93.1183395, 26.4420904], [93.1183388, 26.4418734], [93.1182056, 26.4417106], [93.1181209, 26.4416069], [93.1175821, 26.4413563], [93.117137, 26.4412303], [93.1163346, 26.4410757], [93.1154914, 26.4408949], [93.1143229, 26.4405629], [93.1135081, 26.4401239], [93.1132181, 26.439981], [93.1123947, 26.4395963], [93.1119933, 26.4394151], [93.1116685, 26.4394718], [93.1112797, 26.4395795], [93.1107768, 26.4397349], [93.1104468, 26.4397871], [93.110122, 26.439654], [93.1097752, 26.4392592], [93.1092611, 26.4386103], [93.1090636, 26.4379773], [93.1090329, 26.4373813], [93.1090777, 26.4366075], [93.1088179, 26.4362741], [93.1085349, 26.4360135], [93.1082012, 26.4359212], [93.1079011, 26.4359638], [93.1075938, 26.436115], [93.1074024, 26.4362818], [93.1072741, 26.4365557], [93.1070995, 26.4369797], [93.1067285, 26.4373809], [93.1063601, 26.437687], [93.106159, 26.4376778], [93.1053009, 26.4369278], [93.1047709, 26.4362476], [93.1041588, 26.4354968], [93.1037125, 26.4351358], [93.1033946, 26.4350748], [93.10284, 26.4347928], [93.1014276, 26.4337744], [93.1008636, 26.4335153], [93.0999518, 26.4332048], [93.0995097, 26.4330018], [93.099164, 26.4330272], [93.0990265, 26.4331431], [93.0990279, 26.4333872], [93.0990957, 26.4338648], [93.09948, 26.4353074], [93.0996514, 26.435715], [93.1001144, 26.4363333], [93.1003224, 26.4367989], [93.1002686, 26.4370441], [93.10011, 26.4371198], [93.0997562, 26.4372223], [93.0995662, 26.4372489], [93.0991822, 26.4371577], [93.0984937, 26.4367475], [93.0981073, 26.4363716], [93.0977277, 26.4360633], [93.0966843, 26.4355206], [93.0953792, 26.434762], [93.0950646, 26.4346331], [93.094921, 26.4347084], [93.0948927, 26.4347768], [93.0948941, 26.4350209], [93.0950944, 26.435577], [93.0953677, 26.4360412], [93.0960054, 26.4366197], [93.0972369, 26.4378273], [93.0976754, 26.4380847], [93.098364, 26.438305], [93.098677, 26.4383707], [93.0989394, 26.4386136], [93.0992244, 26.438951], [93.0995479, 26.4396085], [93.0999073, 26.4399127], [93.1002609, 26.4399956], [93.100878, 26.4397881], [93.1013026, 26.4395169], [93.1019661, 26.438974], [93.1024617, 26.4389227], [93.1027653, 26.4390111], [93.1031236, 26.4392747], [93.1034597, 26.4396426], [93.1038226, 26.439888], [93.1043092, 26.4400674], [93.1049958, 26.4402109], [93.1053517, 26.4403796], [93.1055499, 26.4408544], [93.1055521, 26.4411256], [93.1053498, 26.4414508], [93.1048768, 26.441601], [93.1043055, 26.4416403], [93.1039098, 26.4416759], [93.1035357, 26.4419595], [93.1033073, 26.4422446], [93.1033113, 26.4423982], [93.1033354, 26.4425513], [93.1036511, 26.4429107], [93.10381, 26.4432237], [93.1037374, 26.443519], [93.1032488, 26.4438367], [93.1016949, 26.444697], [93.101192, 26.4448523], [93.1005909, 26.4449058], [93.1001069, 26.4450201], [93.0997168, 26.4452679], [93.099432, 26.4457033], [93.0992741, 26.4458061], [93.0990317, 26.4457525], [93.0988861, 26.4455613], [93.0987638, 26.4453018], [93.0986873, 26.4446842], [93.0985303, 26.4446333], [93.0979604, 26.4449166], [93.0974323, 26.4450725], [93.0972635, 26.4449541], [93.0972343, 26.4446067], [93.0972017, 26.4439385], [93.0970858, 26.4437331], [93.0968857, 26.4437599], [93.0964309, 26.4442216], [93.0960166, 26.4445016], [93.0958291, 26.4444378], [93.0957311, 26.4443359], [93.0954264, 26.4438226], [93.0950126, 26.4435512], [93.0943232, 26.4434891], [93.0938223, 26.4433415], [93.0934535, 26.4430646], [93.0919607, 26.441849], [93.0919447, 26.4414335], [93.0919299, 26.4408689], [93.0916618, 26.4405989], [93.0913266, 26.4404524], [93.0909039, 26.4404162], [93.0901382, 26.4403149], [93.0900254, 26.4402802], [93.089713, 26.4401838], [93.0892296, 26.4399365], [93.0885512, 26.4395261], [93.0878252, 26.4390263], [93.0871245, 26.4385349], [93.0865802, 26.4382618], [93.0858965, 26.4380322], [93.0842829, 26.4375693], [93.0829093, 26.4372595], [93.0820648, 26.4372186], [93.0813191, 26.4368122], [93.0812347, 26.4367661], [93.0807794, 26.4362515], [93.0791391, 26.4351473], [93.0783087, 26.4348757], [93.0776347, 26.4346323], [93.0767547, 26.4341899], [93.0760081, 26.4336679], [93.0752826, 26.4331816], [93.0740502, 26.4327074], [93.0733624, 26.4325081], [93.0723709, 26.4322172], [93.071421, 26.4317898], [93.0707476, 26.431569], [93.0701493, 26.4315319], [93.0697486, 26.4317618], [93.0695302, 26.4320467], [93.0696064, 26.4322756], [93.0699482, 26.4326796], [93.0703013, 26.4331286], [93.0703242, 26.433431], [93.0700593, 26.433667], [93.0698786, 26.4338607], [93.069919, 26.4340632], [93.0705922, 26.4348535], [93.0706082, 26.4350836], [93.0705514, 26.4352159], [93.0699764, 26.4353049], [93.0688629, 26.4353419], [93.0685018, 26.4351597], [93.0683606, 26.4347514], [93.0683024, 26.4340566], [93.0678767, 26.4335188], [93.067615, 26.4334926], [93.0667022, 26.4335254], [93.065939, 26.4335189], [93.0656577, 26.4333215], [93.0656289, 26.4329831], [93.0658994, 26.4325752], [93.0671567, 26.4312848], [93.0673388, 26.4309811], [93.0677735, 26.4307098], [93.0693043, 26.4301216], [93.0705027, 26.4296805], [93.0717787, 26.4293327], [93.0725514, 26.4295107], [93.0732596, 26.4299115], [93.0739473, 26.4301049], [93.074508, 26.4300433], [93.0752522, 26.4297067], [93.0762344, 26.4292566], [93.0779805, 26.4286502], [93.0790835, 26.4284054], [93.079282, 26.4285096], [93.0793808, 26.428833], [93.0793815, 26.4290499], [93.0791835, 26.4295422], [93.0791815, 26.4298496], [93.0792067, 26.4302377], [93.0792665, 26.430607], [93.079469, 26.4308649], [93.0800078, 26.4309258], [93.080966, 26.4307112], [93.0816122, 26.4308511], [93.0823147, 26.4310306], [93.0834548, 26.4314358], [93.0836703, 26.4316165], [93.083672, 26.4318741], [93.0836737, 26.4323215], [93.0835544, 26.4327488], [93.0836089, 26.4332991], [93.0837398, 26.4335042], [93.0840856, 26.4336731], [93.0844153, 26.4336119], [93.0846614, 26.4330417], [93.0849699, 26.4321674], [93.0855106, 26.431921], [93.0859577, 26.4319341], [93.086523, 26.432243], [93.0872246, 26.4327704], [93.0890557, 26.4340648], [93.0892537, 26.434151], [93.0897883, 26.4334798], [93.0900255, 26.4331448], [93.0902729, 26.4331983], [93.0911453, 26.433921], [93.0913316, 26.4339441], [93.0916144, 26.4338161], [93.0916482, 26.4335713], [93.0915597, 26.4332614], [93.0907891, 26.4325908], [93.08929, 26.4317051], [93.0887064, 26.4316543], [93.0883202, 26.431667], [93.0876452, 26.4317717], [93.0870993, 26.4318195], [93.0864296, 26.4315489], [93.0855951, 26.4309294], [93.0846274, 26.4302087], [93.0844298, 26.4297519], [93.0842275, 26.4293133], [93.0838747, 26.4292575], [93.0831957, 26.4292086], [93.0827702, 26.4288696], [93.0813106, 26.4271876], [93.0809277, 26.4263642], [93.0809105, 26.425899], [93.0812435, 26.4253858], [93.0812003, 26.4250794], [93.0808321, 26.4248205], [93.0792823, 26.4242929], [93.0790665, 26.424293], [93.0788704, 26.4244734], [93.0787142, 26.4248337], [93.0784984, 26.4250281], [93.078224, 26.4250927], [93.0779399, 26.4249812], [93.0776077, 26.424369], [93.07751, 26.4240864], [93.0773831, 26.4234563], [93.076856, 26.4224912], [93.0764064, 26.4216149], [93.0762215, 26.4210675], [93.0762515, 26.4206781], [93.0767413, 26.4204056], [93.0774427, 26.4199705], [93.0775836, 26.4195969], [93.0774824, 26.4191832], [93.0773246, 26.4191007], [93.0767723, 26.4190943], [93.0760613, 26.4191591], [93.0756142, 26.4191459], [93.0749951, 26.4190822], [93.0743784, 26.4189144], [93.0730356, 26.4188163], [93.0727358, 26.4188678], [93.0717639, 26.4195166], [93.0711522, 26.4199272], [93.0708366, 26.4199519], [93.0703326, 26.4196824], [93.0697162, 26.4191395], [93.0691939, 26.4187437], [93.0691187, 26.4187498], [93.0687745, 26.4190238], [93.068446, 26.4195143], [93.068187, 26.4199807], [93.0680317, 26.4205716], [93.0680626, 26.4213709], [93.0679454, 26.4222682], [93.0677621, 26.422941], [93.0674451, 26.4231058], [93.0670753, 26.4231679], [93.0667752, 26.423016], [93.0656854, 26.4212583], [93.0656882, 26.420978], [93.0660724, 26.4205044], [93.0662604, 26.4202067], [93.0657184, 26.4200192], [93.0650695, 26.4199651], [93.0644732, 26.4198105], [93.0640847, 26.4195384], [93.0640478, 26.4194646], [93.0638146, 26.4189973], [93.0632859, 26.4185474], [93.0625835, 26.4181735], [93.0624536, 26.4180045], [93.0627418, 26.4176956], [93.0632283, 26.4171024], [93.0630975, 26.4168972], [93.0622144, 26.4169113], [93.0615874, 26.4169245], [93.0613291, 26.416835], [93.0611429, 26.4166265], [93.061217, 26.4161911], [93.0611593, 26.4159031], [93.0609431, 26.4158895], [93.0604848, 26.4160212], [93.0602562, 26.4161119], [93.0591924, 26.4163151], [93.0582683, 26.4162938], [93.0575109, 26.4163143], [93.0570782, 26.416468], [93.0566258, 26.4166357], [93.0566106, 26.4168258], [93.0568241, 26.417314], [93.056941, 26.4177589], [93.0568552, 26.4181268], [93.0565614, 26.4184132], [93.0563506, 26.4184131], [93.0560662, 26.4182835], [93.0557643, 26.4180639], [93.0554649, 26.4177448], [93.0552511, 26.4176272], [93.0551191, 26.4177656], [93.0550359, 26.4180385], [93.0552014, 26.4184237], [93.0555879, 26.4188088], [93.0557767, 26.4191212], [93.0557726, 26.4193518], [93.055632, 26.4195445], [93.0553621, 26.4195864], [93.0548312, 26.4194393], [93.0543588, 26.4192233], [93.0538012, 26.4188192], [93.0533624, 26.4183493], [93.0528621, 26.4176367], [93.0523947, 26.4170319], [93.0519096, 26.4165178], [93.0509493, 26.4156792], [93.0506816, 26.415617], [93.0502813, 26.4156661], [93.0497917, 26.4159476], [93.0495902, 26.4161145], [93.0493891, 26.4166836], [93.0492759, 26.4171561], [93.0492611, 26.4173597], [93.0492607, 26.4177349], [93.048856, 26.4189727], [93.0487113, 26.4193915], [93.0487421, 26.4196123], [93.0489586, 26.4198337], [93.0493117, 26.4198987], [93.0496443, 26.4195618], [93.0499987, 26.4190979], [93.0505018, 26.4189472], [93.0508196, 26.4190083], [93.0511886, 26.4193034], [93.0514319, 26.4195875], [93.0515734, 26.4200139], [93.0516203, 26.4202751], [93.0515168, 26.4203495], [93.0514031, 26.4204152], [93.0507569, 26.4204649], [93.050548, 26.4205416], [93.0504309, 26.4206706], [93.0505001, 26.4208228], [93.0512624, 26.4213808], [93.0518336, 26.4217259], [93.0520638, 26.4220871], [93.0522662, 26.4225394], [93.0525194, 26.4228188], [93.0528193, 26.4229616], [93.0531483, 26.4228734], [93.0543206, 26.4218183], [93.0545067, 26.4214438], [93.0547286, 26.42129], [93.0550913, 26.4213411], [93.0564365, 26.4215343], [93.0568826, 26.4215069], [93.0572367, 26.4218067], [93.0574074, 26.4221963], [93.0573371, 26.422582], [93.0569499, 26.4229426], [93.0561929, 26.4235597], [93.0561343, 26.4238185], [93.0562611, 26.4240599], [93.0564465, 26.4242413], [93.0565479, 26.4244742], [93.0557181, 26.4251876], [93.0551206, 26.4253764], [93.0547186, 26.4253623], [93.054301, 26.4251315], [93.0538613, 26.4250142], [93.0531809, 26.4251008], [93.0527937, 26.4252716], [93.0526609, 26.4253738], [93.052576, 26.425588], [93.0525603, 26.4259499], [93.0531941, 26.4271614], [93.0533647, 26.4275465], [93.0537271, 26.4277784], [93.0547849, 26.4277246], [93.0558183, 26.4276984], [93.0560463, 26.4277794], [93.0560465, 26.4279828], [93.0559887, 26.4282688], [93.0556726, 26.4286641], [93.0553598, 26.4287972], [93.0543684, 26.4290892], [93.0536425, 26.4297462], [93.0533477, 26.4297976], [93.0523309, 26.4300811], [93.050812, 26.4311298], [93.0503739, 26.4322418], [93.0497408, 26.4331906], [93.0495562, 26.4334295], [93.0492111, 26.4334774], [93.048595, 26.433531], [93.048451, 26.4335927], [93.0483543, 26.4339292], [93.0482384, 26.4344966], [93.0479948, 26.4345876], [93.0459813, 26.4349881], [93.0452245, 26.4348128], [93.0448425, 26.4345993], [93.0447365, 26.434579], [93.0445364, 26.4346057], [93.0442362, 26.4350323], [93.0441337, 26.4355362], [93.0441552, 26.436756], [93.0439653, 26.4371803], [93.0437769, 26.4372701], [93.043621, 26.4372598], [93.0432422, 26.4369785], [93.0429635, 26.4366815], [93.0423929, 26.4361646], [93.0417353, 26.4357761], [93.0413947, 26.4356115], [93.040451, 26.4352245], [93.0395476, 26.4348457], [93.0392495, 26.4345762], [93.0391738, 26.434171], [93.039103, 26.4333726], [93.0389301, 26.4326708], [93.038918, 26.4326217], [93.0386896, 26.4321338], [93.0382677, 26.4315415], [93.0379529, 26.4312166], [93.0377055, 26.4309612], [93.0370637, 26.4305995], [93.0364258, 26.4305857], [93.035779, 26.4304184], [93.0352617, 26.430018], [93.0342814, 26.4289899], [93.0336396, 26.4284338], [93.0329831, 26.4282803], [93.031696, 26.4282032], [93.0310539, 26.4280222], [93.0301203, 26.4276349], [93.0294514, 26.4271969], [93.0290038, 26.4267723], [93.027906, 26.425462], [93.0272503, 26.4247525], [93.0250791, 26.4226916], [93.0243888, 26.4221997], [93.0238049, 26.4219407], [93.0230347, 26.4216584], [93.0220489, 26.4213852], [93.021266, 26.4211935], [93.0204055, 26.4209131], [93.0192808, 26.4205071], [93.0179904, 26.4202989], [93.0168079, 26.4203776], [93.0157933, 26.4205478], [93.0147048, 26.4207738], [93.0137787, 26.4210687], [93.0126348, 26.421481], [93.0105488, 26.4223513], [93.0088305, 26.4230738], [93.0079461, 26.4234311], [93.0047085, 26.4246143], [93.0040677, 26.4246818], [93.0025947, 26.4243958], [93.0016403, 26.4241715], [93.0009158, 26.4239107], [93.0007376, 26.4238105], [93.0005594, 26.4237102], [93.0, 26.4234675], [92.9992394, 26.4231601], [92.996761, 26.422827], [92.9966254, 26.4228208], [92.9959604, 26.4229766], [92.9953241, 26.4231711], [92.9946824, 26.4230588], [92.9936594, 26.4226219], [92.9923254, 26.4218332], [92.9908742, 26.4212336], [92.9860073, 26.4189046], [92.9851297, 26.4184044], [92.9833597, 26.4176159], [92.9825876, 26.4173412], [92.9821766, 26.4172783], [92.9819262, 26.4174725], [92.9814706, 26.4181001], [92.9807198, 26.4192424], [92.9800091, 26.4203937], [92.9797088, 26.4208904], [92.9792818, 26.4207779], [92.9785097, 26.4205663], [92.977196, 26.4199715], [92.9759774, 26.4191826], [92.9755661, 26.4187812], [92.9753702, 26.4182623], [92.9753145, 26.417617], [92.9750834, 26.416859], [92.9744815, 26.4163449], [92.9740351, 26.4160067], [92.9733032, 26.41575], [92.9724809, 26.4152947], [92.9720646, 26.4149565], [92.9711266, 26.4139914], [92.9703942, 26.4131705], [92.9698024, 26.4126203], [92.9695316, 26.4123948], [92.9678776, 26.412283], [92.967196, 26.412315], [92.9664995, 26.4124914], [92.9650866, 26.4130925], [92.9643901, 26.4133186], [92.9636885, 26.4133822], [92.9621347, 26.4132522], [92.9619704, 26.4131756], [92.961864, 26.413126], [92.9618288, 26.412932], [92.9620792, 26.412643], [92.962184, 26.4120924], [92.9622938, 26.4114154], [92.9626494, 26.411027], [92.9632606, 26.410801], [92.9645383, 26.4103174], [92.965109, 26.4095453], [92.9656789, 26.4075458], [92.9656784, 26.4069455], [92.9655529, 26.4066252], [92.9653374, 26.4065757], [92.9650718, 26.4065623], [92.9645257, 26.4068515], [92.9637744, 26.4074973], [92.9631482, 26.4077684], [92.9628273, 26.4076242], [92.9622708, 26.4073492], [92.9606918, 26.406804], [92.9603159, 26.406723], [92.9598999, 26.4067097], [92.9595993, 26.4069039], [92.9595795, 26.4071612], [92.9595798, 26.4075809], [92.95951, 26.408127], [92.958989, 26.4084342], [92.9583475, 26.4083849], [92.9579864, 26.4080963], [92.957901, 26.4077578], [92.9578806, 26.4072434], [92.9576649, 26.4069366], [92.9567977, 26.4066618], [92.9564778, 26.406641], [92.9562464, 26.406626], [92.9558353, 26.406387], [92.9556347, 26.4061615], [92.9554942, 26.4058547], [92.9553638, 26.405728], [92.9552434, 26.4056111], [92.9547572, 26.4054354], [92.9534792, 26.4053232], [92.9525821, 26.4052424], [92.952116, 26.405193], [92.9518302, 26.4050488], [92.9517599, 26.4047735], [92.9517245, 26.4042275], [92.9514184, 26.4035823], [92.9505758, 26.4024996], [92.9502998, 26.4018724], [92.9502442, 26.401209], [92.9506543, 26.399855], [92.9509043, 26.3989206], [92.9506634, 26.3983386], [92.9500718, 26.3978741], [92.9497159, 26.3976486], [92.9496264, 26.3976374], [92.94932, 26.3975991], [92.9489092, 26.3977618], [92.9485184, 26.3980328], [92.9477671, 26.3985837], [92.947231, 26.3987464], [92.9463791, 26.3987288], [92.9458779, 26.3985981], [92.9455371, 26.3985983], [92.945001, 26.3988603], [92.9445001, 26.3992306], [92.943944, 26.3995197], [92.9430321, 26.3997773], [92.9424609, 26.39994], [92.9421654, 26.4001342], [92.9417588, 26.4006702], [92.9415327, 26.4009683], [92.941243, 26.4013502], [92.9412339, 26.4013621], [92.9412246, 26.4013761], [92.9410894, 26.4015777], [92.9409232, 26.4018255], [92.9407639, 26.4020631], [92.9401945, 26.4029122], [92.9401623, 26.4029602], [92.9397516, 26.4034613], [92.9391955, 26.4038], [92.9391417, 26.4038032], [92.9381332, 26.4038636], [92.9374013, 26.4035254], [92.9363987, 26.4028985], [92.935316, 26.4024477], [92.9342433, 26.4018027], [92.9332279, 26.401128], [92.9331505, 26.4010766], [92.932228, 26.4001427], [92.9293908, 26.3984018], [92.9285838, 26.3979823], [92.9275463, 26.3975133], [92.9268093, 26.3969017], [92.9265788, 26.3967104], [92.9260876, 26.3964668], [92.9257268, 26.3964805], [92.9252609, 26.396625], [92.9245292, 26.3965937], [92.923993, 26.3964991], [92.9235619, 26.3962555], [92.9230457, 26.39603], [92.9227601, 26.3960166], [92.9226194, 26.3961162], [92.9221888, 26.3964213], [92.9220336, 26.3965313], [92.9215326, 26.396739], [92.9211769, 26.39687], [92.9205855, 26.3968025], [92.9202848, 26.3966581], [92.9200492, 26.3963694], [92.9199438, 26.3959001], [92.919944, 26.3958982], [92.9200338, 26.3952727], [92.9206396, 26.3937382], [92.9209951, 26.3930295], [92.9210253, 26.392903], [92.9211952, 26.39219], [92.9211199, 26.3918832], [92.9209867, 26.391751], [92.9209245, 26.3916892], [92.9206038, 26.3917073], [92.9205732, 26.3917328], [92.9205035, 26.391791], [92.9203332, 26.3919331], [92.920208, 26.3921618], [92.9201975, 26.3921808], [92.9201379, 26.3922896], [92.9198174, 26.3926282], [92.9195622, 26.3928077], [92.9194066, 26.3929171], [92.91868, 26.3930302], [92.9174072, 26.3930125], [92.9172923, 26.3929992], [92.9156182, 26.3928053], [92.9145909, 26.3925303], [92.9139645, 26.3924357], [92.9135918, 26.3924071], [92.9135536, 26.3924042], [92.9130876, 26.3925487], [92.9126417, 26.3927745], [92.9110336, 26.3943724], [92.9109335, 26.3946928], [92.911094, 26.395293], [92.9112349, 26.3976623], [92.9112001, 26.3984837], [92.9111651, 26.398759], [92.9110693, 26.3989721], [92.9110048, 26.3991155], [92.9106841, 26.399242], [92.9104135, 26.3991788], [92.9098772, 26.3988224], [92.9093307, 26.3975499], [92.9090097, 26.3966474], [92.9088492, 26.3961329], [92.9085635, 26.3957629], [92.9082929, 26.3956637], [92.9079521, 26.3956638], [92.9061482, 26.3960206], [92.9058112, 26.3961814], [92.9058075, 26.3961832], [92.9056271, 26.396454], [92.9056373, 26.397149], [92.9056775, 26.3974874], [92.9059432, 26.3978574], [92.9063191, 26.3981958], [92.9065146, 26.3984846], [92.9066257, 26.3988319], [92.9066951, 26.3990487], [92.9068556, 26.3996624], [92.9068556, 26.3996805], [92.9068546, 26.3996932], [92.9068406, 26.3998746], [92.9065901, 26.4000822], [92.9063897, 26.4001635], [92.9062143, 26.4001816], [92.9059437, 26.4000191], [92.9055527, 26.3998567], [92.905212, 26.399938], [92.9051768, 26.3999697], [92.9050667, 26.4000689], [92.9050667, 26.4002765], [92.905137, 26.4006015], [92.9051468, 26.4006328], [92.9052824, 26.4010663], [92.9052825, 26.4013551], [92.9051773, 26.4016169], [92.905052, 26.4018109], [92.9048516, 26.4019057], [92.9046211, 26.4019374], [92.9025162, 26.4016173], [92.9018547, 26.4014279], [92.9014788, 26.4010398], [92.9010828, 26.4004442], [92.900777, 26.3997492], [92.9003759, 26.3987971], [92.9003757, 26.397908], [92.9004235, 26.3971714], [92.9004657, 26.3965225], [92.9003252, 26.3957959], [92.8999393, 26.3952951], [92.8992427, 26.3947626], [92.8987966, 26.3943926], [92.8987063, 26.3939368], [92.8984557, 26.3932464], [92.8981405, 26.392902], [92.8979394, 26.3926823], [92.897338, 26.3916489], [92.8967816, 26.3904395], [92.8963005, 26.3899071], [92.8960288, 26.3897336], [92.8956304, 26.3894792], [92.8954385, 26.3893566], [92.8946718, 26.3888557], [92.8942859, 26.3884541], [92.8942848, 26.3884477], [92.8941605, 26.387714], [92.8937295, 26.3869559], [92.8937226, 26.3869489], [92.8934468, 26.3866733], [92.8932284, 26.386455], [92.892567, 26.3863106], [92.8920859, 26.3864235], [92.8918159, 26.3866667], [92.8917102, 26.386762], [92.8916, 26.3872945], [92.892011, 26.3884047], [92.8923368, 26.3891313], [92.8922617, 26.3896006], [92.8920863, 26.3898263], [92.8917456, 26.3899075], [92.8890546, 26.388617], [92.8888943, 26.3883418], [92.8889844, 26.3876964], [92.8891998, 26.3867306], [92.8897609, 26.3856971], [92.889744, 26.3854117], [92.8897408, 26.3853586], [92.8895805, 26.3850698], [92.8892948, 26.3848758], [92.8888288, 26.3847449], [92.888418, 26.3847134], [92.8879019, 26.3847766], [92.8872355, 26.3850023], [92.886559, 26.3851016], [92.8858626, 26.3848895], [92.8852713, 26.3845375], [92.8848604, 26.3841494], [92.8841589, 26.383987], [92.8836578, 26.3838742], [92.8833021, 26.3835538], [92.8830315, 26.3831025], [92.8830253, 26.3830401], [92.8829675, 26.3824582], [92.8829463, 26.382245], [92.8827308, 26.3815997], [92.8822448, 26.3807603], [92.8820869, 26.3804724], [92.8820343, 26.3803767], [92.8820143, 26.3800382], [92.8821583, 26.3797987], [92.8822097, 26.3797133], [92.8822335, 26.3796901], [92.8824602, 26.3794696], [92.8832117, 26.3793432], [92.884304, 26.3793567], [92.8853211, 26.3794695], [92.8858072, 26.3796996], [92.8862381, 26.38002], [92.886664, 26.3803088], [92.8878615, 26.3808909], [92.888563, 26.3811165], [92.8891342, 26.381473], [92.8895902, 26.3819875], [92.8900763, 26.3825696], [92.8909565, 26.3835284], [92.8910117, 26.3835886], [92.8916297, 26.3842618], [92.8921308, 26.3845551], [92.8928825, 26.3847491], [92.8935126, 26.3849807], [92.893619, 26.3850198], [92.8946714, 26.3856967], [92.895388, 26.3861975], [92.8959442, 26.3866488], [92.8963, 26.386906], [92.8964495, 26.3869178], [92.8969264, 26.3869555], [92.8981239, 26.3869238], [92.8988405, 26.3870546], [92.8992585, 26.3869873], [92.899542, 26.3869416], [92.8997932, 26.3868275], [92.9001482, 26.3866663], [92.900318, 26.3864427], [92.9003436, 26.386409], [92.9003435, 26.3861337], [92.9001631, 26.3857953], [92.8990556, 26.38478], [92.8986997, 26.3843739], [92.8983239, 26.3843288], [92.8976876, 26.3845049], [92.8975073, 26.384717], [92.8970764, 26.3847983], [92.8966855, 26.3846675], [92.8964149, 26.3843471], [92.8962194, 26.3838281], [92.8958586, 26.3834401], [92.895573, 26.3832505], [92.894696, 26.3827317], [92.8935185, 26.3822173], [92.8930675, 26.3819285], [92.8930324, 26.3817164], [92.8931494, 26.3816025], [92.8935535, 26.3815404], [92.893819, 26.3815719], [92.894285, 26.3815854], [92.8943744, 26.3814501], [92.8944103, 26.3813958], [92.894295, 26.3811522], [92.8933632, 26.3795776], [92.8930867, 26.3790112], [92.8929268, 26.3786837], [92.8922854, 26.3779256], [92.892202, 26.3778121], [92.8918344, 26.3773119], [92.8917492, 26.3769599], [92.891659, 26.3765086], [92.8914435, 26.3763281], [92.8913141, 26.3762583], [92.8904944, 26.3758161], [92.8904565, 26.3757956], [92.8899403, 26.3752], [92.8897449, 26.3748615], [92.8897105, 26.3746304], [92.8896898, 26.3744914], [92.8897268, 26.3744285], [92.8897849, 26.3743296], [92.8898701, 26.3741845], [92.8898887, 26.3741777], [92.890316, 26.374022], [92.890817, 26.3739588], [92.8914433, 26.3739091], [92.8918541, 26.3738143], [92.8921196, 26.3736383], [92.892335, 26.3734893], [92.8926958, 26.3734893], [92.893302, 26.3738774], [92.8949205, 26.3753304], [92.8952613, 26.3757004], [92.8953147, 26.3760261], [92.8953515, 26.376251], [92.8953516, 26.3771037], [92.8953517, 26.377122], [92.8954569, 26.3773296], [92.8955123, 26.3773585], [92.8957074, 26.3774604], [92.8959229, 26.3775236], [92.8962636, 26.3776499], [92.8966043, 26.3778439], [92.8967898, 26.3782004], [92.8968439, 26.3784143], [92.89688, 26.3785569], [92.8968774, 26.3785903], [92.896845, 26.3790082], [92.8969152, 26.3793783], [92.8970054, 26.3796039], [92.8978023, 26.381057], [92.8980329, 26.3814586], [92.8983977, 26.3818679], [92.8990247, 26.382909], [92.8990903, 26.383038], [92.8992676, 26.3833613], [92.8994813, 26.383751], [92.8998922, 26.3839901], [92.9003231, 26.3841661], [92.9004591, 26.3841979], [92.9008242, 26.3842833], [92.9013053, 26.3843284], [92.9019316, 26.3845404], [92.9024177, 26.3848292], [92.9027585, 26.385136], [92.902954, 26.3854112], [92.9031344, 26.3854924], [92.9033097, 26.3854247], [92.9033484, 26.3853491], [92.9033999, 26.3852487], [92.9037153, 26.3842648], [92.904572, 26.3836509], [92.9048425, 26.3833304], [92.9053235, 26.3830731], [92.9065146, 26.3826719], [92.9076132, 26.3824589], [92.9079538, 26.3822152], [92.9079898, 26.3821064], [92.9081241, 26.3817006], [92.9080338, 26.3814931], [92.9079085, 26.3813126], [92.9078673, 26.3812786], [92.9077331, 26.3811682], [92.9073172, 26.3810239], [92.9065656, 26.3810421], [92.9064359, 26.3810495], [92.9054583, 26.3811054], [92.904797, 26.3812003], [92.9042759, 26.3812501], [92.903865, 26.3811373], [92.9036896, 26.3809749], [92.9036495, 26.3807357], [92.9037246, 26.3805416], [92.9038999, 26.3804423], [92.9043509, 26.3803971], [92.9050273, 26.3802977], [92.9054231, 26.3801713], [92.9058338, 26.3797018], [92.9063347, 26.3790744], [92.9071062, 26.3786862], [92.9083386, 26.3780722], [92.9089648, 26.3776704], [92.9093556, 26.377571], [92.909556, 26.3776206], [92.9098216, 26.3778146], [92.9103328, 26.3782974], [92.9106886, 26.378523], [92.9116757, 26.3787304], [92.9133743, 26.3789556], [92.9138561, 26.3789702], [92.9144114, 26.378987], [92.915629, 26.3791807], [92.9163456, 26.3794062], [92.9168466, 26.3794557], [92.9170771, 26.379424], [92.9171472, 26.3792796], [92.917097, 26.3789231], [92.916756, 26.3782147], [92.9161996, 26.377425], [92.9161645, 26.3771001], [92.9162896, 26.3768112], [92.91635, 26.3767619], [92.9164499, 26.3766803], [92.9165952, 26.3766803], [92.916916, 26.3769239], [92.9174973, 26.3774066], [92.9186049, 26.3784082], [92.919467, 26.3793738], [92.9196826, 26.3797438], [92.9196827, 26.3799085], [92.9196827, 26.3799559], [92.9194673, 26.3801816], [92.9192722, 26.3802725], [92.9190215, 26.3803893], [92.9189361, 26.3804855], [92.9188211, 26.380615], [92.9188563, 26.380809], [92.9190217, 26.3809715], [92.919067, 26.3810067], [92.9195379, 26.381373], [92.9206856, 26.3821624], [92.9210765, 26.3823744], [92.9212719, 26.3823563], [92.9215624, 26.3822614], [92.9218128, 26.3817604], [92.9218727, 26.3810835], [92.9218745, 26.3810097], [92.9218924, 26.3803117], [92.9220876, 26.3796483], [92.922163, 26.3795141], [92.9222678, 26.3793278], [92.9226786, 26.3790524], [92.9231245, 26.378971], [92.9237157, 26.3788896], [92.9240364, 26.3789707], [92.9242869, 26.3790835], [92.9249684, 26.3791826], [92.9253442, 26.379214], [92.9255396, 26.3791327], [92.92577, 26.3789882], [92.925845, 26.3787445], [92.9258449, 26.3785008], [92.9256995, 26.3781985], [92.9255591, 26.3779864], [92.9253787, 26.3778737], [92.9251282, 26.3778106], [92.9248426, 26.3778423], [92.9244318, 26.3778559], [92.9238555, 26.3777929], [92.9232041, 26.3775359], [92.9225776, 26.3770351], [92.9217206, 26.3764036], [92.9213277, 26.3761894], [92.9206282, 26.3758082], [92.9197261, 26.3750187], [92.9192623, 26.3747267], [92.9190596, 26.3745992], [92.9186887, 26.3743736], [92.9182729, 26.3743105], [92.9177918, 26.3741663], [92.9173458, 26.3737963], [92.9170601, 26.3734218], [92.9167758, 26.3728879], [92.9167694, 26.3728758], [92.9165835, 26.3714723], [92.9166937, 26.371179], [92.9167838, 26.3709713], [92.9171594, 26.370696], [92.9182665, 26.3700999], [92.9191781, 26.36968], [92.919609, 26.369567], [92.9201196, 26.3695669], [92.9203254, 26.3695668], [92.9203813, 26.3695597], [92.9208213, 26.3695035], [92.9211269, 26.3693229], [92.921197, 26.3691785], [92.9211968, 26.3686008], [92.9210364, 26.3683256], [92.920981, 26.3682815], [92.9205102, 26.367906], [92.9200642, 26.3676309], [92.9191523, 26.3673423], [92.9182404, 26.3669544], [92.9172281, 26.3662146], [92.9172229, 26.3662107], [92.9165316, 26.3657003], [92.9162409, 26.3652174], [92.9162057, 26.3648293], [92.9162607, 26.3645405], [92.916395, 26.364338], [92.9165812, 26.3640575], [92.9167063, 26.3638138], [92.9167263, 26.3634753], [92.9166666, 26.3634025], [92.9163303, 26.3629925], [92.9151778, 26.3620406], [92.914767, 26.3619459], [92.9143211, 26.361928], [92.9134444, 26.361865], [92.9128332, 26.3615763], [92.9124423, 26.3611567], [92.9120815, 26.3606558], [92.912118, 26.3604591], [92.9122165, 26.3599292], [92.9121613, 26.3596539], [92.9118756, 26.3591079], [92.9111641, 26.3585756], [92.9105178, 26.3581244], [92.9094808, 26.357899], [92.9086942, 26.3575246], [92.9085227, 26.3571011], [92.9084987, 26.3570417], [92.9086559, 26.3565621], [92.9086939, 26.356446], [92.9087358, 26.3564071], [92.9090595, 26.3561074], [92.9095053, 26.3559133], [92.9102968, 26.3558003], [92.9105973, 26.3556242], [92.9106695, 26.3555021], [92.9107976, 26.3552857], [92.9109026, 26.3548479], [92.9108124, 26.354541], [92.9106962, 26.3544657], [92.9102212, 26.3541576], [92.9093093, 26.3535124], [92.9091689, 26.3530115], [92.9092705, 26.3527602], [92.9093642, 26.3525286], [92.9097556, 26.3520952], [92.9107598, 26.3524669], [92.9111134, 26.3525978], [92.9141541, 26.3532766], [92.9164536, 26.3540026], [92.9179973, 26.3546706], [92.9183924, 26.3548415], [92.9201684, 26.3556099], [92.9203314, 26.3556804], [92.9209226, 26.3556687], [92.9216153, 26.3553308], [92.923152, 26.3549285], [92.9237893, 26.3548374], [92.9264455, 26.3544575], [92.9277246, 26.3542746], [92.9281053, 26.3541075], [92.9281039, 26.3539936], [92.928095, 26.3532204], [92.9280897, 26.3528258], [92.9286506, 26.3523788], [92.9293752, 26.3523107], [92.9298829, 26.352263], [92.9300782, 26.3522178], [92.9301784, 26.3521456], [92.9310922, 26.3514686], [92.9319861, 26.3508046], [92.931996, 26.3507981], [92.9325771, 26.3507934], [92.9327377, 26.3509866], [92.9337393, 26.3521918], [92.9338514, 26.3523267], [92.9340506, 26.3525664], [92.9344314, 26.3527739], [92.9346217, 26.3527129], [92.934812, 26.3526519], [92.9350999, 26.3523336], [92.9353878, 26.3520153], [92.9358877, 26.3517543], [92.9359587, 26.3517172], [92.9380177, 26.3518673], [92.9384335, 26.3519935], [92.9384442, 26.3520433], [92.9386694, 26.3530971], [92.9388949, 26.3533001], [92.9395462, 26.3531348], [92.9400542, 26.3526813], [92.9404951, 26.3522805], [92.9409045, 26.3519082], [92.940963, 26.3518551], [92.9409471, 26.3517467], [92.9405255, 26.350384], [92.9399083, 26.3481594], [92.9398529, 26.3477081], [92.9400077, 26.3470847], [92.9401229, 26.3466204], [92.9405934, 26.344454], [92.9407284, 26.3440567], [92.9413443, 26.3432325], [92.9413541, 26.3432261], [92.9420077, 26.3428396], [92.9427211, 26.3424221], [92.9440722, 26.3416182], [92.9443672, 26.3414351], [92.9445378, 26.3413292], [92.9448713, 26.3408533], [92.9450692, 26.3405708], [92.9450706, 26.3405594], [92.9452986, 26.3387023], [92.9454108, 26.3377876], [92.9455278, 26.3368338], [92.9456125, 26.3359267], [92.945845, 26.3354309], [92.9460718, 26.3349472], [92.9460878, 26.3349472], [92.9459669, 26.3337377], [92.9457163, 26.3334716], [92.9453253, 26.3329753], [92.94544, 26.3319147], [92.9453948, 26.331811], [92.9449487, 26.3313034], [92.9438613, 26.3301012], [92.9434531, 26.3297526], [92.9433753, 26.3296862], [92.9431998, 26.3292812], [92.9430293, 26.3288876], [92.9430475, 26.3285586], [92.943064, 26.3282603], [92.9430985, 26.3272087], [92.9426877, 26.3269622], [92.9423169, 26.3267397], [92.941493, 26.3265189], [92.940669, 26.3262982], [92.9398112, 26.3252335], [92.93884, 26.3241372], [92.9383441, 26.3239479], [92.9376829, 26.3237766], [92.9375176, 26.3236413], [92.9368712, 26.322924], [92.9368143, 26.3229164], [92.9356233, 26.3227576], [92.9349358, 26.322637], [92.9348529, 26.3226224], [92.9340638, 26.3219255], [92.9325964, 26.3208786], [92.9323305, 26.3207415], [92.9322761, 26.3207134], [92.9313863, 26.3202544], [92.9309705, 26.3200289], [92.9306591, 26.3197177], [92.9304582, 26.3190576], [92.9304242, 26.318946], [92.9301536, 26.318409], [92.9299632, 26.3183775], [92.9298251, 26.3184495], [92.9285063, 26.3191362], [92.9284904, 26.3191362], [92.9281756, 26.3186218], [92.9281747, 26.3185863], [92.9281654, 26.3181931], [92.9280698, 26.3170378], [92.9280247, 26.3169837], [92.9277233, 26.3168439], [92.9270799, 26.3165657], [92.9267324, 26.3164155], [92.9252762, 26.3156185], [92.9244174, 26.3149839], [92.9243732, 26.3148818], [92.9241829, 26.3146923], [92.921378, 26.3131813], [92.9210475, 26.3130505], [92.9210316, 26.3130506], [92.9203314, 26.3129876], [92.9198857, 26.3127575], [92.9194399, 26.3125275], [92.9189793, 26.312848], [92.9184865, 26.3132328], [92.9184678, 26.3132363], [92.9174872, 26.3133674], [92.9173971, 26.3134622], [92.9173321, 26.3135705], [92.9173647, 26.3139384], [92.9172617, 26.3155795], [92.9177535, 26.3165563], [92.9179383, 26.3170725], [92.9164831, 26.3176795], [92.9163419, 26.3177002], [92.9143262, 26.3175631], [92.9135625, 26.3175384], [92.9123455, 26.3170513], [92.9112838, 26.3169567], [92.9111937, 26.3168349], [92.9111386, 26.3167176], [92.9110534, 26.316501], [92.91096, 26.3163263], [92.9107979, 26.3160227], [92.9106175, 26.315779], [92.9104372, 26.315594], [92.9079432, 26.3143085], [92.9069981, 26.3141758], [92.9067829, 26.3141135], [92.9066343, 26.3140373], [92.9065132, 26.31394], [92.906178, 26.3135575], [92.9059202, 26.3132581], [92.9057112, 26.3130193], [92.9055107, 26.3129029], [92.9049625, 26.3126614], [92.904566, 26.3125203], [92.9043148, 26.3124312], [92.903872, 26.3122738], [92.9037443, 26.3122282], [92.9036718, 26.3122021], [92.9024834, 26.31143], [92.9007691, 26.3102643], [92.8993784, 26.3094222], [92.8985843, 26.308995], [92.8981937, 26.3085889], [92.8976543, 26.3074567], [92.8973325, 26.3068607], [92.8972773, 26.3067853], [92.8969262, 26.306508], [92.8968469, 26.3064946], [92.8964286, 26.3064892], [92.8963184, 26.3064982], [92.8962133, 26.3064711], [92.8959228, 26.3063583], [92.8951617, 26.3058033], [92.8946258, 26.305334], [92.8944205, 26.3050452], [92.8943203, 26.3048421], [92.8939644, 26.3036192], [92.8939184, 26.3033569], [92.893921, 26.3032167], [92.8940477, 26.3023371], [92.8940474, 26.302285], [92.8940461, 26.3020379], [92.8938861, 26.301339], [92.8937289, 26.2998012], [92.8934381, 26.296782], [92.8931624, 26.2939704], [92.8931523, 26.2929279], [92.8932022, 26.2919802], [92.8932705, 26.2914852], [92.8933273, 26.291073], [92.8933372, 26.2904141], [92.8932576, 26.2900064], [92.893257, 26.2900035], [92.8928014, 26.2892408], [92.8927977, 26.2892355], [92.8922506, 26.2884466], [92.89182, 26.2879727], [92.8912542, 26.2875892], [92.8905482, 26.2872237], [92.889637, 26.286953], [92.8886608, 26.2868131], [92.8879399, 26.2868267], [92.886503, 26.2871156], [92.8864864, 26.2871202], [92.8856764, 26.2873433], [92.8854217, 26.2874135], [92.8846356, 26.2875399], [92.8840699, 26.2875264], [92.8839208, 26.2874834], [92.8835843, 26.2873865], [92.8829234, 26.2869894], [92.8822976, 26.2863801], [92.8819806, 26.2860437], [92.8816768, 26.2857213], [92.8797101, 26.2837265], [92.8791994, 26.2841154], [92.8765461, 26.2861364], [92.8745386, 26.287754], [92.8733119, 26.288995], [92.8730154, 26.2893835], [92.8723305, 26.2902837], [92.8719723, 26.2904658], [92.8718748, 26.2905139], [92.8713793, 26.2907527], [92.8710432, 26.2909144], [92.8702628, 26.2912897], [92.8700269, 26.2914029], [92.8686429, 26.2924971], [92.8677551, 26.2930356], [92.8662929, 26.2938791], [92.8652263, 26.2935597], [92.8648194, 26.2934378], [92.8646141, 26.2933518], [92.8639783, 26.2930857], [92.8629519, 26.2928825], [92.8619756, 26.2928824], [92.8614149, 26.2930177], [92.8612434, 26.2931538], [92.8611368, 26.2932385], [92.8611194, 26.2932523], [92.8609492, 26.2935231], [92.860839, 26.2938751], [92.860843, 26.2940336], [92.8608539, 26.2944663], [92.8608188, 26.2947867], [92.8607055, 26.2950008], [92.8606134, 26.2951748], [92.860333, 26.2953463], [92.8596771, 26.2953778], [92.8586507, 26.2954137], [92.8576257, 26.2956769], [92.8575442, 26.2956979], [92.8561623, 26.295648], [92.8556567, 26.2954584], [92.8554514, 26.2953591], [92.8553013, 26.2950206], [92.8552864, 26.2943617], [92.8551997, 26.2942114], [92.8549661, 26.2938065], [92.8545906, 26.2937071], [92.8542952, 26.2937071], [92.853918, 26.2939877], [92.8538646, 26.2940274], [92.8530192, 26.2957319], [92.8529129, 26.2958821], [92.8528377, 26.2961348], [92.8529582, 26.2965406], [92.8529878, 26.2966403], [92.8530809, 26.2969191], [92.8532079, 26.2972993], [92.8532479, 26.2976513], [92.8530426, 26.297922], [92.8522564, 26.298328], [92.852118, 26.2983894], [92.8510045, 26.2988829], [92.8503486, 26.2989866], [92.8495522, 26.2989864], [92.8493772, 26.2989864], [92.8490633, 26.2991338], [92.8490217, 26.2991533], [92.8487212, 26.2996948], [92.8487611, 26.2999791], [92.8491165, 26.3003492], [92.849245, 26.3003793], [92.8496372, 26.3004712], [92.8505534, 26.3008415], [92.8516198, 26.3012794], [92.8520752, 26.3015591], [92.8522005, 26.3016361], [92.8528514, 26.3018889], [92.8534722, 26.302056], [92.8543285, 26.3019885], [92.8543527, 26.3019833], [92.8550245, 26.3018397], [92.8555452, 26.3016863], [92.8557505, 26.3018398], [92.8557154, 26.3021602], [92.8556605, 26.3024302], [92.8556402, 26.3025303], [92.8544433, 26.3033559], [92.8532814, 26.3044027], [92.8526304, 26.3048584], [92.8518242, 26.3049937], [92.8512634, 26.3049078], [92.8507979, 26.30447], [92.8507229, 26.3039103], [92.8508289, 26.3037514], [92.8510411, 26.3034339], [92.8512488, 26.3031207], [92.8511888, 26.3028499], [92.8509836, 26.3027144], [92.8503677, 26.3028497], [92.8497517, 26.3032693], [92.8490405, 26.30391], [92.8483092, 26.3047899], [92.8477282, 26.3055795], [92.8472624, 26.3059359], [92.8467767, 26.3059855], [92.8460456, 26.305886], [92.8453347, 26.3057324], [92.8439879, 26.3051093], [92.8436325, 26.3047527], [92.8436126, 26.304333], [92.8435427, 26.3036921], [92.8428319, 26.3029473], [92.8423815, 26.302189], [92.8423066, 26.3017015], [92.8423818, 26.3013134], [92.8425873, 26.30079], [92.8426775, 26.3004876], [92.8423323, 26.2998938], [92.8412064, 26.297635], [92.8411866, 26.2967234], [92.841317, 26.296051], [92.8415425, 26.2955095], [92.8414125, 26.2949859], [92.8412424, 26.2944804], [92.8411326, 26.2936365], [92.8411326, 26.2935158], [92.8411327, 26.2932308], [92.8411327, 26.2932123], [92.8413731, 26.2928738], [92.8416385, 26.2927566], [92.8421391, 26.2929778], [92.8427198, 26.293163], [92.8429102, 26.2929961], [92.8429724, 26.2928754], [92.8430404, 26.2927434], [92.8431908, 26.2922199], [92.8431948, 26.2922128], [92.8435264, 26.2916288], [92.8435451, 26.2916229], [92.8438969, 26.2915116], [92.8445528, 26.2914621], [92.8447031, 26.291241], [92.8447032, 26.2907852], [92.8438627, 26.2888444], [92.8436225, 26.2883885], [92.8433572, 26.2882711], [92.8429867, 26.2883703], [92.8424779, 26.2886208], [92.8421255, 26.2887943], [92.8412092, 26.2890603], [92.8404782, 26.2890285], [92.8401076, 26.288816], [92.8400686, 26.2887937], [92.8398635, 26.2883198], [92.8399388, 26.2878324], [92.8406853, 26.2862305], [92.8412113, 26.285134], [92.8412737, 26.2850055], [92.841582, 26.2843714], [92.8415672, 26.2838343], [92.8411568, 26.2834641], [92.8409906, 26.2834157], [92.8408273, 26.283368], [92.8401656, 26.283175], [92.8392295, 26.2830755], [92.8377877, 26.2830751], [92.8368716, 26.2828898], [92.8366392, 26.2827364], [92.8358456, 26.2822125], [92.8349498, 26.2813863], [92.8339939, 26.2805918], [92.8331532, 26.279919], [92.8321823, 26.278989], [92.8315519, 26.2781945], [92.8309868, 26.2767457], [92.830522, 26.2749403], [92.8303722, 26.274164], [92.8300519, 26.2738435], [92.8294013, 26.2736086], [92.8285202, 26.2736579], [92.8278094, 26.2737073], [92.8272487, 26.2738064], [92.826768, 26.2736618], [92.8264078, 26.2735533], [92.8260525, 26.2732508], [92.8259321, 26.2728968], [92.8256226, 26.271987], [92.8252323, 26.2717161], [92.8251313, 26.2717198], [92.8238857, 26.2717652], [92.8224641, 26.2716473], [92.8213431, 26.2710918], [92.8196064, 26.2704683], [92.8188007, 26.2700257], [92.8187662, 26.2699831], [92.8184856, 26.2696374], [92.8183706, 26.2693169], [92.8183559, 26.2687799], [92.8184213, 26.2682407], [92.8184665, 26.2678683], [92.8185272, 26.2678066], [92.818782, 26.267548], [92.8194178, 26.2672955], [92.8201286, 26.2673319], [92.8212349, 26.2673143], [92.8216254, 26.2670437], [92.8217006, 26.266773], [92.8216657, 26.2665383], [92.8215507, 26.2663035], [92.820825, 26.2660641], [92.8202563, 26.2660286], [92.8195136, 26.2659823], [92.8185777, 26.2657292], [92.8185286, 26.2656704], [92.8183926, 26.2655079], [92.8184329, 26.2649844], [92.8185297, 26.2647944], [92.8185432, 26.2647679], [92.8191789, 26.2646327], [92.8199448, 26.2645157], [92.82004, 26.2643443], [92.819945, 26.2642269], [92.8196298, 26.2638883], [92.8194247, 26.2637032], [92.8186939, 26.263739], [92.8177979, 26.2636844], [92.8167685, 26.263441], [92.8146749, 26.2631279], [92.8140593, 26.2629246], [92.8138743, 26.2625544], [92.8139646, 26.2621483], [92.8143403, 26.2617468], [92.8155368, 26.2613367], [92.8157849, 26.2612992], [92.8161925, 26.2612377], [92.8170134, 26.2611884], [92.8173539, 26.2609854], [92.8173619, 26.2609318], [92.8173891, 26.2607508], [92.8173342, 26.2603942], [92.8170542, 26.2598706], [92.8170544, 26.2594012], [92.8172599, 26.2588282], [92.8171301, 26.2583542], [92.81683, 26.2578983], [92.8163381, 26.2574544], [92.8163097, 26.2574287], [92.8162738, 26.2573488], [92.8161797, 26.2571398], [92.8162549, 26.2569232], [92.8163179, 26.2568838], [92.8166655, 26.2566662], [92.8168859, 26.2566556], [92.8169458, 26.2566527], [92.8172811, 26.2566348], [92.8173926, 26.2564902], [92.8174514, 26.2564138], [92.8174487, 26.2563945], [92.8173168, 26.2554524], [92.8172997, 26.25535], [92.8172753, 26.2552044], [92.817227, 26.2549153], [92.817152, 26.2547619], [92.8166815, 26.2548113], [92.8158256, 26.2548651], [92.8154703, 26.2546934], [92.8153755, 26.2541879], [92.8153422, 26.2529392], [92.814749, 26.2512725], [92.8144462, 26.250636], [92.8141108, 26.2501106], [92.8138965, 26.2497513], [92.813892, 26.2497412], [92.8138066, 26.2495482], [92.8137517, 26.2491555], [92.813787, 26.248808], [92.8138673, 26.2484109], [92.8140527, 26.2478514], [92.8140579, 26.2476122], [92.8138879, 26.2472105], [92.8138058, 26.2470884], [92.8136479, 26.2468538], [92.8132678, 26.2463663], [92.8131708, 26.2462122], [92.8129578, 26.2458742], [92.8128779, 26.2456169], [92.8127831, 26.2451701], [92.8127235, 26.2443035], [92.8126938, 26.2438297], [92.812695, 26.2437931], [92.8127039, 26.2435273], [92.8127591, 26.2433378], [92.8128535, 26.2431621], [92.8129895, 26.2429091], [92.8131099, 26.2425572], [92.8132957, 26.241429], [92.8132759, 26.2410002], [92.8132643, 26.240919], [92.8131961, 26.2404406], [92.8132614, 26.240048], [92.8133767, 26.2397186], [92.8136772, 26.2392855], [92.8139225, 26.2391367], [92.8145431, 26.2389745], [92.8151938, 26.2388935], [92.8162304, 26.2386619], [92.8163125, 26.2384962], [92.8163129, 26.2384954], [92.8163367, 26.2373206], [92.8162781, 26.2371193], [92.8161319, 26.2369064], [92.8157642, 26.2365912], [92.8156905, 26.2365289], [92.8155049, 26.2363752], [92.8154857, 26.2363592], [92.8149534, 26.2358251], [92.8146874, 26.2353444], [92.8146582, 26.2348104], [92.8149691, 26.233239], [92.8150438, 26.2328617], [92.8151, 26.2327908], [92.8151918, 26.2326748], [92.8155174, 26.2324614], [92.816849, 26.231848], [92.819808, 26.2305143], [92.8201323, 26.2303937], [92.8202525, 26.230366], [92.8204276, 26.230339], [92.8206028, 26.2303165], [92.820878, 26.2303212], [92.8222591, 26.2304345], [92.8228646, 26.2304122], [92.82334, 26.2303312], [92.8237954, 26.230205], [92.8238502, 26.2301888], [92.824391, 26.2300292], [92.8247463, 26.2298578], [92.8250366, 26.2296594], [92.8255425, 26.2287163], [92.8260533, 26.2277237], [92.8268948, 26.2259503], [92.8270251, 26.2255848], [92.8270802, 26.225305], [92.8270403, 26.225111], [92.8269202, 26.2249981], [92.8264301, 26.2245421], [92.8264064, 26.2245212], [92.8259449, 26.2241132], [92.8256248, 26.2238107], [92.8250046, 26.2231561], [92.8246346, 26.2226775], [92.8237594, 26.2216753], [92.8226291, 26.2206233], [92.8218139, 26.2198783], [92.8214789, 26.2194495], [92.8211239, 26.2189529], [92.8203838, 26.2181583], [92.8196386, 26.2174945], [92.8188934, 26.2167947], [92.8182634, 26.2160814], [92.8180118, 26.2157737], [92.8179534, 26.2157021], [92.8171982, 26.2149797], [92.8168581, 26.2147494], [92.816438, 26.2145371], [92.8159077, 26.2142932], [92.8152975, 26.2140853], [92.8151324, 26.2140491], [92.8147521, 26.2140625], [92.8138013, 26.2143599], [92.8128905, 26.2146529], [92.8109589, 26.2153154], [92.8092117, 26.2159424], [92.8085458, 26.2159963], [92.8081253, 26.215978], [92.8077453, 26.2158929], [92.8075596, 26.2158513], [92.8071391, 26.2158511], [92.8066484, 26.2159954], [92.8062227, 26.2162164], [92.8057671, 26.2163833], [92.8055217, 26.2164238], [92.8050661, 26.2164281], [92.8043753, 26.2164097], [92.8039697, 26.2164727], [92.8033688, 26.2166936], [92.8030183, 26.216847], [92.8027017, 26.2170733], [92.8025575, 26.2171764], [92.8019264, 26.217596], [92.801656, 26.2177404], [92.8013405, 26.217808], [92.7999634, 26.2184123], [92.7998436, 26.2184846], [92.7996082, 26.2186267], [92.7976222, 26.2192573], [92.7970517, 26.2193382], [92.7954504, 26.2195223], [92.7949912, 26.2195463], [92.7945948, 26.219567], [92.7940594, 26.2195666], [92.7935991, 26.2195077], [92.7935556, 26.2193481], [92.7935093, 26.2191782], [92.7933506, 26.2173458], [92.7933365, 26.2160505], [92.793526, 26.2137534], [92.79396, 26.2118628], [92.7940855, 26.211204], [92.7941566, 26.2107119], [92.7942153, 26.2103058], [92.7943118, 26.2096381], [92.7943561, 26.2095624], [92.7944469, 26.209407], [92.7944621, 26.2093809], [92.7945233, 26.2092886], [92.7947307, 26.2089757], [92.7948556, 26.2087874], [92.7948778, 26.2087538], [92.7949646, 26.2086242], [92.7952047, 26.2082657], [92.7952718, 26.2081654], [92.7952735, 26.2081629], [92.7952751, 26.2081594], [92.7952795, 26.2081502], [92.7953571, 26.2079872], [92.7953937, 26.2079102], [92.7954253, 26.2077398], [92.7954389, 26.2076665], [92.7954641, 26.2074409], [92.7954242, 26.2072423], [92.7953043, 26.2070843], [92.7946892, 26.2067454], [92.7944391, 26.2065828], [92.7942192, 26.2063299], [92.7940343, 26.2059913], [92.7940031, 26.2058953], [92.7939594, 26.2057611], [92.7939246, 26.2054587], [92.7939522, 26.2052689], [92.7939548, 26.2052512], [92.793995, 26.2050526], [92.7941339, 26.204798], [92.7941403, 26.2047864], [92.7941688, 26.2047624], [92.7944456, 26.2045294], [92.794771, 26.2043174], [92.7954967, 26.2039388], [92.797026, 26.2032968], [92.7975693, 26.2031779], [92.7979642, 26.2031387], [92.7984423, 26.2030165], [92.7999549, 26.2023681], [92.8005986, 26.2020438], [92.80125, 26.2018414], [92.8019561, 26.2018278], [92.8021734, 26.2019049], [92.8020893, 26.2017323], [92.8020576, 26.2016689], [92.7968674, 26.1995178], [92.7961603, 26.1992248], [92.7942754, 26.1990129], [92.7936507, 26.198978], [92.7928449, 26.1988069], [92.7910591, 26.1983927], [92.7883068, 26.1972907], [92.7874838, 26.1969485], [92.7865446, 26.1966373], [92.7859007, 26.196543], [92.7855184, 26.196694], [92.7848135, 26.1973262], [92.7840513, 26.1981784], [92.7834635, 26.1986573], [92.7827347, 26.1987889], [92.7817718, 26.1987596], [92.7816947, 26.1987573], [92.7816714, 26.1987566], [92.780713, 26.1987156], [92.77991, 26.1986379], [92.7792051, 26.1987436], [92.7780151, 26.1990327], [92.7771357, 26.1992483], [92.7764428, 26.1994727], [92.7763902, 26.1994771], [92.7763177, 26.1994225], [92.7761894, 26.199326], [92.7759527, 26.1982925], [92.7757399, 26.1972332], [92.7758259, 26.196245], [92.7762273, 26.1954943], [92.7768007, 26.194873], [92.7778855, 26.1940661], [92.7789488, 26.1935721], [92.779742, 26.1930284], [92.7806238, 26.1923099], [92.7808841, 26.1917382], [92.7810232, 26.1904731], [92.7800025, 26.1884989], [92.7794552, 26.187802], [92.7785327, 26.1868009], [92.7773595, 26.1864665], [92.7755937, 26.1865635], [92.7741433, 26.1863714], [92.7712163, 26.1870422], [92.7694672, 26.1870421], [92.7676994, 26.1870001], [92.7671556, 26.1869137], [92.767069, 26.1868999], [92.7661104, 26.1867475], [92.7644783, 26.186331], [92.7634031, 26.1856534], [92.7623469, 26.1849024], [92.7605381, 26.1837824], [92.7584754, 26.1824321], [92.7578097, 26.181958], [92.7556298, 26.1804877], [92.7543206, 26.1785371], [92.7543373, 26.1779136], [92.7544125, 26.1767324], [92.7544181, 26.1766443], [92.7544195, 26.1766231], [92.7546512, 26.1757666], [92.7556047, 26.1747074], [92.7568495, 26.174438], [92.7588613, 26.1733638], [92.7597429, 26.1723823], [92.7602566, 26.1714309], [92.7603561, 26.1695493], [92.7602773, 26.1685029], [92.7604661, 26.1669559], [92.7605807, 26.1663841], [92.7606007, 26.1662848], [92.7606954, 26.1658125], [92.7608957, 26.1620298], [92.7613471, 26.1604613], [92.7613257, 26.1599845], [92.7614102, 26.1594465], [92.7614253, 26.1593505], [92.7614896, 26.1589416], [92.7616984, 26.157896], [92.7617939, 26.1570029], [92.7615049, 26.1557104], [92.7612134, 26.1551839], [92.7608575, 26.1548063], [92.7602914, 26.1544459], [92.7595795, 26.1542171], [92.7581997, 26.1536284], [92.7576288, 26.1532205], [92.7573732, 26.1527868], [92.757163, 26.1520144], [92.7571872, 26.1512973], [92.757188, 26.1512751], [92.7571878, 26.1512743], [92.7570197, 26.1505904], [92.7565348, 26.1497208], [92.7555266, 26.1478481], [92.754779, 26.1464736], [92.7541078, 26.1453321], [92.7536158, 26.1446545], [92.7530234, 26.1437698], [92.7523929, 26.1427685], [92.7518753, 26.1421524], [92.7518654, 26.1421406], [92.7515092, 26.1418838], [92.7507831, 26.1417757], [92.7493953, 26.1416741], [92.7479048, 26.1416047], [92.7464334, 26.1417252], [92.7453084, 26.1418651], [92.744188, 26.1420526], [92.7421275, 26.1425335], [92.7413034, 26.1427685], [92.7400969, 26.1434176], [92.7381978, 26.1445541], [92.7374309, 26.1450955], [92.7365684, 26.1454771], [92.735515, 26.1458026], [92.7345834, 26.1460224], [92.7335179, 26.1462292], [92.7321994, 26.1461688], [92.7311625, 26.1462268], [92.7310165, 26.146208], [92.7306085, 26.1461554], [92.729976, 26.1460576], [92.7291974, 26.1460853], [92.728329, 26.146276], [92.7273842, 26.1464968], [92.7269147, 26.1467027], [92.7264609, 26.1469312], [92.7248467, 26.1480866], [92.7242326, 26.1486992], [92.7235683, 26.1494713], [92.7230497, 26.1501119], [92.7226267, 26.1507806], [92.7210935, 26.1497123], [92.7187698, 26.1477546], [92.7176238, 26.1465597], [92.716395, 26.1456702], [92.7153157, 26.1452562], [92.7141335, 26.1444485], [92.7130008, 26.1441341], [92.7117102, 26.1437422], [92.7109634, 26.1432832], [92.7059543, 26.1421313], [92.7059542, 26.1421313], [92.7062415, 26.1405028], [92.7061155, 26.1397445], [92.7054079, 26.1376772], [92.7043845, 26.135455], [92.7042958, 26.1352679], [92.7035019, 26.1335925], [92.702925, 26.1318311], [92.7026147, 26.1297314], [92.7025751, 26.1293362], [92.7024036, 26.1276236], [92.7028646, 26.1262296], [92.7038966, 26.1250818], [92.7061261, 26.1243572], [92.7126879, 26.1230936], [92.7127089, 26.1230896], [92.7146734, 26.122755], [92.7173178, 26.1226745], [92.7207928, 26.1213959], [92.7237759, 26.1202026], [92.7257009, 26.1191948], [92.7283772, 26.117936], [92.730927, 26.1164163], [92.7314142, 26.1159474], [92.731497, 26.1158676], [92.7321591, 26.1152303], [92.7325227, 26.114008], [92.7325557, 26.1138972], [92.7326829, 26.1134693], [92.7327134, 26.1125213], [92.7327557, 26.1112027], [92.7322553, 26.109209], [92.7315808, 26.1078112], [92.7315101, 26.1076645], [92.7303419, 26.1059966], [92.7290247, 26.1048384], [92.7278383, 26.103986], [92.7260113, 26.1032311], [92.7246191, 26.1024614], [92.7239452, 26.1020888], [92.7231287, 26.1014321], [92.723111, 26.1007554], [92.7237157, 26.100299], [92.725164, 26.0997736], [92.7274244, 26.0998601], [92.7299056, 26.1006518], [92.7324183, 26.1022549], [92.734146, 26.1035151], [92.7355401, 26.1039436], [92.7364514, 26.1040499], [92.7377419, 26.1039443], [92.7389465, 26.1034839], [92.7405113, 26.1022776], [92.7412006, 26.1010006], [92.7412651, 26.1008812], [92.7416171, 26.0998359], [92.7416714, 26.0983846], [92.7416085, 26.096762], [92.7412704, 26.095388], [92.740735, 26.0940004], [92.7369038, 26.0928054], [92.7343243, 26.0919515], [92.7332798, 26.0917093], [92.7318451, 26.0911918], [92.7307169, 26.0905673], [92.7304489, 26.0903205], [92.7303154, 26.0901256], [92.7300916, 26.0897584], [92.7299716, 26.0894106], [92.7299072, 26.0891472], [92.7299058, 26.088811], [92.7299361, 26.0885963], [92.7300429, 26.0883697], [92.7302455, 26.0881278], [92.730446, 26.0880227], [92.7306795, 26.0879522], [92.7309807, 26.0879275], [92.7319694, 26.087881], [92.7340351, 26.0879406], [92.7358522, 26.0879762], [92.7362509, 26.0878822], [92.7371981, 26.0874442], [92.7380322, 26.0869458], [92.7387048, 26.0864198], [92.7389747, 26.0861724], [92.739306, 26.0856333], [92.7393736, 26.0847266], [92.7392919, 26.0843646], [92.739153, 26.0838845], [92.7389079, 26.0834744], [92.7388493, 26.0833938], [92.7382764, 26.0826045], [92.7363331, 26.0808589], [92.734855, 26.0793963], [92.7338316, 26.0779795], [92.7334861, 26.0775012], [92.7326709, 26.0761549], [92.7321318, 26.0746219], [92.7320217, 26.073525], [92.7320016, 26.0726461], [92.7321345, 26.0719388], [92.7324719, 26.0712353], [92.7331196, 26.0704913], [92.7336715, 26.0701184], [92.7342847, 26.0699044], [92.7348631, 26.0697956], [92.7353372, 26.0697773], [92.7362201, 26.0699918], [92.7377875, 26.0707031], [92.7389849, 26.0715677], [92.7408015, 26.0734055], [92.7425692, 26.0743052], [92.7436441, 26.0748521], [92.7450217, 26.0752513], [92.7461784, 26.0754842], [92.7478882, 26.0754656], [92.7502284, 26.0755196], [92.7506801, 26.0755031], [92.7510092, 26.0753942], [92.7514527, 26.0750711], [92.7518882, 26.0742162], [92.7520911, 26.0736388], [92.7521366, 26.0735094], [92.7526814, 26.0719597], [92.753347, 26.0702692], [92.753856, 26.0694697], [92.7542198, 26.0690303], [92.7552663, 26.0677156], [92.755922, 26.0668087], [92.756321, 26.0662569], [92.7573573, 26.0646154], [92.75786, 26.0635626], [92.7581646, 26.0627594], [92.7582485, 26.0615646], [92.7581239, 26.0603254], [92.7579196, 26.0596459], [92.75756, 26.0589995], [92.7566446, 26.0580096], [92.7548933, 26.0568219], [92.7542477, 26.0564856], [92.753926, 26.0563989], [92.7537817, 26.05636], [92.7537038, 26.0563547], [92.7533606, 26.0567716], [92.7531405, 26.0569338], [92.7522208, 26.0572715], [92.7513362, 26.0574918], [92.7504816, 26.0577167], [92.7484501, 26.0582562], [92.7476257, 26.0586903], [92.7469315, 26.0593458], [92.7467322, 26.0599194], [92.7468776, 26.0603347], [92.747358, 26.0607949], [92.7479583, 26.061124], [92.7478939, 26.0616253], [92.7467942, 26.0618385], [92.7458592, 26.0617501], [92.7430541, 26.0614849], [92.7412342, 26.0613104], [92.739391, 26.0610863], [92.7351091, 26.0605658], [92.732699, 26.0603012], [92.7326337, 26.0602922], [92.7315668, 26.0601449], [92.728699, 26.0597488], [92.7268289, 26.0595109], [92.722004, 26.0589228], [92.7207892, 26.0587868], [92.720119, 26.0587118], [92.7173551, 26.0582984], [92.7173985, 26.0580413], [92.7173046, 26.0575087], [92.7170492, 26.0568364], [92.716679, 26.0561552], [92.7163885, 26.055176], [92.7162732, 26.054657], [92.7160765, 26.0544307], [92.7159831, 26.0543232], [92.7155783, 26.0541836], [92.7149336, 26.0539718], [92.7143439, 26.0538187], [92.7139889, 26.0535301], [92.7131487, 26.052285], [92.7128585, 26.0518112], [92.7127082, 26.0511705], [92.7124878, 26.0503763], [92.7121476, 26.0497491], [92.7116076, 26.0491537], [92.7107476, 26.0482109], [92.7099825, 26.0472185], [92.7090723, 26.0458966], [92.708867, 26.0452378], [92.7088667, 26.0448858], [92.7088954, 26.044811], [92.7090014, 26.0445337], [92.7093188, 26.0440292], [92.7094368, 26.0438415], [92.7096648, 26.0434791], [92.7098648, 26.0431612], [92.7098731, 26.0431456], [92.7098775, 26.0431374], [92.7098831, 26.0431269], [92.7101342, 26.0426556], [92.7101356, 26.0426492], [92.7102538, 26.0421004], [92.7103033, 26.0414911], [92.7103881, 26.0412293], [92.7105088, 26.0411584], [92.7105728, 26.0411209], [92.7110124, 26.0410619], [92.711417, 26.0409534], [92.7118415, 26.0406643], [92.7119526, 26.0404545], [92.7119562, 26.0404476], [92.7119667, 26.0403966], [92.712006, 26.0402039], [92.7119409, 26.0400053], [92.7117709, 26.0398068], [92.7114312, 26.0397619], [92.7109916, 26.0398073], [92.7106369, 26.0399158], [92.710487, 26.039776], [92.7105217, 26.0394736], [92.7106506, 26.0393522], [92.7112457, 26.0387917], [92.7112953, 26.0383448], [92.7112452, 26.038056], [92.7110752, 26.0379343], [92.7107055, 26.0378758], [92.7101659, 26.0377994], [92.7098959, 26.0375062], [92.7098758, 26.0373257], [92.7100604, 26.0370187], [92.7101219, 26.0369778], [92.71038, 26.0368064], [92.7107147, 26.0366843], [92.7110194, 26.0367473], [92.7113743, 26.0369728], [92.711596, 26.0372739], [92.7118493, 26.0376179], [92.7120343, 26.0377667], [92.7122541, 26.0377666], [92.7124588, 26.0375995], [92.7125542, 26.0374516], [92.7127519, 26.0371449], [92.7129129, 26.0368952], [92.7129252, 26.0368695], [92.712949, 26.0368198], [92.7130718, 26.0365626], [92.7131673, 26.0363625], [92.713317, 26.0361187], [92.7133488, 26.0361081], [92.7134519, 26.0360735], [92.7136729, 26.0360734], [92.7138565, 26.0360732], [92.714536, 26.0361315], [92.714889, 26.0362157], [92.7158201, 26.0364377], [92.7164097, 26.0364689], [92.7167293, 26.0363604], [92.7168038, 26.0362137], [92.7168141, 26.0361933], [92.716714, 26.035873], [92.7163741, 26.0356746], [92.7159393, 26.0354311], [92.7157493, 26.0352011], [92.7157191, 26.0349393], [92.7158686, 26.0344067], [92.7158684, 26.0340547], [92.7158264, 26.0339169], [92.7157982, 26.0338245], [92.7153083, 26.0333825], [92.7152992, 26.0333584], [92.7150881, 26.0328005], [92.7150877, 26.0322769], [92.7151522, 26.0315909], [92.7154066, 26.0310988], [92.7154549, 26.0310555], [92.7157224, 26.0308155], [92.7160007, 26.0305659], [92.71644, 26.0301504], [92.7165219, 26.0300087], [92.7165547, 26.0299518], [92.7165348, 26.0298967], [92.7164897, 26.0297713], [92.7161998, 26.0296812], [92.7158652, 26.0297085], [92.7150369, 26.0294416], [92.7143458, 26.0287075], [92.7141908, 26.0284819], [92.7141257, 26.0282066], [92.7140197, 26.0274249], [92.7140051, 26.0273176], [92.7138001, 26.0269702], [92.7133953, 26.0267087], [92.7127857, 26.0265556], [92.7117566, 26.0264027], [92.7113517, 26.0259787], [92.7113516, 26.0258072], [92.7114014, 26.0256402], [92.711458, 26.0256125], [92.7115106, 26.0255868], [92.7115862, 26.0255498], [92.7118909, 26.0255948], [92.7123157, 26.0259014], [92.7125505, 26.0259284], [92.7127352, 26.0257478], [92.7127468, 26.0256306], [92.712765, 26.0254454], [92.7126647, 26.0249264], [92.7127643, 26.024484], [92.7133031, 26.0234908], [92.7135227, 26.0231974], [92.7138123, 26.023125], [92.7142319, 26.0230931], [92.7146715, 26.0230613], [92.7148412, 26.0228942], [92.7148555, 26.0227708], [92.7148908, 26.0224654], [92.7148872, 26.0223909], [92.7148756, 26.0221495], [92.7146208, 26.0220143], [92.714371, 26.0220009], [92.7137417, 26.0220915], [92.7130024, 26.0220919], [92.7125627, 26.0219387], [92.7124576, 26.0217086], [92.7124415, 26.0201064], [92.7124413, 26.0198176], [92.7126109, 26.0194971], [92.7127194, 26.0194077], [92.7133348, 26.0189009], [92.7134944, 26.0185984], [92.7134742, 26.0182329], [92.7133092, 26.0180615], [92.7131132, 26.0180321], [92.7129196, 26.018003], [92.71253, 26.01808], [92.7119909, 26.0185858], [92.7118875, 26.018687], [92.7113819, 26.0191818], [92.7109625, 26.019331], [92.7107727, 26.0193311], [92.7105527, 26.0191507], [92.7105226, 26.0189341], [92.710594, 26.0187927], [92.7107072, 26.0185684], [92.7107508, 26.0184913], [92.7109455, 26.0181473], [92.7110265, 26.0180041], [92.7110263, 26.0177604], [92.7109311, 26.0176745], [92.7108414, 26.0175935], [92.7103518, 26.0175306], [92.7099123, 26.0174993], [92.7096226, 26.0175942], [92.7087694, 26.0189757], [92.7083582, 26.0198918], [92.7083368, 26.0199395], [92.7083155, 26.0199869], [92.708061, 26.0202759], [92.7078213, 26.0203392], [92.7075865, 26.0202897], [92.7069468, 26.0198342], [92.7064021, 26.0194689], [92.7062104, 26.019469], [92.7061523, 26.019469], [92.706109, 26.0195017], [92.7060325, 26.0195594], [92.7059628, 26.019943], [92.7059632, 26.0204305], [92.7052741, 26.0208415], [92.7043655, 26.0215596], [92.7041108, 26.0217899], [92.7037762, 26.0218668], [92.7033366, 26.0218038], [92.7028119, 26.0214069], [92.7027149, 26.0213054], [92.7025531, 26.021136], [92.7019672, 26.0205228], [92.7015973, 26.0202161], [92.7013076, 26.0201711], [92.7008681, 26.0202661], [92.7007133, 26.0203891], [92.7004138, 26.0206273], [92.6998746, 26.0211511], [92.6996199, 26.0211648], [92.699435, 26.0210114], [92.6994197, 26.0205556], [92.6993995, 26.0201269], [92.6992295, 26.0199735], [92.6988749, 26.0199421], [92.6984553, 26.0200326], [92.6975066, 26.0205701], [92.6966128, 26.0211166], [92.6959039, 26.0219383], [92.6952649, 26.022584], [92.6949254, 26.0228098], [92.6946556, 26.0228099], [92.6944857, 26.0226881], [92.6943857, 26.0223723], [92.6944201, 26.0213793], [92.6942, 26.0209056], [92.6939951, 26.0207342], [92.6935905, 26.0207343], [92.6933559, 26.0208879], [92.6932211, 26.021073], [92.6931941, 26.0212037], [92.6930666, 26.0218222], [92.692917, 26.0222195], [92.6927441, 26.0224576], [92.6926974, 26.0225219], [92.6925904, 26.0225762], [92.6922429, 26.0227523], [92.6918034, 26.0227525], [92.6916269, 26.0226548], [92.6915835, 26.0226307], [92.691455, 26.0222965], [92.6914134, 26.0221885], [92.6911433, 26.0213627], [92.6909034, 26.0211823], [92.6905488, 26.0211509], [92.6900793, 26.0212865], [92.6897897, 26.0215935], [92.6895657, 26.0219223], [92.6894852, 26.0220404], [92.6889663, 26.0231328], [92.6888118, 26.0239001], [92.6887778, 26.0239536], [92.688697, 26.0240807], [92.6886829, 26.0240821], [92.6885122, 26.0240988], [92.6884288, 26.0240875], [92.6877179, 26.0239908], [92.6870736, 26.0241761], [92.6867043, 26.0244304], [92.6866342, 26.0244787], [92.6865893, 26.0246728], [92.6868743, 26.0251285], [92.6873341, 26.0256924], [92.6873642, 26.0259677], [92.6873475, 26.026064], [92.6873344, 26.0261392], [92.6871446, 26.0263198], [92.6868749, 26.0263515], [92.6861505, 26.0261081], [92.6857758, 26.0261399], [92.6854412, 26.0262709], [92.6844775, 26.0271558], [92.6838455, 26.0275862], [92.6836685, 26.0277067], [92.6833638, 26.027752], [92.6832139, 26.0276618], [92.6831288, 26.0272962], [92.6829938, 26.0269894], [92.6828702, 26.0269429], [92.682754, 26.0268992], [92.6825042, 26.0268993], [92.6820646, 26.0268995], [92.6813553, 26.0269313], [92.6806958, 26.0266247], [92.6803583, 26.0263272], [92.6800711, 26.0260743], [92.6795909, 26.0252925], [92.6794613, 26.0250816], [92.6791413, 26.0244544], [92.6788865, 26.0242423], [92.6786317, 26.0242559], [92.6784121, 26.0246081], [92.6782275, 26.0252354], [92.6783128, 26.0261832], [92.6783132, 26.0269459], [92.6782852, 26.0269923], [92.6781934, 26.0271445], [92.6780435, 26.027131], [92.6778086, 26.0268739], [92.6774386, 26.0260932], [92.6772837, 26.0259579], [92.6770839, 26.0258948], [92.6769287, 26.0259814], [92.6769141, 26.0259896], [92.6768698, 26.0260696], [92.6768292, 26.0261431], [92.6767416, 26.0265714], [92.6767387, 26.0265855], [92.6767295, 26.0266305], [92.6766097, 26.0267659], [92.6765968, 26.0267705], [92.6764228, 26.0268313], [92.6763899, 26.0268427], [92.676205, 26.0267525], [92.67617, 26.026554], [92.6762047, 26.0259898], [92.6761696, 26.0256513], [92.6761346, 26.0255295], [92.6760847, 26.025516], [92.6759848, 26.0254979], [92.67575, 26.0256063], [92.6748007, 26.0250109], [92.6746158, 26.0249207], [92.6743811, 26.0249208], [92.6738217, 26.0251015], [92.6731504, 26.0250544], [92.6728753, 26.0249347], [92.6727187, 26.0249348], [92.6725209, 26.0250019], [92.672043, 26.0253075], [92.6717381, 26.025703], [92.6716509, 26.0259509], [92.6715424, 26.0262714], [92.671549, 26.0265371], [92.6715821, 26.026932], [92.6714092, 26.0273792], [92.6710047, 26.0282193], [92.6707002, 26.0288151], [92.6704654, 26.028937], [92.6701457, 26.0288739], [92.669621, 26.0284769], [92.6690465, 26.0282198], [92.6685919, 26.0282516], [92.6685458, 26.0282642], [92.6683848, 26.0283084], [92.6679825, 26.0284187], [92.667478, 26.0284956], [92.6669385, 26.0284506], [92.6664788, 26.0281889], [92.6664247, 26.0281383], [92.6659242, 26.02767], [92.6658304, 26.0274647], [92.6656892, 26.0271556], [92.665319, 26.0257279], [92.6649943, 26.0250933], [92.6649242, 26.0245923], [92.6649873, 26.0244808], [92.665029, 26.0244072], [92.6655185, 26.0241769], [92.6656683, 26.0240551], [92.6656052, 26.0239127], [92.6655683, 26.0238294], [92.6651637, 26.0235993], [92.6646041, 26.0234144], [92.6641611, 26.0233088], [92.66364, 26.0231845], [92.6631554, 26.0228506], [92.6621761, 26.0220114], [92.6615367, 26.0218265], [92.6612809, 26.0218002], [92.6607924, 26.02175], [92.6604277, 26.0217861], [92.6600731, 26.021664], [92.6587509, 26.0211359], [92.6571501, 26.0207939], [92.6565419, 26.0206871], [92.655855, 26.0208781], [92.6552398, 26.0207717], [92.6549257, 26.0204759], [92.6544674, 26.0196713], [92.6543757, 26.0191743], [92.6544266, 26.0189899], [92.6544411, 26.0189376], [92.6545719, 26.0188311], [92.6551266, 26.0185834], [92.6555796, 26.0183812], [92.6559722, 26.0180025], [92.6562497, 26.0176401], [92.6562757, 26.0169538], [92.6562233, 26.0166106], [92.6556603, 26.0157232], [92.6547831, 26.0145991], [92.6547325, 26.0143362], [92.6546783, 26.0140548], [92.6546651, 26.0132619], [92.6547021, 26.0131929], [92.6548962, 26.0128307], [92.655091, 26.0125903], [92.6552428, 26.0124029], [92.6558645, 26.0116353], [92.6568326, 26.0102743], [92.6572643, 26.0092683], [92.6574242, 26.0079769], [92.657396, 26.0077081], [92.6573062, 26.0068528], [92.6570049, 26.0054683], [92.6567954, 26.0040677], [92.6566931, 26.0033836], [92.6566311, 26.0030574], [92.6564704, 26.0022121], [92.6561032, 26.0010223], [92.655954, 26.0007655], [92.6556934, 26.0004458], [92.6555235, 26.0002472], [92.6547589, 25.9996945], [92.6544984, 25.9995873], [92.6535226, 25.999339], [92.6514137, 25.9992992], [92.650763, 25.9992895], [92.6497996, 25.9992751], [92.6483281, 25.9991355], [92.6472548, 25.9992316], [92.6468461, 25.9993864], [92.6462138, 25.9996259], [92.6449157, 25.999817], [92.6442881, 25.9997949], [92.6437812, 25.9997771], [92.6427401, 25.9994658], [92.6413289, 25.9987349], [92.6412968, 25.9987183], [92.640129, 25.9980914], [92.6392372, 25.997671], [92.638732, 25.9975785], [92.6380036, 25.9977715], [92.6378744, 25.9978496], [92.6370325, 25.9983584], [92.6368382, 25.9984767], [92.6365584, 25.9984645], [92.6362878, 25.9983302], [92.6361416, 25.9981051], [92.6360703, 25.9978661], [92.6362233, 25.9975177], [92.6363752, 25.9973267], [92.6367245, 25.9968877], [92.6369328, 25.9966204], [92.6370165, 25.9963852], [92.6370152, 25.9961504], [92.6369284, 25.9958347], [92.6365271, 25.9955475], [92.6357156, 25.9951809], [92.635215, 25.9949338], [92.6350993, 25.9948767], [92.6350107, 25.9948272], [92.634968, 25.9948033], [92.6346582, 25.9946303], [92.6342966, 25.9942978], [92.6340245, 25.9938745], [92.6339952, 25.993107], [92.6340631, 25.9922311], [92.6340698, 25.9921449], [92.6340455, 25.9913638], [92.6339954, 25.9909913], [92.633983, 25.9908989], [92.6339116, 25.9906464], [92.6335242, 25.9901695], [92.6329571, 25.9897115], [92.6322596, 25.9891682], [92.631057, 25.9885505], [92.6295902, 25.9880333], [92.6282399, 25.9878], [92.6268394, 25.9874626], [92.6260687, 25.9872769], [92.6251167, 25.9867845], [92.6238382, 25.9859864], [92.6220686, 25.984888], [92.6206557, 25.9841717], [92.6200202, 25.9839759], [92.6185512, 25.9839553], [92.6173531, 25.9841367], [92.6162991, 25.9841775], [92.6158043, 25.984148], [92.6153339, 25.9840056], [92.614937, 25.9836009], [92.6142238, 25.9819649], [92.6139718, 25.9812381], [92.6137315, 25.9805446], [92.6133067, 25.9795892], [92.6126924, 25.9786888], [92.6122297, 25.9781128], [92.6117283, 25.9777763], [92.6111976, 25.9775709], [92.6106036, 25.9775892], [92.6105133, 25.977592], [92.6095214, 25.9780208], [92.6085844, 25.9784403], [92.6078306, 25.9785565], [92.6070465, 25.978596], [92.6070114, 25.9785914], [92.6061516, 25.9784779], [92.6056307, 25.9782409], [92.6033104, 25.9768782], [92.6027437, 25.9764697], [92.6020521, 25.9760572], [92.6015666, 25.9758922], [92.6007472, 25.9758642], [92.5997188, 25.9760131], [92.5989805, 25.9762194], [92.598124, 25.9767379], [92.5976473, 25.9772953], [92.5972249, 25.9778543], [92.5971576, 25.9779184], [92.5969563, 25.9780807], [92.5968226, 25.9781884], [92.596513, 25.9782123], [92.5963107, 25.9782057], [92.5962681, 25.9782043], [92.5959025, 25.9780162], [92.5954758, 25.9776342], [92.5949109, 25.9765935], [92.5945074, 25.9757902], [92.5944515, 25.9756788], [92.593711, 25.9744989], [92.5929208, 25.9733688], [92.5926689, 25.972977], [92.5922337, 25.9717638], [92.5921773, 25.9716064], [92.5921113, 25.971417], [92.5917772, 25.9705604], [92.5912922, 25.9695239], [92.5906671, 25.9684247], [92.5901173, 25.967402], [92.5898241, 25.9667259], [92.5894274, 25.9653594], [92.5892289, 25.9646467], [92.5889224, 25.9642913], [92.5885511, 25.9639813], [92.5880255, 25.9637713], [92.5872509, 25.9636977], [92.5862722, 25.9637786], [92.5851352, 25.9641446], [92.5842929, 25.9645365], [92.5808675, 25.9657925], [92.5799995, 25.9660264], [92.5772043, 25.966458], [92.5760696, 25.9663811], [92.575885, 25.9663686], [92.5750104, 25.9662864], [92.5743149, 25.9660589], [92.573133, 25.9654587], [92.5713785, 25.9642376], [92.5683529, 25.962534], [92.5672113, 25.9620013], [92.566706, 25.9618363], [92.5660857, 25.9616582], [92.5657063, 25.9617004], [92.5650031, 25.961938], [92.5638081, 25.962706], [92.5625251, 25.9635932], [92.5624092, 25.9636734], [92.5611941, 25.9646141], [92.5610606, 25.9647174], [92.5603977, 25.9650362], [92.5598785, 25.965097], [92.5588631, 25.9651048], [92.5586697, 25.9651063], [92.5573454, 25.9649942], [92.5548237, 25.9652029], [92.5536853, 25.9652977], [92.553478, 25.9653225], [92.5528665, 25.9653958], [92.5519591, 25.9657606], [92.5513211, 25.9660476], [92.5507736, 25.9664742], [92.5505059, 25.9668907], [92.5505038, 25.9668943], [92.5504872, 25.966923], [92.5500055, 25.9677552], [92.5498129, 25.9679513], [92.5498113, 25.967953], [92.5497501, 25.9680153], [92.5496227, 25.968145], [92.5480755, 25.9694651], [92.5476625, 25.9698153], [92.5472943, 25.9701275], [92.5468418, 25.9704967], [92.5464996, 25.9707758], [92.5464663, 25.970803], [92.5463489, 25.9708988], [92.5462098, 25.9710387], [92.5460136, 25.971236], [92.5460108, 25.9712388], [92.545857, 25.9714607], [92.5458575, 25.9715645], [92.5460491, 25.9719431], [92.5463527, 25.9724067], [92.5471462, 25.9736186], [92.5475221, 25.9741915], [92.5479766, 25.9748842], [92.5492304, 25.9769429], [92.5496585, 25.9776638], [92.5509689, 25.9789907], [92.5511556, 25.9793828], [92.5514863, 25.9806278], [92.5517264, 25.9817061], [92.5520142, 25.9823326], [92.5522856, 25.9826793], [92.5525521, 25.9830848], [92.5529248, 25.9836521], [92.5542033, 25.9856023], [92.5554568, 25.9875391], [92.5561776, 25.988713], [92.5565706, 25.9895034], [92.5573665, 25.9908324], [92.5583184, 25.9923865], [92.5589679, 25.9933908], [92.5601133, 25.9948452], [92.5618392, 25.9971138], [92.5623873, 25.9979183], [92.562554, 25.998163], [92.5630972, 25.9989014], [92.5640766, 25.999918], [92.5647437, 26.000411], [92.565183, 26.0007272], [92.5668307, 26.0014501], [92.5671401, 26.001906], [92.5673843, 26.0028267], [92.5673136, 26.0042664], [92.5666752, 26.0058711], [92.5665434, 26.0062023], [92.5661632, 26.007511], [92.565974, 26.0094085], [92.5659422, 26.0097268], [92.5662263, 26.0107243], [92.5669552, 26.0116635], [92.5686724, 26.0132483], [92.5709945, 26.0144317], [92.5737112, 26.0151684], [92.5794895, 26.0170887], [92.5823412, 26.0183262], [92.5844386, 26.0193243], [92.5854325, 26.0197037], [92.5885541, 26.0206162], [92.5908516, 26.0210953], [92.5928845, 26.0213576], [92.5934412, 26.02143], [92.5937886, 26.0214752], [92.5943277, 26.0229105], [92.5944207, 26.0235319], [92.5944324, 26.02361], [92.5943174, 26.0236868], [92.5941326, 26.0236912], [92.5936033, 26.0231902], [92.5932037, 26.0230953], [92.592779, 26.0236322], [92.592722, 26.0237729], [92.5925731, 26.0241404], [92.5922891, 26.0248416], [92.5918673, 26.0257424], [92.5918242, 26.0258344], [92.5913849, 26.0266098], [92.5913793, 26.0266197], [92.5913325, 26.0266908], [92.5911225, 26.0270097], [92.5908732, 26.0273884], [92.5907346, 26.0275988], [92.5905164, 26.0277063], [92.5904048, 26.0277613], [92.587932, 26.028117], [92.5868446, 26.0282581], [92.5862037, 26.0283413], [92.5859187, 26.0283782], [92.5823518, 26.0290496], [92.5823029, 26.0290668], [92.5815074, 26.0293472], [92.5808478, 26.0299291], [92.5805413, 26.0302843], [92.5801255, 26.0307663], [92.5800732, 26.030827], [92.579653, 26.0318648], [92.5794976, 26.0332775], [92.5795126, 26.0336942], [92.5795421, 26.0345141], [92.5796715, 26.0354935], [92.5800708, 26.0362157], [92.5808645, 26.0379852], [92.5812487, 26.0388051], [92.5816131, 26.039583], [92.5817937, 26.0399215], [92.5822322, 26.0407431], [92.582891, 26.0421875], [92.5832255, 26.0432482], [92.5834645, 26.0449273], [92.5837085, 26.0471975], [92.5838377, 26.0489938], [92.5838376, 26.0494912], [92.5838374, 26.0499731], [92.5838309, 26.0505263], [92.5838166, 26.0517603], [92.584191, 26.0529384], [92.584785, 26.0542563], [92.5853841, 26.0554165], [92.5858025, 26.0561729], [92.5860682, 26.0566532], [92.5873665, 26.0591585], [92.5878757, 26.0602192], [92.5884249, 26.0614154], [92.5888693, 26.0626159], [92.5893986, 26.0633743], [92.591272, 26.0650853], [92.5929504, 26.0667827], [92.5940344, 26.0680015], [92.5952432, 26.0696265], [92.5960174, 26.0709265], [92.5963717, 26.0722219], [92.5963263, 26.0738015], [92.5961458, 26.0749013], [92.59567, 26.0786793], [92.5956849, 26.0800025], [92.5956849, 26.0802277], [92.5956848, 26.0807606], [92.5954725, 26.0811272], [92.5954445, 26.0811755], [92.5953947, 26.0812616], [92.5947268, 26.0817763], [92.5944197, 26.0819455], [92.593807, 26.0822751], [92.5923706, 26.0830479], [92.5901562, 26.0841667], [92.5879268, 26.0852853], [92.5858123, 26.0863904], [92.5832478, 26.0879873], [92.5824729, 26.0884699], [92.581168, 26.0896474], [92.580023, 26.0905135], [92.5777484, 26.091835], [92.5766435, 26.0926109], [92.5754934, 26.093671], [92.5746932, 26.0947356], [92.5746082, 26.0948487], [92.5743178, 26.0956654], [92.5742725, 26.0966448], [92.5744116, 26.0982876], [92.5748308, 26.0997274], [92.5754699, 26.1014247], [92.5762238, 26.1031219], [92.576838, 26.1044806], [92.5771725, 26.105478], [92.577187, 26.1065837], [92.5770116, 26.1077616], [92.5767337, 26.1088352], [92.576681, 26.1090387], [92.5758647, 26.1105969], [92.5740894, 26.1136547], [92.5739055, 26.1139677], [92.5737054, 26.1143081], [92.5735849, 26.114513], [92.5735191, 26.1146248], [92.5724537, 26.1158429], [92.5715735, 26.1163796], [92.5705337, 26.1166816], [92.5691839, 26.1167171], [92.5675693, 26.1164773], [92.5668158, 26.1163542], [92.5638974, 26.1158775], [92.5630254, 26.1157351], [92.5606413, 26.115093], [92.5587529, 26.114567], [92.5581421, 26.1143968], [92.5554531, 26.1136418], [92.5537687, 26.1132212], [92.5524243, 26.1128414], [92.5501253, 26.111942], [92.5485638, 26.11118], [92.5476717, 26.1107446], [92.5456179, 26.1095249], [92.545043, 26.1089622], [92.5448936, 26.108816], [92.5444544, 26.1080755], [92.543925, 26.1071771], [92.5434613, 26.1057778], [92.543237, 26.1048163], [92.5430426, 26.1041392], [92.5425332, 26.1034575], [92.5414291, 26.1026399], [92.5411085, 26.1024209], [92.5400802, 26.1017184], [92.5392509, 26.1010681], [92.5384317, 26.1002912], [92.5375929, 26.099212], [92.5373484, 26.0986117], [92.5372392, 26.0978128], [92.5370399, 26.0969822], [92.5366902, 26.0965623], [92.5363805, 26.0964628], [92.5354958, 26.0964397], [92.5340814, 26.0961995], [92.5336818, 26.0959601], [92.5334818, 26.0960005], [92.5331719, 26.0960997], [92.5326666, 26.0966589], [92.5324867, 26.0970529], [92.5323761, 26.0972951], [92.5317267, 26.0989916], [92.5316749, 26.0991269], [92.5306226, 26.0993889], [92.5307141, 26.1004306], [92.5306883, 26.1014009], [92.5298433, 26.1015989], [92.5296154, 26.1015659], [92.5294872, 26.1015474], [92.5291536, 26.1014991], [92.5283545, 26.1007223], [92.5283161, 26.1006727], [92.5276306, 26.0997876], [92.5273862, 26.0994628], [92.5267269, 26.0985864], [92.526572, 26.0985456], [92.5256013, 26.0996056], [92.524316, 26.1009031], [92.5241405, 26.1010803], [92.5233852, 26.1017432], [92.5224549, 26.1023202], [92.52149, 26.1024096], [92.5207718, 26.1023514], [92.5207603, 26.1023505], [92.5201006, 26.1023319], [92.5196556, 26.1024308], [92.5193057, 26.1028288], [92.5192352, 26.102909], [92.5190348, 26.1033872], [92.5189239, 26.1045064], [92.518934, 26.1045837], [92.5190558, 26.1055168], [92.5190777, 26.1056845], [92.5192724, 26.1077388], [92.5192758, 26.1077742], [92.519493, 26.1106086], [92.5192911, 26.1125987], [92.5190018, 26.1131704], [92.5188483, 26.1134738], [92.5188254, 26.1135191], [92.5186232, 26.113789], [92.5179895, 26.1146346], [92.5179738, 26.1146556], [92.5178993, 26.1147549], [92.5178667, 26.1148533], [92.5176438, 26.1155264], [92.5176282, 26.1160184], [92.5177279, 26.1164336], [92.5184314, 26.117734], [92.5187565, 26.1182805], [92.5189256, 26.1185648], [92.51916, 26.1191697], [92.5192134, 26.1193682], [92.5193593, 26.11991], [92.519443, 26.1203353], [92.5200117, 26.1226319], [92.5202199, 26.1235892], [92.5205692, 26.12525], [92.5208778, 26.1265996], [92.5211169, 26.1276693], [92.5214006, 26.12901], [92.5218099, 26.1296873], [92.5218659, 26.1299341], [92.5221486, 26.1311813], [92.5226371, 26.1326756], [92.5231411, 26.1338584], [92.5232855, 26.1340992], [92.5240697, 26.1354071], [92.5246635, 26.1367479], [92.5254823, 26.1380437], [92.5261812, 26.1394704], [92.5266251, 26.1406125], [92.5266892, 26.14161], [92.5264227, 26.1433067], [92.5264417, 26.1442165], [92.526442, 26.1442274], [92.5267752, 26.1462315], [92.5269493, 26.1472109], [92.5271286, 26.148091], [92.527633, 26.1488902], [92.5286072, 26.14992], [92.5288268, 26.1503804], [92.5288914, 26.150877], [92.5288439, 26.1510086], [92.5287611, 26.1512379], [92.5283407, 26.1516979], [92.5277404, 26.1517742], [92.5270555, 26.1516745], [92.5268154, 26.1516968], [92.5266803, 26.1517734], [92.5265572, 26.1522486], [92.5265248, 26.1523736], [92.5263478, 26.1529029], [92.5263242, 26.1529737], [92.525994, 26.153154], [92.5255289, 26.153131], [92.5240942, 26.1526742], [92.524048, 26.1526352], [92.5237844, 26.1524123], [92.5232949, 26.1517349], [92.5229651, 26.1515541], [92.522855, 26.151554], [92.5227, 26.151572], [92.5223896, 26.1519915], [92.5223772, 26.1521823], [92.522344, 26.152691], [92.5224778, 26.1539503], [92.5224595, 26.1547628], [92.5224569, 26.1548799], [92.5223513, 26.1550486], [92.5222817, 26.1551597], [92.5218364, 26.1553984], [92.5214813, 26.1553982], [92.5208789, 26.1552302], [92.5205564, 26.1551402], [92.5193066, 26.1547602], [92.5197481, 26.1532262], [92.5201091, 26.1522515], [92.5199439, 26.1513967], [92.5187959, 26.1503449], [92.5179178, 26.1495404], [92.5173921, 26.1490188], [92.5171033, 26.1487322], [92.5152663, 26.1469418], [92.5126646, 26.1444096], [92.5108748, 26.1428303], [92.5093943, 26.1416106], [92.5087533, 26.1412704], [92.5079351, 26.1412099], [92.5070502, 26.1414888], [92.5063634, 26.1420892], [92.5063197, 26.1421274], [92.5062591, 26.1422435], [92.5061952, 26.1423658], [92.5056896, 26.1433342], [92.5055958, 26.1435139], [92.5055877, 26.1435258], [92.5051416, 26.1441767], [92.5038897, 26.1461446], [92.5037817, 26.146322], [92.5034863, 26.1468068], [92.5034388, 26.1468847], [92.5034248, 26.1469076], [92.5032897, 26.1470612], [92.5024063, 26.148065], [92.5020014, 26.1483669], [92.5012554, 26.1489229], [92.4999973, 26.1493335], [92.4987215, 26.149636], [92.4978852, 26.1497337], [92.4971252, 26.1498225], [92.4959821, 26.1497609], [92.493217, 26.1496744], [92.4910349, 26.1497684], [92.489919, 26.1498164], [92.4874943, 26.1496926], [92.4866443, 26.1494975], [92.4864589, 26.1481139], [92.4864663, 26.1464045], [92.4864541, 26.1453584], [92.4864509, 26.1450792], [92.4859873, 26.1440788], [92.4855781, 26.1437643], [92.4850332, 26.1433455], [92.4843479, 26.1427867], [92.4836786, 26.1416952], [92.4835567, 26.1414965], [92.4823695, 26.139155], [92.4821689, 26.1384376], [92.4818072, 26.1363979], [92.4817675, 26.1362978], [92.4813311, 26.1351978], [92.4811301, 26.1345974], [92.4805892, 26.1329823], [92.4800831, 26.1316829], [92.4799978, 26.1314709], [92.4793165, 26.1297789], [92.4788509, 26.1289578], [92.4775698, 26.1275236], [92.4764691, 26.1266803], [92.4750687, 26.1258246], [92.4748535, 26.1256931], [92.474273, 26.1251699], [92.4739828, 26.1247279], [92.4736773, 26.1241098], [92.4732297, 26.1230915], [92.4729811, 26.122526], [92.4713097, 26.1203744], [92.4694538, 26.1188501], [92.4681533, 26.1179934], [92.4671431, 26.1175247], [92.4670322, 26.1174963], [92.466458, 26.1173491], [92.4654933, 26.1172504], [92.4639584, 26.1172016], [92.4629722, 26.117327], [92.4628888, 26.1173377], [92.4609492, 26.1176005], [92.4598644, 26.1177275], [92.4593594, 26.1176556], [92.4584343, 26.1173175], [92.4576245, 26.1170076], [92.4567392, 26.1166687], [92.4554242, 26.1163399], [92.4549884, 26.1161662], [92.4542141, 26.1158576], [92.4538791, 26.1156231], [92.4537138, 26.1152756], [92.4534135, 26.1145357], [92.4528927, 26.1132091], [92.4525573, 26.1124376], [92.4522763, 26.1109997], [92.4519859, 26.1100142], [92.4514402, 26.1085026], [92.4508596, 26.1072437], [92.4507468, 26.1069702], [92.4505191, 26.106418], [92.4502984, 26.1052222], [92.449527, 26.102465], [92.4494162, 26.1010704], [92.4494157, 26.1000776], [92.4492805, 26.0999513], [92.4485307, 26.0997846], [92.4476159, 26.099582], [92.4467586, 26.0993041], [92.446476, 26.0992125], [92.4451762, 26.0987302], [92.4440163, 26.0982027], [92.4433613, 26.0977471], [92.4431012, 26.0975577], [92.4429011, 26.0972374], [92.4423958, 26.0963575], [92.4418906, 26.0958161], [92.4414307, 26.0955952], [92.4412058, 26.0955547], [92.440791, 26.0956135], [92.4390767, 26.0959302], [92.4370776, 26.0964003], [92.4366929, 26.0965692], [92.436573, 26.0966217], [92.4364496, 26.096793], [92.4361765, 26.0971721], [92.4359486, 26.0974885], [92.4356339, 26.0978812], [92.435344, 26.0979625], [92.4352301, 26.0979529], [92.4350241, 26.0979355], [92.4349277, 26.0979243], [92.4339844, 26.0978141], [92.4329297, 26.0977017], [92.4328277, 26.0977398], [92.4317802, 26.0981309], [92.4309955, 26.0981086], [92.4299108, 26.0981767], [92.4289612, 26.0982447], [92.4283065, 26.0984254], [92.4276318, 26.0986197], [92.4273569, 26.0987958], [92.4270822, 26.0990577], [92.4267925, 26.0995271], [92.4264029, 26.1003757], [92.4259787, 26.102294], [92.4259441, 26.1029845], [92.4259693, 26.1035396], [92.4261795, 26.1042436], [92.4261797, 26.1048106], [92.4261798, 26.1050018], [92.4261051, 26.1054712], [92.4256694, 26.1064115], [92.4256554, 26.1064416], [92.4256204, 26.1064882], [92.4251982, 26.1070495], [92.425136, 26.1071323], [92.4243461, 26.1079346], [92.423367, 26.1089291], [92.4229963, 26.1091698], [92.4222126, 26.1096786], [92.421263, 26.1100353], [92.4210099, 26.1101096], [92.4193235, 26.1106046], [92.4178691, 26.1112684], [92.4174831, 26.1116171], [92.4174442, 26.1116522], [92.4174428, 26.1116547], [92.4174287, 26.1116806], [92.4172848, 26.1119423], [92.4170697, 26.1123337], [92.4166615, 26.1129619], [92.4160753, 26.113864], [92.4160172, 26.1139406], [92.4158508, 26.1141598], [92.415235, 26.1149715], [92.4149759, 26.1153129], [92.4146345, 26.1155007], [92.4144261, 26.1156154], [92.4140763, 26.1156562], [92.4131263, 26.1155888], [92.4129214, 26.1155526], [92.4121109, 26.1137972], [92.4116508, 26.1127638], [92.4112556, 26.1117845], [92.4108557, 26.1119516], [92.4080617, 26.1135228], [92.4072669, 26.1137577], [92.4057921, 26.1133066], [92.4036975, 26.1129459], [92.4027976, 26.1130183], [92.401013, 26.1130231], [92.3984686, 26.1133935], [92.396619, 26.1135336], [92.3959838, 26.1135492], [92.3955883, 26.113559], [92.3953293, 26.1135654], [92.3955892, 26.1137684], [92.3963342, 26.1148425], [92.3973043, 26.1162459], [92.3979793, 26.1173561], [92.3989895, 26.1191251], [92.3994846, 26.1201991], [92.3997673, 26.1205139], [92.4005546, 26.1213904], [92.4010096, 26.1216792], [92.4032144, 26.1219587], [92.4034593, 26.1220308], [92.4041076, 26.1223695], [92.4041243, 26.1223782], [92.4051694, 26.1230415], [92.4065444, 26.1239484], [92.4077896, 26.1249545], [92.4083649, 26.1257841], [92.4084988, 26.1259772], [92.4064952, 26.1273377], [92.4061203, 26.1275319], [92.4055304, 26.1276493], [92.4050004, 26.1274373], [92.4044654, 26.127663], [92.4043444, 26.1277348], [92.4039406, 26.1279745], [92.4030862, 26.128484], [92.4017899, 26.1294369], [92.4010369, 26.1303796], [92.4010281, 26.1303906], [92.4007931, 26.1306849], [92.4006258, 26.1308943], [92.4005964, 26.1309311], [92.4000515, 26.1314096], [92.3998401, 26.1315863], [92.3998356, 26.1315901], [92.3998081, 26.1316131], [92.3997815, 26.1316353], [92.3997597, 26.1316683], [92.3997531, 26.1316781], [92.3993141, 26.1323409], [92.398747, 26.1344968], [92.3984419, 26.1358025], [92.3985523, 26.1360448], [92.3986723, 26.1365322], [92.3988725, 26.137489], [92.3988826, 26.1376921], [92.3989376, 26.1380667], [92.3989631, 26.1380939], [92.3994073, 26.1385676], [92.4002735, 26.1387425], [92.4007874, 26.1389404], [92.4011634, 26.1396026], [92.401512, 26.1403135], [92.4022103, 26.1415398], [92.4024623, 26.1419582], [92.402338, 26.1430573], [92.4043558, 26.1431692], [92.4044398, 26.1431738], [92.404722, 26.1431895], [92.4060679, 26.1442843], [92.4085232, 26.1462814], [92.4097104, 26.1470246], [92.4114002, 26.1480824], [92.4119504, 26.1484268], [92.4125937, 26.1488295], [92.4131383, 26.1491704], [92.4143853, 26.149951], [92.4171683, 26.1516015], [92.4175658, 26.1519085], [92.4177199, 26.1526942], [92.4186111, 26.1572347], [92.4193619, 26.1610597], [92.4193699, 26.1611004], [92.4195618, 26.1620781], [92.4196028, 26.1622868], [92.4197506, 26.1630399], [92.4199977, 26.1642986], [92.4201916, 26.1652812], [92.4206542, 26.167625], [92.4208259, 26.1684952], [92.4216591, 26.1727168], [92.4219274, 26.1740758], [92.4223228, 26.176079], [92.4230175, 26.1781126], [92.4232046, 26.1786516], [92.4238552, 26.1793363], [92.4256316, 26.1812058], [92.4268132, 26.1825938], [92.4277539, 26.1842368], [92.4281243, 26.1860978], [92.4280886, 26.1862862], [92.4278243, 26.1876794], [92.4277904, 26.187858], [92.4277046, 26.1887874], [92.4280013, 26.1890822], [92.4287863, 26.18933], [92.4293552, 26.1894057], [92.429733, 26.1897497], [92.4297809, 26.1898814], [92.4300005, 26.1904848], [92.4298609, 26.1913161], [92.4294495, 26.1922931], [92.4283878, 26.1932186], [92.4275949, 26.1935489], [92.4274628, 26.194478], [92.4276766, 26.195115], [92.428208, 26.1973191], [92.4283733, 26.1980621], [92.4291308, 26.2014666], [92.43005, 26.2054789], [92.430077, 26.2055969], [92.4302192, 26.2062175], [92.430245, 26.2071305], [92.4302609, 26.2076963], [92.4302655, 26.207857], [92.4302096, 26.2083516], [92.4301682, 26.2087173], [92.4301494, 26.2088836], [92.4298121, 26.2118677], [92.4292039, 26.2180754], [92.4290947, 26.2191899], [92.4290736, 26.2194049], [92.4289698, 26.2195848], [92.4288763, 26.2197468], [92.4286087, 26.2202104], [92.4281313, 26.2207086], [92.4280759, 26.2207664], [92.4277345, 26.2211226], [92.4273655, 26.2215075], [92.4272486, 26.2216295], [92.427137, 26.221746], [92.4264795, 26.2231135], [92.4260166, 26.2248801], [92.4259544, 26.2251177], [92.4258374, 26.2265091], [92.4258104, 26.2268298], [92.4257653, 26.2274495], [92.4256794, 26.2286297], [92.4255899, 26.2298594], [92.4254615, 26.2316238], [92.4253909, 26.2317791], [92.4243141, 26.2341475], [92.4229752, 26.2361973], [92.4219752, 26.2371808], [92.4216126, 26.2375375], [92.4214728, 26.2376369], [92.421093, 26.2379071], [92.4210559, 26.2379335], [92.4206365, 26.2382318], [92.420231, 26.2385202], [92.4201397, 26.2385852], [92.4199091, 26.2387492], [92.4174481, 26.240579], [92.4170716, 26.2408149], [92.4163464, 26.2412693], [92.4153533, 26.2418917], [92.4133683, 26.2429112], [92.4124183, 26.2430786], [92.4113885, 26.2429031], [92.4097988, 26.2429351], [92.4083043, 26.2434917], [92.4078132, 26.2440769], [92.4077022, 26.2445657], [92.4078199, 26.2448008], [92.4079944, 26.2451493], [92.4081318, 26.2454238], [92.4088615, 26.2459406], [92.409081, 26.2460028], [92.4104511, 26.2463907], [92.4107161, 26.2464738], [92.4121646, 26.2477916], [92.4131631, 26.2489842], [92.4134305, 26.2493792], [92.4138405, 26.2500492], [92.4138405, 26.2500493], [92.4138481, 26.2500677], [92.4141072, 26.2507], [92.4133015, 26.2511937], [92.412932, 26.2516271], [92.4128977, 26.2518953], [92.4128921, 26.2519386], [92.4128604, 26.252186], [92.4128937, 26.2523636], [92.413051, 26.2532034], [92.413191, 26.2539504], [92.4138373, 26.2561119], [92.4142363, 26.2572976], [92.4148795, 26.2597492], [92.4149949, 26.2606834], [92.4152854, 26.2614641], [92.4165575, 26.2635713], [92.4178096, 26.2658636], [92.4184409, 26.2677634], [92.4185014, 26.2679878], [92.4185489, 26.2681637], [92.4187867, 26.269045], [92.4191975, 26.2701506], [92.4211149, 26.2706916], [92.4217857, 26.270732], [92.4224163, 26.2704385], [92.4234073, 26.2700185], [92.4240429, 26.2697927], [92.4240615, 26.2697705], [92.4245883, 26.2691426], [92.4246059, 26.2690946], [92.4248033, 26.2685559], [92.4245628, 26.2679015], [92.4244725, 26.2672923], [92.42458, 26.2671596], [92.4247576, 26.2669402], [92.4256886, 26.2666466], [92.4274055, 26.2667814], [92.4288274, 26.2673721], [92.4291477, 26.267556], [92.4298487, 26.2679585], [92.43087, 26.2681747], [92.4320613, 26.2681923], [92.4321264, 26.2682329], [92.4321916, 26.2683683], [92.4321268, 26.2689731], [92.4321469, 26.2692303], [92.4325676, 26.2696634], [92.4333334, 26.2694826], [92.4347498, 26.2692293], [92.4347956, 26.269226], [92.4379233, 26.2689979], [92.4397905, 26.2691235], [92.4415076, 26.2694658], [92.4426291, 26.2697676], [92.4438957, 26.2701191], [92.4438712, 26.2711436], [92.443801, 26.2722114], [92.4455213, 26.2723662], [92.4479826, 26.2725852], [92.4495632, 26.2727253], [92.4505522, 26.272774], [92.4523037, 26.2730566], [92.4531679, 26.2730918], [92.4538875, 26.2730994], [92.4540868, 26.2731016], [92.4555277, 26.2732645], [92.456709, 26.273368], [92.4585923, 26.2734386], [92.4603509, 26.2735399], [92.4617762, 26.2735769], [92.462123, 26.2735859], [92.4630533, 26.2736161], [92.4651636, 26.2737069], [92.4669789, 26.2737979], [92.4698132, 26.2739998], [92.4710117, 26.2740367], [92.4727593, 26.2740905], [92.4748469, 26.274171], [92.476998, 26.274301], [92.4804577, 26.2744898], [92.4824669, 26.2745953], [92.4833253, 26.2746403], [92.4851973, 26.2747311], [92.4870284, 26.2746559], [92.4895697, 26.2746131], [92.4935116, 26.2745411], [92.4935126, 26.2745411], [92.4936245, 26.2743837], [92.4938395, 26.274081], [92.4943264, 26.2733957], [92.4950013, 26.2725016], [92.4981841, 26.2721838], [92.4987993, 26.2721541], [92.4993776, 26.2721666], [92.5000587, 26.2722322], [92.5014801, 26.2724456], [92.5032417, 26.2728579], [92.5041125, 26.2730707], [92.504948, 26.2734641], [92.5057383, 26.2740379], [92.5062387, 26.2742956], [92.5072594, 26.2747072], [92.5077991, 26.2748499], [92.5082353, 26.2749652], [92.5101016, 26.2758062], [92.5109503, 26.2762567], [92.5134339, 26.2775329], [92.5147398, 26.2782425], [92.516536, 26.2791962], [92.5168859, 26.279362], [92.5197234, 26.2807782], [92.5197233, 26.2808582], [92.5197233, 26.2809181], [92.51954, 26.2811988], [92.5204083, 26.2818529], [92.5223397, 26.2828562], [92.522725, 26.2831408], [92.5224192, 26.2835783], [92.5227697, 26.2838327], [92.5232058, 26.2841491], [92.5232597, 26.2841882], [92.5244154, 26.2849879], [92.5266018, 26.2865961], [92.5276926, 26.2872783], [92.5284983, 26.2875813], [92.5294352, 26.2878952], [92.5308396, 26.2896093], [92.5311671, 26.2900308], [92.5315798, 26.290562], [92.5325503, 26.2914878], [92.532934, 26.2918244], [92.5332557, 26.2921066], [92.5345016, 26.2931228], [92.5356224, 26.2938953], [92.5368484, 26.2948213], [92.5378691, 26.2955937], [92.5394602, 26.2969531], [92.5403658, 26.2977886], [92.5416867, 26.2990756], [92.5428018, 26.3001652], [92.5428375, 26.3002], [92.5448489, 26.3020922], [92.5472958, 26.3042418], [92.5483017, 26.3050727], [92.5507189, 26.306956], [92.55179, 26.3076832], [92.5523755, 26.3081348], [92.5526107, 26.3083651], [92.5535011, 26.3097691], [92.5547067, 26.3115885], [92.5555072, 26.3127081], [92.5558125, 26.3129384], [92.5562632, 26.3129973], [92.5567634, 26.3139228], [92.557486, 26.3156068], [92.558969, 26.3184324], [92.5597091, 26.3202018], [92.5600251, 26.3210206], [92.5600941, 26.3211994], [92.5601899, 26.321849], [92.5603285, 26.3227881], [92.5606574, 26.3255276], [92.5608618, 26.3272065], [92.561061, 26.3290705], [92.5614246, 26.3324735], [92.5615746, 26.3329293], [92.561895, 26.3330784], [92.5637729, 26.3335351], [92.5642938, 26.3335624], [92.5647297, 26.3332918], [92.5651805, 26.3331115], [92.5656012, 26.3331704], [92.5658865, 26.3334458], [92.566542, 26.3345789], [92.5672925, 26.3360775], [92.5677909, 26.3369564], [92.5680631, 26.3374362], [92.5681731, 26.337865], [92.5680221, 26.3391782], [92.5673836, 26.3437631], [92.5671975, 26.3450763], [92.5668964, 26.3462406], [92.5668778, 26.346299], [92.5662591, 26.3482531], [92.5655516, 26.3504912], [92.5645978, 26.3541869], [92.5642964, 26.3557166], [92.5638439, 26.3585912], [92.5636076, 26.3601797], [92.5635567, 26.3616644], [92.5636209, 26.3632124], [92.563956, 26.3642415], [92.5639602, 26.3642535], [92.5649413, 26.3670219], [92.5657967, 26.3694006], [92.5667571, 26.3720256], [92.5668173, 26.3721901], [92.5648731, 26.3726405], [92.5632729, 26.3729911], [92.5600427, 26.3736988], [92.5548515, 26.374838], [92.5533781, 26.3751431], [92.5534877, 26.3763581], [92.5535571, 26.3774323], [92.5534564, 26.3781453], [92.5529948, 26.3790163], [92.5525836, 26.379792], [92.5519002, 26.3812286], [92.5516181, 26.3818217], [92.5514546, 26.3821652], [92.5510187, 26.3820928], [92.5502783, 26.3817886], [92.5497383, 26.3815667], [92.5493908, 26.381424], [92.549025, 26.3814238], [92.5483685, 26.3816039], [92.5464186, 26.3827355], [92.5459626, 26.3827804], [92.5452062, 26.3825543], [92.542271, 26.3812348], [92.5408054, 26.3804368], [92.5405782, 26.3803131], [92.5385998, 26.3793416], [92.5379807, 26.379006], [92.5351742, 26.3774845], [92.5326253, 26.3760833], [92.530617, 26.3749546], [92.5280493, 26.3735437], [92.5278384, 26.3739782], [92.5273099, 26.3753084], [92.5271173, 26.3757351], [92.526488, 26.377129], [92.5264565, 26.3771987], [92.5253141, 26.3772295], [92.5225786, 26.3771507], [92.5167216, 26.3770289], [92.5141362, 26.3771622], [92.5122271, 26.3772645], [92.5108343, 26.3772814], [92.5097068, 26.3773842], [92.5090405, 26.3773386], [92.508745, 26.3772435], [92.5085701, 26.3767831], [92.5083855, 26.3760292], [92.5083561, 26.37542], [92.5083216, 26.3748152], [92.5082723, 26.3741111], [92.5081926, 26.3736733], [92.5080376, 26.3733618], [92.507942, 26.373173], [92.5078776, 26.3730457], [92.5072451, 26.3723883], [92.506157, 26.3721351], [92.5050198, 26.3724295], [92.5043364, 26.372982], [92.5041122, 26.3734353], [92.5039862, 26.3740384], [92.5040363, 26.375027], [92.5041562, 26.3758038], [92.5044575, 26.3769242], [92.504733, 26.3778119], [92.5049933, 26.3786505], [92.5053092, 26.3798294], [92.5053743, 26.3807735], [92.505238, 26.3815465], [92.5049839, 26.3820532], [92.5043265, 26.3824956], [92.5040433, 26.3825611], [92.5036244, 26.3826579], [92.5030617, 26.3825625], [92.5025101, 26.3822088], [92.5021519, 26.3816883], [92.5021944, 26.3809733], [92.5023697, 26.3804437], [92.5024947, 26.3800661], [92.5025809, 26.3795565], [92.5025091, 26.3790041], [92.5023342, 26.3784266], [92.5018235, 26.3777481], [92.501107, 26.3771426], [92.5010325, 26.3771065], [92.5006536, 26.3769229], [92.4989307, 26.3764181], [92.4976393, 26.376232], [92.4970316, 26.3762365], [92.4964338, 26.3760891], [92.4952687, 26.3753343], [92.4940505, 26.3746358], [92.4938299, 26.3745051], [92.4935188, 26.3739412], [92.4937679, 26.3725444], [92.4940022, 26.3720783], [92.494123, 26.3719099], [92.4941778, 26.3715804], [92.4942206, 26.3712903], [92.4942972, 26.3707725], [92.4942367, 26.3704025], [92.4931586, 26.3694556], [92.4925972, 26.3691085], [92.4912793, 26.3687801], [92.4901016, 26.3684651], [92.4893098, 26.3681859], [92.4883423, 26.3676181], [92.4876605, 26.367086], [92.4874068, 26.3666115], [92.4872891, 26.3663913], [92.4869715, 26.3642073], [92.4863648, 26.3636526], [92.4858536, 26.3634184], [92.485725, 26.3634079], [92.485578, 26.363396], [92.4854081, 26.3634399], [92.4853677, 26.3634503], [92.4852376, 26.3637031], [92.4852481, 26.3649823], [92.4852489, 26.3650751], [92.4854702, 26.3659775], [92.4855558, 26.3664603], [92.4854211, 26.3671554], [92.4853238, 26.3672872], [92.4849508, 26.3677921], [92.4845403, 26.368194], [92.4838342, 26.3684653], [92.4816854, 26.3689904], [92.4799672, 26.3692624], [92.4786849, 26.3695566], [92.4771672, 26.3699593], [92.4756396, 26.370547], [92.4746482, 26.371193], [92.4737018, 26.3718571], [92.4728882, 26.3726628], [92.4728308, 26.3727196], [92.4714688, 26.373754], [92.4707918, 26.3740693], [92.4706925, 26.3741155], [92.4699535, 26.3743018], [92.469831, 26.3743327], [92.4681977, 26.374433], [92.4672606, 26.3741718], [92.4671295, 26.3741009], [92.4655264, 26.3732342], [92.4646793, 26.3727337], [92.4634716, 26.3723508], [92.4624043, 26.3721664], [92.4616528, 26.3721533], [92.460115, 26.3725468], [92.4591733, 26.3728317], [92.4584219, 26.3730307], [92.4568889, 26.3731849], [92.4558717, 26.373032], [92.4554347, 26.3727609], [92.4547089, 26.3723106], [92.4538618, 26.3716882], [92.4525938, 26.3710029], [92.4525208, 26.3709776], [92.450865, 26.3704036], [92.4494869, 26.3698311], [92.447803, 26.3688571], [92.4463345, 26.3679778], [92.4458534, 26.3676801], [92.4455377, 26.3676036], [92.4451271, 26.3678339], [92.4447899, 26.3680557], [92.4445161, 26.3682359], [92.4443309, 26.3686421], [92.4441157, 26.3689671], [92.4436399, 26.3692426], [92.4428686, 26.3696446], [92.4423127, 26.3699924], [92.4420132, 26.3702822], [92.4410752, 26.3699252], [92.4406791, 26.3702387], [92.4406244, 26.3702819], [92.440554, 26.3714457], [92.4405307, 26.3718293], [92.4404506, 26.3731523], [92.4401466, 26.3762573], [92.4400179, 26.3792856], [92.440195, 26.3814064], [92.4403204, 26.3829093], [92.4407106, 26.3851262], [92.4408883, 26.3861359], [92.4413885, 26.3889943], [92.441411, 26.3891232], [92.4384132, 26.3894693], [92.4382004, 26.3894938], [92.4363103, 26.389712], [92.4334945, 26.3902592], [92.4334847, 26.3912437], [92.4334776, 26.3919568], [92.4334562, 26.3941132], [92.4333226, 26.3979403], [92.4333229, 26.3985169], [92.4333229, 26.3985564], [92.433323, 26.3986488], [92.4313068, 26.3988675], [92.4313169, 26.399356], [92.4314254, 26.3997806], [92.4315154, 26.4001324], [92.4316264, 26.4015138], [92.4321316, 26.4033654], [92.4326076, 26.4044987], [92.4328254, 26.4055299], [92.4328441, 26.4060066], [92.4328855, 26.4070651], [92.4329363, 26.4085315], [92.4328277, 26.4092009], [92.4328377, 26.4095758], [92.433294, 26.4107984], [92.433641, 26.411441], [92.4337899, 26.4120609], [92.4339254, 26.4129072], [92.4319377, 26.4129685], [92.4312982, 26.4124711], [92.4311792, 26.4123105], [92.4311495, 26.4121587], [92.4307133, 26.4114359], [92.4294723, 26.410852], [92.4293138, 26.4108253], [92.4290761, 26.4109146], [92.4288978, 26.4110039], [92.4285809, 26.4113075], [92.4274761, 26.411993], [92.4269413, 26.4121807], [92.4264361, 26.412395], [92.4259112, 26.4127433], [92.4249407, 26.413422], [92.4250757, 26.4140446], [92.4254064, 26.4142934], [92.4263221, 26.4151263], [92.4267961, 26.4158729], [92.427349, 26.4167974], [92.4274328, 26.417099], [92.4274479, 26.417153], [92.4272179, 26.4174401], [92.4271914, 26.4174732], [92.4267376, 26.4176689], [92.4259679, 26.4176514], [92.4251979, 26.4177], [92.4251193, 26.417705], [92.4250799, 26.4178651], [92.4253564, 26.418434], [92.4257512, 26.4186295], [92.4262229, 26.4185872], [92.4269335, 26.4187826], [92.4271309, 26.4190492], [92.4271903, 26.4193871], [92.4271312, 26.4197427], [92.4268387, 26.4200749], [92.4267202, 26.4202094], [92.4267023, 26.4202298], [92.4266988, 26.4202337], [92.4262751, 26.4207921], [92.426186, 26.4209095], [92.4261664, 26.4212474], [92.4264626, 26.4216385], [92.4271338, 26.4219939], [92.4274497, 26.4223139], [92.4277077, 26.4228228], [92.4278066, 26.4233206], [92.42774, 26.4235511], [92.4276884, 26.4237297], [92.4272628, 26.4242879], [92.4272627, 26.424288], [92.4272621, 26.4242887], [92.4269334, 26.4247064], [92.4268204, 26.4248502], [92.4267811, 26.4253481], [92.4272097, 26.4257482], [92.4273142, 26.4258458], [92.4277684, 26.4263791], [92.4279661, 26.4271259], [92.4283834, 26.4279937], [92.4300242, 26.4291217], [92.4307349, 26.4295304], [92.4313074, 26.429708], [92.432255, 26.4301522], [92.4330447, 26.4306498], [92.4333059, 26.431021], [92.43342, 26.4311831], [92.4339927, 26.4317875], [92.4349349, 26.4322443], [92.4349352, 26.4322444], [92.4356258, 26.4324041], [92.4363562, 26.4325816], [92.4383106, 26.4332565], [92.4387449, 26.433452], [92.4398112, 26.434305], [92.4400285, 26.4344828], [92.4401667, 26.4347316], [92.440201, 26.4347905], [92.4403841, 26.435105], [92.4408156, 26.4354204], [92.4408884, 26.4354654], [92.4412828, 26.4357094], [92.4418924, 26.4363689], [92.4417075, 26.4373573], [92.4411167, 26.4386754], [92.4401551, 26.4404448], [92.4399741, 26.4407377], [92.4398702, 26.4409058], [92.439519, 26.4414741], [92.4389684, 26.4430809], [92.4392904, 26.4453869], [92.4395231, 26.4462374], [92.4399023, 26.4476234], [92.4400237, 26.4480672], [92.4406386, 26.4503085], [92.4409929, 26.4515999], [92.4410543, 26.4518238], [92.4410685, 26.4518757], [92.4376253, 26.4543589], [92.436607, 26.4550932], [92.4359688, 26.456267], [92.4357215, 26.4567789], [92.433988, 26.4594557], [92.4332229, 26.460595], [92.4328478, 26.4611536], [92.4326602, 26.4614329], [92.4263718, 26.471544], [92.4268618, 26.4725147], [92.426964, 26.4727171], [92.4284248, 26.4765075], [92.4283966, 26.4765156], [92.4243181, 26.4776823], [92.4239311, 26.477793], [92.4199851, 26.4789217], [92.4199283, 26.4789379], [92.4197855, 26.4789787], [92.4212468, 26.4844795], [92.4218191, 26.4862349], [92.4220501, 26.4869749], [92.4219909, 26.4875005], [92.4219638, 26.4877419], [92.4219551, 26.4878189], [92.4218357, 26.4879785], [92.4213798, 26.4885881], [92.4212934, 26.4887036], [92.4201303, 26.4898186], [92.4195337, 26.4904145], [92.4193031, 26.4907666], [92.4192131, 26.4915067], [92.4194642, 26.4923911], [92.4195297, 26.4932215], [92.4191437, 26.4939031], [92.4184569, 26.4948103], [92.4170183, 26.4972387], [92.4168332, 26.4988047], [92.4169488, 26.4995222], [92.4172963, 26.5000002], [92.4173384, 26.5000487], [92.4177837, 26.5005609], [92.4188636, 26.5056195], [92.4192482, 26.507496], [92.419523, 26.509027], [92.4196331, 26.5100641], [92.4196886, 26.5119902], [92.4196039, 26.5128175], [92.4195337, 26.5135018], [92.4194153, 26.5146571], [92.4190855, 26.516516], [92.4190148, 26.5169149], [92.4189856, 26.5170792], [92.4213785, 26.5177029], [92.4216587, 26.5177849], [92.4236562, 26.5183694], [92.4259653, 26.5189068], [92.4277584, 26.5194932], [92.4294427, 26.5195904], [92.4308919, 26.5195436], [92.4310247, 26.5195393], [92.4324916, 26.5197099], [92.4340945, 26.520223], [92.4365393, 26.5202955], [92.4405867, 26.5200492], [92.4420533, 26.519755], [92.4442261, 26.5189469], [92.4474307, 26.517698], [92.4487341, 26.5169881], [92.4497994, 26.5163502], [92.451954, 26.515139], [92.4520014, 26.5150807], [92.4528497, 26.514038], [92.4528506, 26.5140357], [92.4529815, 26.5136814], [92.4531209, 26.513304], [92.4534922, 26.5105689], [92.453634, 26.5086811], [92.453742, 26.5076049], [92.4540322, 26.506665], [92.4547792, 26.5052241], [92.4550088, 26.5047812], [92.4560669, 26.5030197], [92.4562256, 26.5027921], [92.4564966, 26.5024033], [92.4572608, 26.5013069], [92.4574679, 26.5004272], [92.4575611, 26.5000311], [92.4575682, 26.5000002], [92.4580614, 26.499528], [92.4601661, 26.4979906], [92.4622762, 26.4971406], [92.462931, 26.4971107], [92.4643058, 26.4968445], [92.4652223, 26.496667], [92.4674482, 26.4962823], [92.469347, 26.4961337], [92.4714094, 26.4960144], [92.4718397, 26.4959617], [92.4726206, 26.4958662], [92.4744386, 26.4957203], [92.4779089, 26.4957769], [92.4779791, 26.4957951], [92.4779837, 26.4957963], [92.480856, 26.4965416], [92.4826751, 26.4969297], [92.4843595, 26.4972891], [92.4857047, 26.4983499], [92.4877576, 26.4995375], [92.4890818, 26.4998598], [92.4894915, 26.5000013], [92.4895024, 26.5000089], [92.4907298, 26.5008677], [92.4909875, 26.5010488], [92.4918319, 26.5016419], [92.4928378, 26.5020259], [92.4938183, 26.5022063], [92.4946983, 26.5023187], [92.4952119, 26.502353], [92.4957038, 26.5023858], [92.4968285, 26.5024077], [92.4977916, 26.502719], [92.5000003, 26.503521], [92.502366, 26.5043669], [92.5057576, 26.5051362], [92.5091724, 26.5059221], [92.5091826, 26.5059245], [92.5123168, 26.5067168], [92.5155969, 26.5069812], [92.5161055, 26.5070657], [92.5164367, 26.5071207], [92.5199651, 26.5077067], [92.5225881, 26.5081012], [92.5241934, 26.5078407], [92.5271081, 26.5074502], [92.5305343, 26.5070555], [92.5353702, 26.506418], [92.5359739, 26.5063159], [92.5371806, 26.5063308], [92.5392493, 26.5063604], [92.5411385, 26.5063501], [92.54269, 26.5063228], [92.544712, 26.5059852], [92.5460356, 26.5058029], [92.5485433, 26.5055361], [92.5491388, 26.5055788], [92.5497029, 26.5056638], [92.5500416, 26.5057024], [92.5502729, 26.5057287], [92.5517931, 26.5059016], [92.5540968, 26.5059734], [92.5553348, 26.5061153], [92.5577578, 26.506468], [92.5587608, 26.5066238], [92.5598107, 26.5068502], [92.5610331, 26.5068085], [92.5620644, 26.5066812], [92.562287, 26.5066538], [92.5635982, 26.5062029], [92.564821, 26.5055117], [92.5657585, 26.5049689], [92.567342, 26.5037837], [92.5687208, 26.5027326], [92.5700064, 26.5016884], [92.5713704, 26.5006584], [92.5732826, 26.4997213], [92.5739845, 26.4995908], [92.5748071, 26.4995475], [92.5749048, 26.4995605], [92.5756297, 26.4996568], [92.5772897, 26.5000469], [92.5786129, 26.5003971], [92.5797254, 26.5009057], [92.581073, 26.5012309], [92.5823823, 26.5015654], [92.5835262, 26.5019187], [92.584388, 26.5020319], [92.5852187, 26.5018063], [92.5860256, 26.501623], [92.5885802, 26.5013838], [92.5886273, 26.5013799], [92.5902884, 26.5012431], [92.5906802, 26.5012573], [92.5908055, 26.501342], [92.5908511, 26.5020961], [92.5907882, 26.5026608], [92.5907181, 26.5028123], [92.590553, 26.503169], [92.590381, 26.5033432], [92.5901767, 26.50355], [92.5895654, 26.5038605], [92.588488, 26.504431], [92.5881118, 26.5047839], [92.5880177, 26.5049956], [92.5880176, 26.5053062], [92.5882055, 26.5055886], [92.5888009, 26.5059699], [92.5900859, 26.5062103], [92.5909556, 26.506448], [92.5919585, 26.5067447], [92.5924182, 26.5068575], [92.5928089, 26.5069533], [92.593745, 26.5071828], [92.5958293, 26.5074516], [92.5958671, 26.5074561], [92.5986558, 26.5077911], [92.6001447, 26.5080032], [92.6015081, 26.5082717], [92.6038221, 26.5088592], [92.6057026, 26.5094807], [92.6071642, 26.5101813], [92.6075621, 26.510399], [92.6091884, 26.511289], [92.6102131, 26.5118498], [92.6102877, 26.5118852], [92.6103953, 26.5119363], [92.6112566, 26.5123456], [92.6114001, 26.5124138], [92.6117733, 26.5125371], [92.6120395, 26.5125648], [92.6122339, 26.512585], [92.6122992, 26.5125918], [92.6124709, 26.5126096], [92.6129579, 26.5126563], [92.6131367, 26.5126735], [92.6141121, 26.512767], [92.6157981, 26.5130672], [92.6162405, 26.513224], [92.6176746, 26.5137322], [92.6184409, 26.5139933], [92.6195397, 26.5143676], [92.6215138, 26.5147507], [92.6215681, 26.5147613], [92.6218515, 26.5148162], [92.6218678, 26.5148194], [92.6219903, 26.5148432], [92.6235133, 26.5152837], [92.6255947, 26.5159009], [92.6286332, 26.5168955], [92.628939, 26.5170057], [92.6296239, 26.5172523], [92.6299451, 26.5173679], [92.6303814, 26.5175166], [92.6306038, 26.5175923], [92.6308499, 26.5176762], [92.6314792, 26.5177186], [92.6314996, 26.5177195], [92.6318458, 26.5177359], [92.6326226, 26.5177727], [92.633624, 26.5177022], [92.6341793, 26.5176631], [92.6349482, 26.5176089], [92.6349944, 26.5176057], [92.6357891, 26.5175497], [92.6359749, 26.5175366], [92.6382, 26.5174907], [92.6389785, 26.5176151], [92.6391269, 26.5176388], [92.6399761, 26.5177745], [92.6441388, 26.5177459], [92.646561, 26.517596], [92.646647, 26.5175907], [92.6468816, 26.5175761], [92.6481125, 26.5174014], [92.6488962, 26.517254], [92.6494493, 26.5171499], [92.6515053, 26.5170312], [92.6519236, 26.517226], [92.6538235, 26.5180258], [92.6550451, 26.5184464], [92.6560792, 26.5186419], [92.6568494, 26.5191099], [92.6583589, 26.5200543], [92.6607115, 26.5211555], [92.6620913, 26.5217093], [92.6626118, 26.5218429], [92.6629399, 26.521915], [92.6632795, 26.5219462], [92.6636082, 26.5218353], [92.6645159, 26.5212155], [92.6651604, 26.5205072], [92.6659325, 26.5197849], [92.6677909, 26.5181429], [92.6692608, 26.5168172], [92.6694823, 26.5166175], [92.6707397, 26.5156465], [92.6723038, 26.514458], [92.6723851, 26.5143962], [92.6739255, 26.5131713], [92.6753778, 26.5120935], [92.6763197, 26.511321], [92.6771474, 26.5108947], [92.678208, 26.5104521], [92.6794546, 26.5100267], [92.681256, 26.5095923], [92.6823097, 26.5093397], [92.6834083, 26.5091791], [92.6844656, 26.5091301], [92.6860619, 26.5091844], [92.6871598, 26.5092994], [92.6887285, 26.5097279], [92.6902328, 26.5103225], [92.6910352, 26.5108442], [92.6918148, 26.5114576], [92.6925233, 26.5122486], [92.6930986, 26.5130757], [92.6936844, 26.514178], [92.6948875, 26.5160715], [92.6955413, 26.5171638], [92.6960379, 26.5177758], [92.6963769, 26.5180306], [92.6968292, 26.518266], [92.6977424, 26.5187119], [92.6982084, 26.5189311], [92.6983305, 26.5189886], [92.6990541, 26.519388], [92.6996523, 26.5201539], [92.7003382, 26.521211], [92.7005522, 26.5216498], [92.7010143, 26.522497], [92.7015546, 26.5233712], [92.7020286, 26.5240043], [92.7026835, 26.5246989], [92.7036073, 26.5259809], [92.7043404, 26.5271447], [92.7049582, 26.5280588], [92.7056809, 26.5288654], [92.7064038, 26.5295908], [92.7073754, 26.5304904], [92.7090567, 26.5314959], [92.7099727, 26.5319974], [92.711884, 26.5329698], [92.7130604, 26.5336078], [92.7143334, 26.5340936], [92.7164269, 26.5347197], [92.7178304, 26.5350379], [92.7188489, 26.535305], [92.7198376, 26.5356536], [92.7208109, 26.5359104], [92.7214791, 26.5359015], [92.7219548, 26.5358922], [92.7224648, 26.5357199], [92.7231677, 26.5354052], [92.7237576, 26.5349781], [92.7244388, 26.5342454], [92.7248656, 26.5337528], [92.7253086, 26.5331929], [92.7255591, 26.5326326], [92.7257413, 26.5321844], [92.7259315, 26.5289501], [92.7258885, 26.5279712], [92.7256643, 26.527404], [92.7250212, 26.5263934], [92.7246158, 26.5254441], [92.7245609, 26.5247357], [92.7246782, 26.5230435], [92.7248266, 26.5221613], [92.7256218, 26.5210923], [92.7274709, 26.5187151], [92.7289021, 26.5172771], [92.7297603, 26.516518], [92.7304069, 26.5160799], [92.7327731, 26.5150608], [92.7340986, 26.5147472], [92.7341324, 26.5148372], [92.7342028, 26.5150245], [92.7342315, 26.5151007], [92.7342674, 26.5151961], [92.7346856, 26.5154926], [92.7353354, 26.5155466], [92.7368241, 26.5152349], [92.7379303, 26.5150096], [92.7411813, 26.5144389], [92.7413663, 26.5144064], [92.7416419, 26.5143581], [92.7421998, 26.5140314], [92.7430889, 26.5130706], [92.7446157, 26.5118755], [92.7449446, 26.5116917], [92.7467565, 26.5109165], [92.7472957, 26.5108239], [92.7479521, 26.5108889], [92.7483333, 26.5109434], [92.7500003, 26.511274], [92.7508565, 26.5114047], [92.7515837, 26.5115543], [92.7530479, 26.5119934], [92.7541259, 26.5124095], [92.7549883, 26.5127712], [92.7557855, 26.5131375], [92.7563418, 26.5136163], [92.7570577, 26.5149257], [92.7574379, 26.5159414], [92.7575976, 26.5166727], [92.7576174, 26.5168803], [92.757607, 26.5173135], [92.7574754, 26.518392], [92.757299, 26.5191725], [92.7572084, 26.5194387], [92.7568563, 26.5203635], [92.7565042, 26.5212749], [92.7561922, 26.5222043], [92.7560759, 26.5230029], [92.7561005, 26.5234813], [92.7561652, 26.5239461], [92.7564, 26.524894], [92.7566202, 26.5252914], [92.7568808, 26.5257022], [92.7571662, 26.5261177], [92.7574768, 26.5265241], [92.7579029, 26.5268584], [92.7584794, 26.5272922], [92.7588504, 26.5275226], [92.7594921, 26.5279429], [92.760254, 26.5285844], [92.7606449, 26.5289863], [92.7608855, 26.5292257], [92.7614118, 26.5296954], [92.7627, 26.5307887], [92.7634118, 26.5313759], [92.7636374, 26.5315927], [92.7640333, 26.5320353], [92.7645043, 26.5326178], [92.7645694, 26.5327352], [92.7647996, 26.5332454], [92.7648696, 26.5335883], [92.7648789, 26.5343556], [92.7648218, 26.5347952], [92.764641, 26.5364268], [92.7645745, 26.5376723], [92.7645945, 26.5378167], [92.7646694, 26.5381507], [92.7649697, 26.5388369], [92.7654802, 26.5401641], [92.7659844, 26.5421784], [92.7662798, 26.5433959], [92.7663043, 26.5440864], [92.7665138, 26.5452644], [92.7669187, 26.5468487], [92.7675344, 26.5483836], [92.7680852, 26.5496251], [92.7684107, 26.5501804], [92.7686911, 26.5508485], [92.7688263, 26.5511735], [92.7690014, 26.5516927], [92.7692065, 26.5522976], [92.7694142, 26.5527623], [92.7694769, 26.5529025], [92.7697674, 26.553521], [92.7700229, 26.5539319], [92.7702185, 26.5541862], [92.7707246, 26.554844], [92.7715767, 26.5558239], [92.7733923, 26.5557637], [92.7776587, 26.5556434], [92.7794, 26.5556085], [92.7796309, 26.5555997], [92.7804288, 26.555555], [92.780775, 26.5555327], [92.7811314, 26.5555059], [92.7816633, 26.555434], [92.783791, 26.555431], [92.7854795, 26.5554845], [92.7881113, 26.5557587], [92.7883119, 26.5557814], [92.7895412, 26.5559582], [92.7904193, 26.5561257], [92.7912973, 26.5563474], [92.7927763, 26.5566785], [92.7939063, 26.5568905], [92.7945686, 26.5570264], [92.7946639, 26.5570625], [92.7969247, 26.55804], [92.7974933, 26.5582736], [92.79805, 26.5585312], [92.7988276, 26.5589062], [92.8000968, 26.5595477], [92.8023592, 26.5606591], [92.8041402, 26.5614227], [92.80706, 26.5627645], [92.8072406, 26.5628549], [92.8079279, 26.5632659], [92.8090415, 26.5639615], [92.8106519, 26.5648287], [92.8117857, 26.5653753], [92.8123377, 26.5656373], [92.812438, 26.565687], [92.8134865, 26.5663238], [92.8149262, 26.5673804], [92.8167823, 26.5688119], [92.8174746, 26.5693808], [92.8178808, 26.5697825], [92.8184728, 26.5703154], [92.8189945, 26.5707533], [92.8198875, 26.5714352], [92.8218891, 26.5729883], [92.8220135, 26.5730649], [92.8222856, 26.5732323], [92.8227522, 26.5735167], [92.8230883, 26.5736974], [92.8234897, 26.5739096], [92.8239413, 26.574158], [92.8243176, 26.5743703], [92.8246889, 26.5746321], [92.8247118, 26.5746525], [92.824836, 26.574763], [92.8251505, 26.575043], [92.8261286, 26.5761264], [92.8276538, 26.5774222], [92.8280702, 26.5777156], [92.8287476, 26.5781807], [92.8306995, 26.5793909], [92.8322551, 26.5802308], [92.8340215, 26.5811474], [92.8345182, 26.5813913], [92.8348545, 26.5815494], [92.8359384, 26.5820461], [92.837469, 26.5827325], [92.8383593, 26.5830491], [92.8397575, 26.5836583], [92.8400234, 26.5837893], [92.8404901, 26.5839519], [92.8409519, 26.5841009], [92.8420309, 26.5844216], [92.8424124, 26.5845209], [92.8436722, 26.5846928], [92.8452632, 26.5849008], [92.8472709, 26.585163], [92.8486763, 26.5851859], [92.8488218, 26.5851678], [92.8500315, 26.5851004], [92.8509651, 26.5850486], [92.8522451, 26.5850286], [92.8532339, 26.5850333], [92.8537203, 26.5850665], [92.8541373, 26.5851012], [92.8544234, 26.5851193], [92.8554273, 26.5850518], [92.8567474, 26.584903], [92.8573196, 26.5848354], [92.8578517, 26.5847092], [92.8584541, 26.5845242], [92.8587151, 26.584425], [92.858947, 26.5843282], [92.8592772, 26.5841904], [92.8595584, 26.5840505], [92.8606879, 26.5834866], [92.8611546, 26.5831391], [92.8616366, 26.582873], [92.8620934, 26.5826564], [92.8627408, 26.5824714], [92.8634235, 26.5822956], [92.8655165, 26.5818625], [92.8660084, 26.5817768], [92.8674288, 26.581628], [92.8682118, 26.5815965], [92.8691755, 26.5816868], [92.8696072, 26.5817907], [92.8712886, 26.5822917], [92.8724831, 26.5827205], [92.8742398, 26.5833749], [92.8745259, 26.5835148], [92.877151, 26.5849139], [92.8777833, 26.5852929], [92.8781397, 26.5855186], [92.8787621, 26.5859563], [92.8791838, 26.5862542], [92.8822557, 26.5887317], [92.8840878, 26.5900945], [92.8847153, 26.5906135], [92.8852675, 26.5910963], [92.8857946, 26.5915566], [92.8867484, 26.5923598], [92.888154, 26.5934428], [92.8886359, 26.5937317], [92.8901117, 26.5945664], [92.8907944, 26.5949138], [92.8915023, 26.5952703], [92.8928276, 26.595726], [92.8938716, 26.5958793], [92.8950463, 26.5958746], [92.8959097, 26.5958565], [92.8967129, 26.5958203], [92.897245, 26.5957841], [92.899278, 26.5957026], [92.8994637, 26.5956485], [92.8995496, 26.5956199], [92.8999656, 26.5954814], [92.9003572, 26.5953325], [92.9010348, 26.5952376], [92.9012858, 26.595224], [92.9018982, 26.5952013], [92.9019358, 26.5951989], [92.9024503, 26.5951652], [92.9032084, 26.5950793], [92.9053165, 26.5947856], [92.9069178, 26.594334], [92.9072089, 26.5942753], [92.90748, 26.5942527], [92.9093975, 26.5941123], [92.9101303, 26.5941483], [92.910306, 26.5941889], [92.9108984, 26.5942654], [92.9113401, 26.594306], [92.9128361, 26.5944185], [92.9131974, 26.5943868], [92.9137459, 26.5943246], [92.9141411, 26.5942647], [92.9148389, 26.5942826], [92.9150999, 26.5943412], [92.9153509, 26.5943998], [92.9169474, 26.594959], [92.918092, 26.595419], [92.9185088, 26.5956355], [92.9192067, 26.5961633], [92.9197088, 26.5965603], [92.9200001, 26.5968219], [92.920437, 26.5972911], [92.9205927, 26.5975529], [92.9210145, 26.5981123], [92.9216875, 26.5989424], [92.9220843, 26.5994208], [92.9225463, 26.5999711], [92.923832, 26.6014194], [92.9244898, 26.6020374], [92.9257103, 26.6034089], [92.9258911, 26.6037338], [92.9263735, 26.6046], [92.9265643, 26.6048888], [92.9276543, 26.6064453], [92.9282824, 26.6076231], [92.9289556, 26.6088458], [92.9295585, 26.6098745], [92.9299504, 26.6105873], [92.9301062, 26.6109528], [92.9302419, 26.6113093], [92.9304731, 26.6117514], [92.9309434, 26.612453], [92.9310659, 26.6126358], [92.9317189, 26.6133531], [92.9322864, 26.6137635], [92.9336976, 26.6146656], [92.9342027, 26.61515], [92.9348464, 26.6157856], [92.935158, 26.6160353], [92.9356464, 26.6163706], [92.9370526, 26.6170334], [92.9375547, 26.6172499], [92.9405077, 26.6185844], [92.9424207, 26.6189717], [92.943293, 26.6189976], [92.9457195, 26.6190695], [92.9461112, 26.6191189], [92.9473165, 26.6196825], [92.9487476, 26.6200338], [92.9501585, 26.6201504], [92.951198, 26.6204026], [92.9519762, 26.6203661], [92.9523025, 26.6201479], [92.9523476, 26.6201178], [92.9538632, 26.6190203], [92.9547013, 26.6184513], [92.954867, 26.6184015], [92.9559464, 26.6183332], [92.9573263, 26.618396], [92.9590593, 26.6184764], [92.9600784, 26.618388], [92.9607853, 26.6182405], [92.9616894, 26.6181373], [92.9628348, 26.6181488], [92.9646624, 26.6182968], [92.9667612, 26.6183767], [92.9685085, 26.6184749], [92.9707527, 26.6184238], [92.9734939, 26.6182731], [92.9753516, 26.6182223], [92.9767222, 26.618122], [92.9784293, 26.6182382], [92.9790618, 26.6181023], [92.9794332, 26.617872], [92.9796889, 26.6174746], [92.9797088, 26.6172716], [92.979804, 26.6170052], [92.9799112, 26.616875], [92.9801199, 26.6166214], [92.9802074, 26.6165947], [92.980386, 26.6165399], [92.9818188, 26.61616], [92.9822981, 26.6157398], [92.9832665, 26.6151208], [92.9841749, 26.6146509], [92.9847319, 26.6144158], [92.98679, 26.6140307], [92.9884918, 26.6138308], [92.9885494, 26.6138292], [92.9915894, 26.6137427], [92.9930755, 26.6136918], [92.9932611, 26.6135744], [92.9933163, 26.613475], [92.9933163, 26.61345], [92.9933162, 26.6133766], [92.9933159, 26.6130915], [92.9933911, 26.6129244], [92.9935214, 26.612825], [92.9943691, 26.612319], [92.9944493, 26.6119037], [92.9945997, 26.6116373], [92.9951163, 26.6112353], [92.9957488, 26.6110678], [92.9963056, 26.6105663], [92.996213, 26.6104546], [92.9960442, 26.6102507], [92.9955611, 26.6091319], [92.995415, 26.6086311], [92.9951869, 26.6064606], [92.9953163, 26.6055593], [92.9953491, 26.6055009], [92.9962026, 26.6040087], [93.0001688, 26.6019267], [93.0055925, 26.5999188], [93.0081637, 26.5990824], [93.0095497, 26.5986315], [93.0137573, 26.5977143], [93.0202787, 26.5970877], [93.0232104, 26.5969591], [93.0253689, 26.5969562], [93.0271554, 26.5972802], [93.0275672, 26.5973549], [93.0300919, 26.5977809], [93.0320342, 26.5981794], [93.0324798, 26.5981796], [93.0335, 26.5981803], [93.0355133, 26.5978477], [93.038591, 26.5973217], [93.0409127, 26.5970964], [93.0426574, 26.5969271], [93.0442398, 26.5965863], [93.0469399, 26.5960045], [93.0517745, 26.5953168], [93.054159, 26.5951511], [93.0550397, 26.5950615], [93.055439, 26.5950209], [93.0574166, 26.5954145], [93.0594696, 26.5956141], [93.0601622, 26.5957137], [93.0611157, 26.5961068], [93.0625813, 26.5965362], [93.0633141, 26.5967352], [93.0644485, 26.596835], [93.0661699, 26.5975578], [93.0678914, 26.5980865], [93.0700149, 26.598119], [93.0711143, 26.5979209], [93.0729068, 26.5970958], [93.0740415, 26.5965367], [93.0744835, 26.5961758], [93.0745213, 26.5960135], [93.0747753, 26.5949213], [93.0753157, 26.59418], [93.0753278, 26.5941634], [93.0754335, 26.5940732], [93.0766434, 26.5930402], [93.0777973, 26.5919351], [93.078843, 26.5909335], [93.082172, 26.5885609], [93.0823399, 26.5884441], [93.0839293, 26.5873385], [93.0853955, 26.5860211], [93.0864848, 26.5850085], [93.0873208, 26.5842313], [93.0882815, 26.5833382], [93.08887, 26.582791], [93.0923844, 26.5796917], [93.0949498, 26.5776796], [93.096561, 26.5770572], [93.0985537, 26.5767914], [93.1017407, 26.576792], [93.1040845, 26.5770858], [93.1073418, 26.5775467], [93.1074071, 26.5775588], [93.1098311, 26.5780073], [93.113274, 26.5788291], [93.1150327, 26.5793154], [93.115658, 26.5794883], [93.1173393, 26.5799171], [93.1175751, 26.5799171], [93.1182176, 26.5799172], [93.1190258, 26.580179], [93.121736, 26.5814157], [93.1229757, 26.5818354], [93.1242756, 26.5823363], [93.1250595, 26.5828208], [93.1255756, 26.5831397], [93.127062, 26.5840196], [93.1273284, 26.5841773], [93.1290709, 26.5852675], [93.1296261, 26.5856444], [93.1309964, 26.5863484], [93.1324069, 26.5870478], [93.1334573, 26.5874641], [93.1335621, 26.5875056], [93.1345251, 26.5878872], [93.1360661, 26.5886407], [93.137589, 26.5893135], [93.1381092, 26.5895432], [93.1400417, 26.5903102], [93.1419175, 26.5907725], [93.1424763, 26.5909102], [93.1442081, 26.5913704], [93.1463717, 26.5922637], [93.1492684, 26.5938022], [93.1524662, 26.5959723], [93.1548409, 26.5971769], [93.157758, 26.5992974], [93.1582787, 26.5997521], [93.1602434, 26.6014676], [93.1611724, 26.6026046], [93.1618806, 26.6041749], [93.1621255, 26.6048678], [93.1622123, 26.6051135], [93.1624889, 26.6068012], [93.1630114, 26.6078706], [93.1648344, 26.6100092], [93.1660948, 26.6110784], [93.1666176, 26.6114262], [93.167546, 26.6120438], [93.1696599, 26.6126795], [93.1703443, 26.6128783], [93.1708711, 26.6130312], [93.1720198, 26.6133648], [93.173988, 26.6139328], [93.1773324, 26.6151682], [93.1821981, 26.6171386], [93.1841256, 26.6177688], [93.1853162, 26.6181581], [93.1867477, 26.6186261], [93.1908002, 26.6199918], [93.1922209, 26.6203444], [93.1925427, 26.6204242], [93.1932859, 26.6206946], [93.1957077, 26.6217678], [93.1967813, 26.6221958], [93.2012964, 26.6241476], [93.2023865, 26.6246172], [93.2049377, 26.6257162], [93.2056558, 26.6260189], [93.2080065, 26.6270098], [93.2090384, 26.6274812], [93.2101965, 26.6280103], [93.2112915, 26.6283709], [93.2124264, 26.6287447], [93.2159272, 26.6297531], [93.2164058, 26.6298989], [93.2175543, 26.6302488], [93.219076, 26.630645], [93.2197843, 26.6310462], [93.220342, 26.6315828], [93.2203421, 26.6315829], [93.2209705, 26.632485], [93.2212204, 26.6331119], [93.2213428, 26.6334189], [93.2218715, 26.6345004], [93.2223639, 26.6355077], [93.2223639, 26.6355077], [93.223556, 26.6380792], [93.2243501, 26.6401938], [93.2245777, 26.6407997], [93.2248805, 26.6425731], [93.2253249, 26.6455467], [93.2254602, 26.6462054], [93.2255952, 26.6468621], [93.2258292, 26.6480013], [93.2261272, 26.6500724], [93.2260941, 26.6524462], [93.2259993, 26.6539471], [93.2259305, 26.6550366], [93.2259059, 26.6561424], [93.2258957, 26.6565987], [93.2258918, 26.6567741], [93.225893, 26.6582769], [93.2260797, 26.6592786], [93.2263967, 26.6601586], [93.2264347, 26.6602639], [93.2265429, 26.6605644], [93.2266398, 26.6607072], [93.2271765, 26.6614982], [93.228147, 26.6627339], [93.2294842, 26.6641049], [93.2303743, 26.665273], [93.2310482, 26.6662429], [93.2314758, 26.66696], [93.2314758, 26.6669601], [93.2319882, 26.6675241], [93.2322953, 26.6678621], [93.2326513, 26.6682935], [93.2329052, 26.6686013], [93.2330395, 26.668764], [93.2360177, 26.6736402], [93.2383072, 26.6777631], [93.2397211, 26.6803388], [93.2403376, 26.6815173], [93.2409693, 26.6827251], [93.2416738, 26.6838617], [93.2434985, 26.6849343], [93.245207, 26.6855376], [93.2453179, 26.6858624], [93.2456837, 26.6860252], [93.2466538, 26.6864569], [93.2491702, 26.686888], [93.2499998, 26.6871264], [93.2499998, 26.6871264], [93.2500001, 26.6871265], [93.2506667, 26.687318], [93.2527069, 26.6868911], [93.2530709, 26.6867708], [93.2542802, 26.6863708], [93.2571294, 26.6854284], [93.2588844, 26.6845165], [93.2614823, 26.6831667], [93.2628436, 26.6831678], [93.2673995, 26.6837852], [93.2674278, 26.6837919], [93.2735144, 26.6852382], [93.2738585, 26.68532], [93.2811306, 26.6878298], [93.2823159, 26.6882909], [93.283883, 26.6887838], [93.2840179, 26.6887972], [93.2857165, 26.6889655], [93.2861231, 26.6893314], [93.2860747, 26.6896041], [93.2860575, 26.6897013], [93.2856504, 26.6900035], [93.2847661, 26.6900029], [93.2845553, 26.6901919], [93.2844896, 26.6902509], [93.2847654, 26.6908603], [93.284801, 26.690909], [93.2852045, 26.6914623], [93.2863262, 26.6930004], [93.2880223, 26.6955105], [93.2892473, 26.6966125], [93.2906735, 26.6974663], [93.2940039, 26.6983258], [93.2978646, 26.6990588], [93.3004643, 26.6995525], [93.3039155, 26.7004117], [93.3050084, 26.6964366], [93.3050899, 26.6963171], [93.3057541, 26.6953442], [93.3058915, 26.695143], [93.3068377, 26.693757], [93.3068438, 26.693748], [93.3068485, 26.6937437], [93.3085832, 26.6921919]]]}}], "_source": {"dataset": "LGD district boundaries", "url": "https://bharatlas.com/api/dl/admin/districts/LGD_Districts.parquet", "licence": "CC0-1.0 / CC-BY-4.0 (bharatlas.com mirror of LGD)", "retrieved_at": "2026-09-28T10:38:05.213275+00:00"}}