{
  "type": "Feature",
  "properties": {
    "mws_id": "4120883730",
    "name": "Marigaon",
    "pick_method": "automated_ranking_pending_human_confirmation",
    "source": "SLUSI micro-watersheds (bharatlas.com CC0-1.0 mirror)",
    "component_mws_ids": [
      "g_mws.140512",
      "g_mws.139501",
      "g_mws.140468",
      "g_mws.139127",
      "g_mws.139558"
    ],
    "component_mws_codes": [
      "3B2E1b9",
      "3B2E1r5",
      "3B2A4a5",
      "3B2E1v2",
      "3B2E1r3"
    ],
    "is_synthetic_boundary": false
  },
  "geometry": {
    "type": "MultiPolygon",
    "coordinates": [
      [
        [
          [
            92.13523674700008,
            26.198859377000076
          ],
          [
            92.13517188600008,
            26.19861240800003
          ],
          [
            92.13507176100006,
            26.198341072000062
          ],
          [
            92.13488847100007,
            26.19795561500007
          ],
          [
            92.13482336300007,
            26.19778451700006
          ],
          [
            92.13471743400004,
            26.197550037000042
          ],
          [
            92.13458730600007,
            26.197156363000033
          ],
          [
            92.13450872700008,
            26.196998198000074
          ],
          [
            92.13445169600004,
            26.196852353000054
          ],
          [
            92.13431573700007,
            26.196403857000064
          ],
          [
            92.13426979000008,
            26.196182691000047
          ],
          [
            92.13415754900007,
            26.195759915000053
          ],
          [
            92.13413725800007,
            26.195638341000063
          ],
          [
            92.13410980600008,
            26.195346320000056
          ],
          [
            92.13407803200005,
            26.195169302000068
          ],
          [
            92.13407550700003,
            26.195096627000055
          ],
          [
            92.13409301700005,
            26.19485570200004
          ],
          [
            92.13405940900003,
            26.194589103000055
          ],
          [
            92.13404126000006,
            26.194079264000038
          ],
          [
            92.13403063200008,
            26.193989207000072
          ],
          [
            92.13398961000007,
            26.193799570000067
          ],
          [
            92.13397572400004,
            26.193665638000027
          ],
          [
            92.13396666100004,
            26.192601258000025
          ],
          [
            92.13395509800006,
            26.19246644800006
          ],
          [
            92.13390072400006,
            26.192155694000064
          ],
          [
            92.13388994900004,
            26.19192537600003
          ],
          [
            92.13389420300007,
            26.191083006000042
          ],
          [
            92.13390585100007,
            26.190946869000072
          ],
          [
            92.13396016300004,
            26.190637094000067
          ],
          [
            92.13397191900003,
            26.190318326000067
          ],
          [
            92.13396132800005,
            26.189314851000063
          ],
          [
            92.13394924900007,
            26.18918673400003
          ],
          [
            92.13391405100003,
            26.18900790600003
          ],
          [
            92.13390923300005,
            26.188895973000058
          ],
          [
            92.13395371500008,
            26.188601641000048
          ],
          [
            92.13396522300008,
            26.18846740300006
          ],
          [
            92.13396999500009,
            26.187728035000077
          ],
          [
            92.13397905200009,
            26.187510875000044
          ],
          [
            92.13402979300008,
            26.187240790000033
          ],
          [
            92.13406609800006,
            26.186944699000037
          ],
          [
            92.13411442800003,
            26.186680938000052
          ],
          [
            92.13414583300005,
            26.186232459000053
          ],
          [
            92.13419709600004,
            26.18595219900004
          ],
          [
            92.13422011700004,
            26.185241777000044
          ],
          [
            92.13427603300005,
            26.184914356000036
          ],
          [
            92.13430080500007,
            26.184270714000036
          ],
          [
            92.13435945800006,
            26.183837551000067
          ],
          [
            92.13437118700006,
            26.18341922700006
          ],
          [
            92.13436805300006,
            26.183041510000066
          ],
          [
            92.13434651500006,
            26.182778902000052
          ],
          [
            92.13430901800007,
            26.182478153000034
          ],
          [
            92.13402719000004,
            26.182532760000072
          ],
          [
            92.13379425900007,
            26.182592699000054
          ],
          [
            92.13342731100005,
            26.182635622000078
          ],
          [
            92.13323472500008,
            26.182674932000054
          ],
          [
            92.13304875100005,
            26.182690045000072
          ],
          [
            92.13247852200004,
            26.182702832000075
          ],
          [
            92.13234147000009,
            26.182721668000056
          ],
          [
            92.13216749600008,
            26.182760742000028
          ],
          [
            92.13195040100004,
            26.182790015000023
          ],
          [
            92.13168133800008,
            26.182751503000077
          ],
          [
            92.13126632400008,
            26.182712974000026
          ],
          [
            92.13078776000003,
            26.182600173000026
          ],
          [
            92.13018957100007,
            26.18252651000006
          ],
          [
            92.12974445800006,
            26.18243349100004
          ],
          [
            92.12922562700004,
            26.182262597000033
          ],
          [
            92.12899635800005,
            26.18216218300006
          ],
          [
            92.12853456200008,
            26.181987681000066
          ],
          [
            92.12809546300008,
            26.18184252700007
          ],
          [
            92.12780300000009,
            26.181709295000076
          ],
          [
            92.12724846800006,
            26.18153704100007
          ],
          [
            92.12690175400007,
            26.181393005000075
          ],
          [
            92.12672156100007,
            26.181301334000068
          ],
          [
            92.12639680300003,
            26.181060701000035
          ],
          [
            92.12623520200003,
            26.180967121000037
          ],
          [
            92.12604215600004,
            26.18087447700003
          ],
          [
            92.12557775000005,
            26.180676236000068
          ],
          [
            92.12507357400006,
            26.18040923800004
          ],
          [
            92.12468014500007,
            26.180238614000075
          ],
          [
            92.12426371100008,
            26.180102404000024
          ],
          [
            92.12375070100006,
            26.179891129000055
          ],
          [
            92.12351621100004,
            26.179759701000023
          ],
          [
            92.12312109000004,
            26.17955860400008
          ],
          [
            92.12278826800008,
            26.179404718000058
          ],
          [
            92.12265368400006,
            26.17932421300003
          ],
          [
            92.12230247700006,
            26.17907473100007
          ],
          [
            92.12193728900007,
            26.178730090000045
          ],
          [
            92.12172466400006,
            26.178585274000056
          ],
          [
            92.12154848300008,
            26.178481099000066
          ],
          [
            92.12101847500008,
            26.17823538700003
          ],
          [
            92.12070226300006,
            26.178065925000055
          ],
          [
            92.12047745600006,
            26.17792545800006
          ],
          [
            92.11974160900007,
            26.177587025000037
          ],
          [
            92.11927286300005,
            26.17733124600005
          ],
          [
            92.11866908900004,
            26.177111081000078
          ],
          [
            92.11829011300006,
            26.177041231000032
          ],
          [
            92.11805942700005,
            26.177036147000024
          ],
          [
            92.11770213300008,
            26.17692713100007
          ],
          [
            92.11715127500008,
            26.176714417000028
          ],
          [
            92.11622619300005,
            26.176472450000063
          ],
          [
            92.11592357600006,
            26.17635071600006
          ],
          [
            92.11570690900004,
            26.17628215900004
          ],
          [
            92.11529868300005,
            26.176193865000073
          ],
          [
            92.11463474500005,
            26.176023670000063
          ],
          [
            92.11411814200005,
            26.175843635000035
          ],
          [
            92.11335049400003,
            26.17571020200006
          ],
          [
            92.11300493900006,
            26.17558944900003
          ],
          [
            92.11286856200007,
            26.17555395900007
          ],
          [
            92.11227678800003,
            26.175486180000064
          ],
          [
            92.11202946400005,
            26.175506705000032
          ],
          [
            92.11163170100008,
            26.175491905000058
          ],
          [
            92.11089326400008,
            26.175438704000044
          ],
          [
            92.11050638600005,
            26.175383515000078
          ],
          [
            92.10907256300004,
            26.17532186300008
          ],
          [
            92.10867553000008,
            26.175280818000033
          ],
          [
            92.10810439200009,
            26.17518561600008
          ],
          [
            92.10770182200008,
            26.17516192000005
          ],
          [
            92.10757481700006,
            26.175162707000027
          ],
          [
            92.10737433800006,
            26.175186194000048
          ],
          [
            92.10669082800007,
            26.175313092000067
          ],
          [
            92.10609741200005,
            26.17543145700006
          ],
          [
            92.10545995300004,
            26.17559717200004
          ],
          [
            92.10479960000004,
            26.175785722000057
          ],
          [
            92.10454330100004,
            26.17584383800005
          ],
          [
            92.10416428400003,
            26.175958422000065
          ],
          [
            92.10365379900009,
            26.176061705000052
          ],
          [
            92.10317357700006,
            26.176220366000052
          ],
          [
            92.10282408100005,
            26.176357696000025
          ],
          [
            92.10270772700005,
            26.176392016000023
          ],
          [
            92.10250151000008,
            26.17641505000006
          ],
          [
            92.10223633300006,
            26.176417851000053
          ],
          [
            92.10197133900004,
            26.176404363000074
          ],
          [
            92.10176507400007,
            26.17637058500003
          ],
          [
            92.10129497700007,
            26.17648509000003
          ],
          [
            92.10078307000003,
            26.176632633000054
          ],
          [
            92.10051643800006,
            26.17667887300007
          ],
          [
            92.10005037400003,
            26.176797407000038
          ],
          [
            92.09981051000005,
            26.176813722000077
          ],
          [
            92.09960316300004,
            26.176892287000044
          ],
          [
            92.09937051100007,
            26.17693372100007
          ],
          [
            92.09925051200008,
            26.176973721000024
          ],
          [
            92.09897051100006,
            26.177173722000077
          ],
          [
            92.09853856100005,
            26.17762350600003
          ],
          [
            92.09839545700004,
            26.17780917700003
          ],
          [
            92.09827128100005,
            26.178023172000053
          ],
          [
            92.09793320400007,
            26.178774178000026
          ],
          [
            92.09786914400007,
            26.178952108000033
          ],
          [
            92.09781682600004,
            26.179198332000055
          ],
          [
            92.09778051100005,
            26.179479491000052
          ],
          [
            92.09775287000008,
            26.179934880000076
          ],
          [
            92.09770933900006,
            26.180236509000054
          ],
          [
            92.09770667600009,
            26.180395829000076
          ],
          [
            92.09773747400004,
            26.180635210000048
          ],
          [
            92.09787276000009,
            26.181164658000057
          ],
          [
            92.09801461300003,
            26.18165973200007
          ],
          [
            92.09818821600004,
            26.18206306700006
          ],
          [
            92.09825861000007,
            26.182265912000048
          ],
          [
            92.09838581000008,
            26.182917059000033
          ],
          [
            92.09854361800006,
            26.183379874000025
          ],
          [
            92.09865986300008,
            26.18347869200005
          ],
          [
            92.09875561700005,
            26.183599612000023
          ],
          [
            92.09900070400005,
            26.184136477000038
          ],
          [
            92.09921075500006,
            26.184717656000032
          ],
          [
            92.09934451600003,
            26.184984512000028
          ],
          [
            92.09953996200005,
            26.185426024000037
          ],
          [
            92.09959907700005,
            26.185627053000076
          ],
          [
            92.09975506500007,
            26.186356481000075
          ],
          [
            92.09980181500003,
            26.186670943000024
          ],
          [
            92.09983826400008,
            26.187067572000046
          ],
          [
            92.09985021300008,
            26.18779379600005
          ],
          [
            92.09982739200007,
            26.188548800000035
          ],
          [
            92.09983638800009,
            26.18891396600003
          ],
          [
            92.10010974400006,
            26.189064202000054
          ],
          [
            92.10066735500004,
            26.189396785000042
          ],
          [
            92.10115366200006,
            26.189609115000053
          ],
          [
            92.10194004500005,
            26.190031004000048
          ],
          [
            92.10227990500005,
            26.190159281000035
          ],
          [
            92.10254838800006,
            26.190282507000063
          ],
          [
            92.10290910400005,
            26.190413980000073
          ],
          [
            92.10359891200005,
            26.19056198100003
          ],
          [
            92.10393060300004,
            26.19069385000006
          ],
          [
            92.10417051100006,
            26.190773722000074
          ],
          [
            92.10441051100008,
            26.190893722000055
          ],
          [
            92.10479862300008,
            26.191042727000024
          ],
          [
            92.10522296100004,
            26.19122079300007
          ],
          [
            92.10534232200007,
            26.191247533000023
          ],
          [
            92.10580217800003,
            26.191314130000023
          ],
          [
            92.10596343400005,
            26.191351446000056
          ],
          [
            92.10629654700006,
            26.191479264000066
          ],
          [
            92.10663086000005,
            26.19157602200005
          ],
          [
            92.10688973700007,
            26.191697342000055
          ],
          [
            92.10739590600008,
            26.191977319000046
          ],
          [
            92.10775946000007,
            26.19215988600007
          ],
          [
            92.10798248200007,
            26.19230419400003
          ],
          [
            92.10836068000003,
            26.192519167000057
          ],
          [
            92.10854578500005,
            26.19264111900003
          ],
          [
            92.10883172600006,
            26.192799561000072
          ],
          [
            92.10899195800005,
            26.192915667000022
          ],
          [
            92.10923226000006,
            26.193052915000067
          ],
          [
            92.10946586800009,
            26.193201721000037
          ],
          [
            92.10985269800005,
            26.193408189000024
          ],
          [
            92.11038613500006,
            26.19378353600007
          ],
          [
            92.11079297900005,
            26.194036209000046
          ],
          [
            92.11092588100007,
            26.19413195900006
          ],
          [
            92.11119231800006,
            26.194253548000063
          ],
          [
            92.11135600400007,
            26.194341387000065
          ],
          [
            92.11179228300006,
            26.19464529100003
          ],
          [
            92.11203090000004,
            26.194838253000057
          ],
          [
            92.11225925300005,
            26.194993659000033
          ],
          [
            92.11289711700005,
            26.195399911000038
          ],
          [
            92.11302254600008,
            26.195467439000026
          ],
          [
            92.11355222200007,
            26.195695389000036
          ],
          [
            92.11513738800005,
            26.196517051000058
          ],
          [
            92.11573377600007,
            26.19676590100005
          ],
          [
            92.11636230400006,
            26.19699367000004
          ],
          [
            92.11665357300006,
            26.197127426000065
          ],
          [
            92.11711513600005,
            26.19728532000005
          ],
          [
            92.11755062800006,
            26.197556805000033
          ],
          [
            92.11789781600004,
            26.197713732000068
          ],
          [
            92.11829931700004,
            26.197871973000076
          ],
          [
            92.11872007300008,
            26.197998964000078
          ],
          [
            92.11970265400004,
            26.19834426700004
          ],
          [
            92.12002618800005,
            26.198404236000044
          ],
          [
            92.12034098400005,
            26.19850748700003
          ],
          [
            92.12051166800006,
            26.19854974200007
          ],
          [
            92.12104538200003,
            26.198630533000028
          ],
          [
            92.12173628500005,
            26.19879939300006
          ],
          [
            92.12198899100008,
            26.198932541000033
          ],
          [
            92.12226355900003,
            26.199023891000024
          ],
          [
            92.12266542900005,
            26.199087572000053
          ],
          [
            92.12319775200007,
            26.199204646000055
          ],
          [
            92.12370126600007,
            26.199347259000035
          ],
          [
            92.12414010300006,
            26.199430333000066
          ],
          [
            92.12478605100006,
            26.199475884000037
          ],
          [
            92.12514009700004,
            26.19955073500006
          ],
          [
            92.12572300500005,
            26.199631872000054
          ],
          [
            92.12660266300009,
            26.199800649000053
          ],
          [
            92.12681140500007,
            26.19981309800005
          ],
          [
            92.12749994600006,
            26.199820208000062
          ],
          [
            92.12792898500004,
            26.199842626000077
          ],
          [
            92.12813251300008,
            26.19987601300005
          ],
          [
            92.12850154200004,
            26.199891498000056
          ],
          [
            92.12865168300004,
            26.199885445000064
          ],
          [
            92.12889145500009,
            26.19986043700004
          ],
          [
            92.12929644900004,
            26.199858428000027
          ],
          [
            92.12975886700008,
            26.19989154800004
          ],
          [
            92.13062613500006,
            26.199896607000028
          ],
          [
            92.13075901700006,
            26.199907488000065
          ],
          [
            92.13101864700008,
            26.199956833000044
          ],
          [
            92.13129684400008,
            26.19998898800003
          ],
          [
            92.13150858100005,
            26.200033888000064
          ],
          [
            92.13172497800008,
            26.19998910000004
          ],
          [
            92.13212620800005,
            26.19992231300006
          ],
          [
            92.13237663100006,
            26.19986807600003
          ],
          [
            92.13268266500006,
            26.199834803000044
          ],
          [
            92.13289597800008,
            26.199786780000068
          ],
          [
            92.13320501600003,
            26.199760585000035
          ],
          [
            92.13341828300008,
            26.199712439000052
          ],
          [
            92.13368609400004,
            26.199683279000055
          ],
          [
            92.13392673500005,
            26.19964486300006
          ],
          [
            92.13441808900006,
            26.19951233200004
          ],
          [
            92.13472232400005,
            26.199475102000065
          ],
          [
            92.13489817400006,
            26.199429981000037
          ],
          [
            92.13508843800008,
            26.199396283000056
          ],
          [
            92.13530012000007,
            26.199345552000068
          ],
          [
            92.13526626900006,
            26.19913813100004
          ],
          [
            92.13523674700008,
            26.198859377000076
          ]
        ]
      ],
      [
        [
          [
            92.40110958200006,
            26.197264980000057
          ],
          [
            92.40123519600007,
            26.19729211200007
          ],
          [
            92.40141635000003,
            26.197300210000037
          ],
          [
            92.40165358700006,
            26.19734961900008
          ],
          [
            92.40185119900008,
            26.19738144200005
          ],
          [
            92.40218026200006,
            26.197461959000066
          ],
          [
            92.40297782300007,
            26.19769612500005
          ],
          [
            92.40324852300006,
            26.197784485000057
          ],
          [
            92.40346800300006,
            26.197864564000042
          ],
          [
            92.40361183100003,
            26.197929179000027
          ],
          [
            92.40390839900004,
            26.198045943000068
          ],
          [
            92.40419810900005,
            26.198125584000024
          ],
          [
            92.40443369800005,
            26.19816290700004
          ],
          [
            92.40506428000003,
            26.198330115000033
          ],
          [
            92.40541909600006,
            26.198405337000054
          ],
          [
            92.40583820100005,
            26.198525921000055
          ],
          [
            92.40613333100004,
            26.198650844000042
          ],
          [
            92.40627726400004,
            26.198699257000044
          ],
          [
            92.40654292000005,
            26.198815762000038
          ],
          [
            92.40668744700008,
            26.198862788000042
          ],
          [
            92.40699401900008,
            26.19897945400004
          ],
          [
            92.40731346000007,
            26.199060798000062
          ],
          [
            92.40758679900006,
            26.19916352200005
          ],
          [
            92.40781218000006,
            26.199229925000054
          ],
          [
            92.40791836900007,
            26.199244795000027
          ],
          [
            92.40817151300007,
            26.199262542000042
          ],
          [
            92.40850123200005,
            26.199318702000028
          ],
          [
            92.40873922900005,
            26.19935065100003
          ],
          [
            92.40924707700003,
            26.199476160000074
          ],
          [
            92.40944302200006,
            26.199512137000056
          ],
          [
            92.40960897400004,
            26.199561284000026
          ],
          [
            92.40980294600007,
            26.199601967000035
          ],
          [
            92.40993704100003,
            26.199643129000037
          ],
          [
            92.41010075900004,
            26.199671996000063
          ],
          [
            92.41034673500008,
            26.19972795700005
          ],
          [
            92.41058804100004,
            26.199759399000072
          ],
          [
            92.41078474200003,
            26.199810005000074
          ],
          [
            92.41103551500004,
            26.19984168800005
          ],
          [
            92.41179130800003,
            26.199978073000068
          ],
          [
            92.41201209900004,
            26.19998737900005
          ],
          [
            92.41238728800005,
            26.20004711200005
          ],
          [
            92.41256800300005,
            26.20008946300004
          ],
          [
            92.41275995000007,
            26.200122221000072
          ],
          [
            92.41316830300008,
            26.20020882600005
          ],
          [
            92.41334599000004,
            26.200257917000044
          ],
          [
            92.41371628200005,
            26.200336701000026
          ],
          [
            92.41435597900005,
            26.20045813400003
          ],
          [
            92.41519299000004,
            26.200664224000036
          ],
          [
            92.41546506600008,
            26.200698915000032
          ],
          [
            92.41568149700004,
            26.20073600300003
          ],
          [
            92.41588116100007,
            26.200740901000074
          ],
          [
            92.41598222900006,
            26.20075511600004
          ],
          [
            92.41616848600006,
            26.20080631600007
          ],
          [
            92.41662464900008,
            26.200957844000072
          ],
          [
            92.41742776900008,
            26.201203856000063
          ],
          [
            92.41769657900005,
            26.201312734000055
          ],
          [
            92.41816559700004,
            26.201450284000032
          ],
          [
            92.41843506500004,
            26.201557733000072
          ],
          [
            92.41874646200006,
            26.201639190000037
          ],
          [
            92.41912924000007,
            26.201768560000062
          ],
          [
            92.41936661700004,
            26.201831670000047
          ],
          [
            92.41949483900004,
            26.201860332000024
          ],
          [
            92.41972736700006,
            26.20189225000007
          ],
          [
            92.41990574500005,
            26.201939417000062
          ],
          [
            92.42009663600004,
            26.201973132000035
          ],
          [
            92.42027570600004,
            26.20201886800004
          ],
          [
            92.42039360800004,
            26.202032105000058
          ],
          [
            92.42071501000004,
            26.202047143000073
          ],
          [
            92.42079311400005,
            26.20205692500008
          ],
          [
            92.42101202000003,
            26.202105336000045
          ],
          [
            92.42141054800004,
            26.202132782000035
          ],
          [
            92.42162926500004,
            26.20218188800004
          ],
          [
            92.42190367700005,
            26.20221191400003
          ],
          [
            92.42218845800005,
            26.202258563000044
          ],
          [
            92.42323171200007,
            26.20254197400004
          ],
          [
            92.42357768400007,
            26.202598047000038
          ],
          [
            92.42378599300008,
            26.20267292500006
          ],
          [
            92.42404952500004,
            26.202793910000025
          ],
          [
            92.42425469100004,
            26.20287539000003
          ],
          [
            92.42439920500004,
            26.202922396000076
          ],
          [
            92.42479983500004,
            26.20307985200003
          ],
          [
            92.42552376000003,
            26.203289718000065
          ],
          [
            92.42571321700007,
            26.203326898000057
          ],
          [
            92.42585389100003,
            26.203365509000037
          ],
          [
            92.42597026200008,
            26.203383458000076
          ],
          [
            92.42662110000003,
            26.203396068000075
          ],
          [
            92.42673929600005,
            26.20340937900005
          ],
          [
            92.42688150800006,
            26.203445427000077
          ],
          [
            92.42699713000007,
            26.203463015000068
          ],
          [
            92.42740142600007,
            26.203473959000064
          ],
          [
            92.42752918500008,
            26.203485923000073
          ],
          [
            92.42766023300004,
            26.203522147000058
          ],
          [
            92.42783684000005,
            26.203588425000078
          ],
          [
            92.42812644000009,
            26.203656932000058
          ],
          [
            92.42830414700006,
            26.20375937400007
          ],
          [
            92.42879864100007,
            26.203712325000026
          ],
          [
            92.42909225600005,
            26.203819214000077
          ],
          [
            92.42945281000004,
            26.20392143600003
          ],
          [
            92.42958115600004,
            26.20395035100006
          ],
          [
            92.42989508400007,
            26.203983881000056
          ],
          [
            92.43011396400004,
            26.20403229300007
          ],
          [
            92.43042813100004,
            26.204066281000053
          ],
          [
            92.43085023800006,
            26.204199282000047
          ],
          [
            92.43097558300008,
            26.20422910600007
          ],
          [
            92.43105184100006,
            26.20423593000004
          ],
          [
            92.43112839300005,
            26.204232002000026
          ],
          [
            92.43129416000005,
            26.20420273800005
          ],
          [
            92.43142014700004,
            26.20416937400006
          ],
          [
            92.43175985200008,
            26.204346059000045
          ],
          [
            92.43247573000008,
            26.204645010000036
          ],
          [
            92.43271863200005,
            26.20477508700003
          ],
          [
            92.43296908400004,
            26.20478312700004
          ],
          [
            92.43312987800005,
            26.20479972000004
          ],
          [
            92.43334120900005,
            26.204840852000075
          ],
          [
            92.43366874700007,
            26.204923183000062
          ],
          [
            92.43394094000007,
            26.205011890000037
          ],
          [
            92.43433296100005,
            26.20518966000003
          ],
          [
            92.43471193800008,
            26.205329310000025
          ],
          [
            92.43505986100007,
            26.20537898400005
          ],
          [
            92.43551610300005,
            26.205517675000067
          ],
          [
            92.43579887200008,
            26.205571603000067
          ],
          [
            92.43587120200004,
            26.205366997000056
          ],
          [
            92.43594655800007,
            26.20518428200006
          ],
          [
            92.43601876400004,
            26.204969654000024
          ],
          [
            92.43602925400006,
            26.204938473000027
          ],
          [
            92.43611936200006,
            26.204613816000062
          ],
          [
            92.43616075900007,
            26.20442596500004
          ],
          [
            92.43623894300003,
            26.204178306000074
          ],
          [
            92.43632519000005,
            26.203933860000063
          ],
          [
            92.43644803600006,
            26.20362995200003
          ],
          [
            92.43648335000006,
            26.20346664300007
          ],
          [
            92.43651399300006,
            26.203183599000056
          ],
          [
            92.43659815500007,
            26.202903653000078
          ],
          [
            92.43680872300007,
            26.202425692000077
          ],
          [
            92.43701139300003,
            26.201862756000025
          ],
          [
            92.43708609200007,
            26.20163070800004
          ],
          [
            92.43723588400007,
            26.20129675100003
          ],
          [
            92.43742272200006,
            26.200773268000034
          ],
          [
            92.43756088200007,
            26.20045120700007
          ],
          [
            92.43767177500007,
            26.200265348000073
          ],
          [
            92.43778400000008,
            26.200017598000045
          ],
          [
            92.43779965500005,
            26.199945009000032
          ],
          [
            92.43783176100004,
            26.199654038000062
          ],
          [
            92.43792193100006,
            26.199323956000057
          ],
          [
            92.43797187600006,
            26.19909063600005
          ],
          [
            92.43799845600006,
            26.19889289300005
          ],
          [
            92.43799861600007,
            26.198670807000042
          ],
          [
            92.43805327300004,
            26.198309280000046
          ],
          [
            92.43807171600008,
            26.19797565700003
          ],
          [
            92.43809197400003,
            26.197782584000038
          ],
          [
            92.43809275400008,
            26.197681988000056
          ],
          [
            92.43808014300004,
            26.197501500000044
          ],
          [
            92.43809610400007,
            26.197287362000054
          ],
          [
            92.43809623600004,
            26.197146888000077
          ],
          [
            92.43808452400003,
            26.19704300500007
          ],
          [
            92.43800661700004,
            26.196666871000048
          ],
          [
            92.43797518800005,
            26.19656586700006
          ],
          [
            92.43788333100008,
            26.19632790600008
          ],
          [
            92.43783237100007,
            26.19608551300007
          ],
          [
            92.43780169800004,
            26.19572545500006
          ],
          [
            92.43774135800004,
            26.19535720700003
          ],
          [
            92.43773614800006,
            26.195097329000077
          ],
          [
            92.43780737400004,
            26.194373064000047
          ],
          [
            92.43782762700005,
            26.194002940000075
          ],
          [
            92.43790661100007,
            26.193459155000028
          ],
          [
            92.43797478200008,
            26.193126578000033
          ],
          [
            92.43798329300006,
            26.193018903000052
          ],
          [
            92.43797509000007,
            26.192851932000053
          ],
          [
            92.43798611500006,
            26.192744807000054
          ],
          [
            92.43801656800008,
            26.192623904000072
          ],
          [
            92.43820120200007,
            26.19214621200007
          ],
          [
            92.43824938000006,
            26.192001909000055
          ],
          [
            92.43834090200005,
            26.191802703000064
          ],
          [
            92.43853555600003,
            26.191452041000048
          ],
          [
            92.43860483900005,
            26.191310947000034
          ],
          [
            92.43881963000007,
            26.19077021700008
          ],
          [
            92.43889013300009,
            26.190631710000048
          ],
          [
            92.43893123700008,
            26.190567616000067
          ],
          [
            92.43909838500008,
            26.190363898000044
          ],
          [
            92.43916452700006,
            26.190267993000077
          ],
          [
            92.43935940800009,
            26.189895638000053
          ],
          [
            92.43943593300008,
            26.18972910800005
          ],
          [
            92.43950291100003,
            26.18954702600007
          ],
          [
            92.43955611300004,
            26.189329824000026
          ],
          [
            92.43958913400007,
            26.189249158000052
          ],
          [
            92.43965233300008,
            26.189142720000063
          ],
          [
            92.43976135900004,
            26.18898964400006
          ],
          [
            92.43998459800008,
            26.18862841200007
          ],
          [
            92.44012285000008,
            26.188388090000046
          ],
          [
            92.44021951400003,
            26.188242041000024
          ],
          [
            92.44033204100003,
            26.18809517400007
          ],
          [
            92.44060075000004,
            26.187821317000044
          ],
          [
            92.44096497800007,
            26.18734876600007
          ],
          [
            92.44121287500008,
            26.187104540000064
          ],
          [
            92.44148371000006,
            26.186807644000055
          ],
          [
            92.44165809100008,
            26.186616482000034
          ],
          [
            92.44203773400005,
            26.18610564200003
          ],
          [
            92.44216113600004,
            26.185865112000045
          ],
          [
            92.44225712000008,
            26.185724632000074
          ],
          [
            92.44239185900005,
            26.185548598000025
          ],
          [
            92.44253063800005,
            26.185330892000025
          ],
          [
            92.44303849300007,
            26.18466263700003
          ],
          [
            92.44311521000003,
            26.18458650900004
          ],
          [
            92.44330185500007,
            26.18444513600008
          ],
          [
            92.44348335300003,
            26.18429437700007
          ],
          [
            92.44393534600005,
            26.18374593200008
          ],
          [
            92.44418887700004,
            26.18348314600007
          ],
          [
            92.44445932200006,
            26.18323443500003
          ],
          [
            92.44488583500004,
            26.182741123000028
          ],
          [
            92.44498084500003,
            26.182598593000023
          ],
          [
            92.44511358500006,
            26.18233761700003
          ],
          [
            92.44549689100006,
            26.181385454000065
          ],
          [
            92.44525878200005,
            26.181344847000048
          ],
          [
            92.44229191200009,
            26.18002247100003
          ],
          [
            92.44105430400003,
            26.179293469000072
          ],
          [
            92.44003709000003,
            26.178581420000057
          ],
          [
            92.43886729600007,
            26.178598374000046
          ],
          [
            92.43735842900008,
            26.178598373000057
          ],
          [
            92.43583261200007,
            26.178327117000038
          ],
          [
            92.43505274800003,
            26.17827625600006
          ],
          [
            92.43442546700004,
            26.178750954000066
          ],
          [
            92.43342520800007,
            26.17919174700006
          ],
          [
            92.43249276500006,
            26.180429356000047
          ],
          [
            92.43186548300008,
            26.18132789400005
          ],
          [
            92.43096694500008,
            26.18132789400005
          ],
          [
            92.42927159100003,
            26.181141405000062
          ],
          [
            92.42789835300005,
            26.181107498000074
          ],
          [
            92.42621995300004,
            26.181090545000075
          ],
          [
            92.42418552700008,
            26.181344847000048
          ],
          [
            92.42296487300007,
            26.18232815300007
          ],
          [
            92.42243931300004,
            26.183108015000073
          ],
          [
            92.42132037800008,
            26.183786157000043
          ],
          [
            92.42015058400006,
            26.18422694900005
          ],
          [
            92.41859085900006,
            26.183921785000052
          ],
          [
            92.41690706900005,
            26.18280985000007
          ],
          [
            92.41536521500007,
            26.18327555700006
          ],
          [
            92.41497992000006,
            26.18337344200006
          ],
          [
            92.41460129500007,
            26.18344660500003
          ],
          [
            92.41432738400005,
            26.183477018000076
          ],
          [
            92.41408092500006,
            26.18351472300003
          ],
          [
            92.41386673800008,
            26.18356140800006
          ],
          [
            92.41363322400008,
            26.183581331000028
          ],
          [
            92.41334885700007,
            26.183651414000053
          ],
          [
            92.41310257100008,
            26.183732203000034
          ],
          [
            92.41248652100006,
            26.18397752800007
          ],
          [
            92.41199960400007,
            26.184216003000074
          ],
          [
            92.41185062400007,
            26.18430492400006
          ],
          [
            92.41168961800008,
            26.184385319000057
          ],
          [
            92.41148486000009,
            26.184466943000075
          ],
          [
            92.41121608100008,
            26.184553623000056
          ],
          [
            92.41097858300003,
            26.184648036000056
          ],
          [
            92.41035334500003,
            26.184958738000034
          ],
          [
            92.40994487500006,
            26.185207410000032
          ],
          [
            92.40976252300004,
            26.185327232000077
          ],
          [
            92.40924707600004,
            26.185617539000077
          ],
          [
            92.40908726600009,
            26.185737476000043
          ],
          [
            92.40901337500009,
            26.185792931000037
          ],
          [
            92.40884277800006,
            26.18588903600005
          ],
          [
            92.40826395300007,
            26.186350507000043
          ],
          [
            92.40806972900003,
            26.186478355000077
          ],
          [
            92.40781904200009,
            26.186700941000026
          ],
          [
            92.40769930600004,
            26.186786118000043
          ],
          [
            92.40761018500007,
            26.18686155900008
          ],
          [
            92.40693776000006,
            26.187520989000063
          ],
          [
            92.40657202600005,
            26.18781855800006
          ],
          [
            92.40637975000004,
            26.188002286000028
          ],
          [
            92.40611258700005,
            26.18827484800005
          ],
          [
            92.40600836500005,
            26.18841537800006
          ],
          [
            92.40577565900008,
            26.188844320000044
          ],
          [
            92.40568238200007,
            26.189072069000076
          ],
          [
            92.40556890400006,
            26.189441681000062
          ],
          [
            92.40527293900004,
            26.190100562000055
          ],
          [
            92.40519477900006,
            26.190310776000047
          ],
          [
            92.40515452800008,
            26.190464813000062
          ],
          [
            92.40510285700003,
            26.190620875000036
          ],
          [
            92.40503274100007,
            26.190904298000078
          ],
          [
            92.40497028100003,
            26.191102433000026
          ],
          [
            92.40491465600007,
            26.19124714900005
          ],
          [
            92.40479639200004,
            26.191509091000057
          ],
          [
            92.40467275400005,
            26.19186921900007
          ],
          [
            92.40463618100006,
            26.19194199800006
          ],
          [
            92.40430049800005,
            26.19245158500007
          ],
          [
            92.40424399000005,
            26.192587935000063
          ],
          [
            92.40421989300006,
            26.192734778000045
          ],
          [
            92.40420426200006,
            26.192783919000078
          ],
          [
            92.40409776300004,
            26.192971473000057
          ],
          [
            92.40372792400007,
            26.193429021000043
          ],
          [
            92.40341123000007,
            26.193704953000065
          ],
          [
            92.40331261500006,
            26.193843826000034
          ],
          [
            92.40302527900008,
            26.194157894000057
          ],
          [
            92.40284972000006,
            26.19439097700007
          ],
          [
            92.40275964000006,
            26.194493065000074
          ],
          [
            92.40247237600005,
            26.194779201000074
          ],
          [
            92.40225748400007,
            26.194930078000027
          ],
          [
            92.40217023200006,
            26.195008469000072
          ],
          [
            92.40208986300007,
            26.195094949000065
          ],
          [
            92.40197868900003,
            26.195250415000032
          ],
          [
            92.40181742500005,
            26.195454534000078
          ],
          [
            92.40165084800003,
            26.195702358000062
          ],
          [
            92.40159547000007,
            26.195802040000046
          ],
          [
            92.40153661400007,
            26.195937039000057
          ],
          [
            92.40107957000004,
            26.19669282700005
          ],
          [
            92.40086516900004,
            26.197013492000053
          ],
          [
            92.40069238000007,
            26.19727192000005
          ],
          [
            92.40101518300008,
            26.19725488200004
          ],
          [
            92.40110958200006,
            26.197264980000057
          ]
        ]
      ],
      [
        [
          [
            92.23058114400004,
            26.29875699200005
          ],
          [
            92.23041627400005,
            26.29872623700004
          ],
          [
            92.23017561000006,
            26.298668398000075
          ],
          [
            92.23000568300006,
            26.298641326000052
          ],
          [
            92.22979615700007,
            26.298590921000027
          ],
          [
            92.22960349200008,
            26.298555201000056
          ],
          [
            92.22935152800005,
            26.29846992800003
          ],
          [
            92.22920440400009,
            26.29843427800006
          ],
          [
            92.22907265400005,
            26.298394072000065
          ],
          [
            92.22887119300003,
            26.298307952000073
          ],
          [
            92.22867934200008,
            26.29826833000004
          ],
          [
            92.22837940700003,
            26.29818687100004
          ],
          [
            92.22808612500006,
            26.29814101100004
          ],
          [
            92.22754639500005,
            26.29798253900003
          ],
          [
            92.22741810400004,
            26.29793742800007
          ],
          [
            92.22702900300004,
            26.29782740400003
          ],
          [
            92.22668430600004,
            26.297748831000035
          ],
          [
            92.22645366100005,
            26.29765601200006
          ],
          [
            92.22627091700008,
            26.297544704000074
          ],
          [
            92.22607039000007,
            26.297459187000072
          ],
          [
            92.22568319800007,
            26.29733489700004
          ],
          [
            92.22534108200006,
            26.29721685900006
          ],
          [
            92.22457810600008,
            26.297019651000028
          ],
          [
            92.22444858900008,
            26.29697769300003
          ],
          [
            92.22415837200003,
            26.296924299000068
          ],
          [
            92.22361113800008,
            26.29672223400007
          ],
          [
            92.22319647300009,
            26.29660472300003
          ],
          [
            92.22287720200006,
            26.296533418000024
          ],
          [
            92.22260494700004,
            26.296444485000052
          ],
          [
            92.22230369300007,
            26.29632550200006
          ],
          [
            92.22197853800003,
            26.296214834000068
          ],
          [
            92.22169506400007,
            26.296093591000044
          ],
          [
            92.22159180200003,
            26.296041418000073
          ],
          [
            92.22140919500004,
            26.29592892200003
          ],
          [
            92.22098516900007,
            26.295795972000064
          ],
          [
            92.22088640400005,
            26.295757998000056
          ],
          [
            92.22074287300006,
            26.295713526000043
          ],
          [
            92.22052507700005,
            26.29562908300005
          ],
          [
            92.22040145500006,
            26.29559330400008
          ],
          [
            92.22021326600009,
            26.29555897800003
          ],
          [
            92.22004292600008,
            26.295519081000066
          ],
          [
            92.21979608100008,
            26.295426606000035
          ],
          [
            92.21967306000005,
            26.295389554000053
          ],
          [
            92.21947062100008,
            26.295349258000044
          ],
          [
            92.21926956600004,
            26.29532275200006
          ],
          [
            92.21920421800007,
            26.295307819000072
          ],
          [
            92.21900137200004,
            26.295226411000044
          ],
          [
            92.21881907600005,
            26.295114477000027
          ],
          [
            92.21861788100006,
            26.29502984100003
          ],
          [
            92.21817921800005,
            26.294913035000036
          ],
          [
            92.21777900300003,
            26.29477821000006
          ],
          [
            92.21723844000007,
            26.29463873000003
          ],
          [
            92.21673006400005,
            26.294470662000037
          ],
          [
            92.21661220900006,
            26.294421673000045
          ],
          [
            92.21652217200005,
            26.294356116000074
          ],
          [
            92.21646143400005,
            26.29432129500003
          ],
          [
            92.21620399500006,
            26.294207698000037
          ],
          [
            92.21594678400004,
            26.29413480100004
          ],
          [
            92.21567780100008,
            26.294099507000055
          ],
          [
            92.21550614300008,
            26.294062817000054
          ],
          [
            92.21534532500004,
            26.294012425000062
          ],
          [
            92.21515069200007,
            26.29397962400003
          ],
          [
            92.21497956000007,
            26.293941620000055
          ],
          [
            92.21485065700006,
            26.29389791600005
          ],
          [
            92.21466722000008,
            26.29385189000004
          ],
          [
            92.21442406900007,
            26.293771238000033
          ],
          [
            92.21405401900006,
            26.29362273000004
          ],
          [
            92.21378321900005,
            26.293499292000035
          ],
          [
            92.21361508800004,
            26.293444846000057
          ],
          [
            92.21335260300003,
            26.293329930000027
          ],
          [
            92.21296610700006,
            26.293204247000062
          ],
          [
            92.21276224800005,
            26.293126519000054
          ],
          [
            92.21253618400004,
            26.29303311700005
          ],
          [
            92.21211615300007,
            26.29282918000007
          ],
          [
            92.21192208800005,
            26.292762529000072
          ],
          [
            92.21165650300009,
            26.292691842000067
          ],
          [
            92.21160752800006,
            26.292673166000043
          ],
          [
            92.21146617400007,
            26.292600235000066
          ],
          [
            92.21135962000005,
            26.29251906500008
          ],
          [
            92.21123247800006,
            26.292445058000055
          ],
          [
            92.21078410300004,
            26.292208765000055
          ],
          [
            92.21061871000006,
            26.292147444000022
          ],
          [
            92.21039823300003,
            26.292028980000055
          ],
          [
            92.21025855800008,
            26.291963278000026
          ],
          [
            92.21009134400003,
            26.29190652400007
          ],
          [
            92.20982993700005,
            26.291788749000034
          ],
          [
            92.20972537900008,
            26.291748125000026
          ],
          [
            92.20920062900007,
            26.291501098000026
          ],
          [
            92.20903111000007,
            26.291396003000045
          ],
          [
            92.20896193700008,
            26.291346202000057
          ],
          [
            92.20888127600006,
            26.29130330000004
          ],
          [
            92.20869625300008,
            26.29122245700006
          ],
          [
            92.20855247800006,
            26.291178744000035
          ],
          [
            92.20815207300006,
            26.291036811000026
          ],
          [
            92.20794299300007,
            26.290930951000064
          ],
          [
            92.20767741300006,
            26.290843077000034
          ],
          [
            92.20733665300008,
            26.290692982000053
          ],
          [
            92.20711423800003,
            26.29057840100006
          ],
          [
            92.20694712700003,
            26.290519914000072
          ],
          [
            92.20664707400005,
            26.290375018000077
          ],
          [
            92.20653777000007,
            26.29029755700003
          ],
          [
            92.20639663200006,
            26.290229099000044
          ],
          [
            92.20630734200006,
            26.29016355400006
          ],
          [
            92.20600773700005,
            26.29001766400006
          ],
          [
            92.20592924000005,
            26.289989839000043
          ],
          [
            92.20567716500005,
            26.289921310000068
          ],
          [
            92.20525298000007,
            26.289765094000074
          ],
          [
            92.20510982900004,
            26.28971954600007
          ],
          [
            92.20482562300003,
            26.289591839000025
          ],
          [
            92.20472794400007,
            26.28955879800003
          ],
          [
            92.20458109400005,
            26.289522653000063
          ],
          [
            92.20445965700009,
            26.289481688000023
          ],
          [
            92.20415157800005,
            26.28935038900005
          ],
          [
            92.20406887900003,
            26.28930347200003
          ],
          [
            92.20394166000005,
            26.289216233000047
          ],
          [
            92.20381345600003,
            26.289153273000068
          ],
          [
            92.20367408600004,
            26.28907496100004
          ],
          [
            92.20348808200004,
            26.288994665000075
          ],
          [
            92.20322895600003,
            26.288871675000053
          ],
          [
            92.20302618700003,
            26.288791245000027
          ],
          [
            92.20279742700006,
            26.288716428000043
          ],
          [
            92.20255344600008,
            26.28862164000003
          ],
          [
            92.20227485000004,
            26.28854467000008
          ],
          [
            92.20207936200006,
            26.28847502700006
          ],
          [
            92.20189992800005,
            26.288432809000028
          ],
          [
            92.20184512000009,
            26.28841385000004
          ],
          [
            92.20170756600004,
            26.288348695000025
          ],
          [
            92.20159824400008,
            26.288266570000076
          ],
          [
            92.20144944000003,
            26.288177079000036
          ],
          [
            92.20118375400006,
            26.288046980000047
          ],
          [
            92.20103933500008,
            26.287987315000066
          ],
          [
            92.20084932000003,
            26.287943331000065
          ],
          [
            92.20079328900005,
            26.287924859000043
          ],
          [
            92.20039324300006,
            26.287739290000047
          ],
          [
            92.20006253200006,
            26.287605358000064
          ],
          [
            92.19949920900007,
            26.287341783000045
          ],
          [
            92.19931813900007,
            26.287290072000076
          ],
          [
            92.19907728500004,
            26.28720368300003
          ],
          [
            92.19889242800008,
            26.287096618000078
          ],
          [
            92.19862675500008,
            26.286972914000046
          ],
          [
            92.19830396300006,
            26.286808003000033
          ],
          [
            92.19816625100003,
            26.28672563200007
          ],
          [
            92.19791196100005,
            26.286588922000078
          ],
          [
            92.19771206800004,
            26.286465630000066
          ],
          [
            92.19755923400004,
            26.28636096100007
          ],
          [
            92.19742203200008,
            26.28628900900003
          ],
          [
            92.19725395000006,
            26.286223981000035
          ],
          [
            92.19699769900006,
            26.286153942000055
          ],
          [
            92.19693897200005,
            26.286344461000056
          ],
          [
            92.19688918500003,
            26.286600215000078
          ],
          [
            92.19677719700007,
            26.28695944100008
          ],
          [
            92.19676201400006,
            26.28708339600007
          ],
          [
            92.19674958300004,
            26.287423215000047
          ],
          [
            92.19673554300005,
            26.287547252000024
          ],
          [
            92.19669140700006,
            26.287764866000032
          ],
          [
            92.19665565100007,
            26.288033523000024
          ],
          [
            92.19661060100003,
            26.288250821000076
          ],
          [
            92.19657638400008,
            26.288520135000056
          ],
          [
            92.19653962500007,
            26.28868383500003
          ],
          [
            92.19645593700005,
            26.288942434000035
          ],
          [
            92.19636366500004,
            26.289383302000033
          ],
          [
            92.19628300600004,
            26.28986960900005
          ],
          [
            92.19625955600009,
            26.290103225000053
          ],
          [
            92.19617471600009,
            26.290708445000064
          ],
          [
            92.19612628600004,
            26.290908639000065
          ],
          [
            92.19601359700005,
            26.29118303300004
          ],
          [
            92.19595765400004,
            26.29140235400007
          ],
          [
            92.19589486600006,
            26.291849901000035
          ],
          [
            92.19583789400008,
            26.292173555000034
          ],
          [
            92.19581290100007,
            26.292415195000046
          ],
          [
            92.19575869600004,
            26.292741973000034
          ],
          [
            92.19573048600006,
            26.293061514000044
          ],
          [
            92.19568813300003,
            26.293219777000047
          ],
          [
            92.19556228800008,
            26.293558115000053
          ],
          [
            92.19551769100008,
            26.29375924200008
          ],
          [
            92.19544953900004,
            26.294400177000057
          ],
          [
            92.19539182000005,
            26.294805798000027
          ],
          [
            92.19532598700005,
            26.295411649000073
          ],
          [
            92.19528458500008,
            26.295569235000073
          ],
          [
            92.19520492900006,
            26.29578864700005
          ],
          [
            92.19518885200006,
            26.295851731000027
          ],
          [
            92.19511344100005,
            26.296270439000068
          ],
          [
            92.19508222300004,
            26.29654548700006
          ],
          [
            92.19503031900007,
            26.296791488000054
          ],
          [
            92.19500173300008,
            26.29703131100007
          ],
          [
            92.19481789800005,
            26.297940679000078
          ],
          [
            92.19475177000004,
            26.298026013000026
          ],
          [
            92.19469339500006,
            26.29813697000003
          ],
          [
            92.19456119700004,
            26.298518709000064
          ],
          [
            92.19449891000005,
            26.29897864000003
          ],
          [
            92.19525930400005,
            26.29907697400006
          ],
          [
            92.19562608000007,
            26.299397905000035
          ],
          [
            92.19580946900004,
            26.29990222200007
          ],
          [
            92.19596206700004,
            26.30014653300003
          ],
          [
            92.19600070200005,
            26.300245877000066
          ],
          [
            92.19602698300008,
            26.300313457000073
          ],
          [
            92.19603854800005,
            26.300343199000054
          ],
          [
            92.19611966600007,
            26.30068794500005
          ],
          [
            92.19612595500007,
            26.30071467700003
          ],
          [
            92.19613498400008,
            26.30096146300008
          ],
          [
            92.19614234400007,
            26.30116263700006
          ],
          [
            92.19610410300004,
            26.301659764000078
          ],
          [
            92.19606040000008,
            26.30202031700003
          ],
          [
            92.19608225200005,
            26.302369945000066
          ],
          [
            92.19608325800004,
            26.30240416600003
          ],
          [
            92.19608590200005,
            26.302494038000077
          ],
          [
            92.19609317700008,
            26.302741424000033
          ],
          [
            92.19632262100004,
            26.30312382900007
          ],
          [
            92.19608225200005,
            26.304238266000027
          ],
          [
            92.19525188500006,
            26.305199740000035
          ],
          [
            92.19494596000004,
            26.306598250000036
          ],
          [
            92.19612595300003,
            26.308302685000058
          ],
          [
            92.19818001600004,
            26.309788600000047
          ],
          [
            92.20040889000006,
            26.310881185000028
          ],
          [
            92.20171999300004,
            26.311449330000073
          ],
          [
            92.20489486000008,
            26.313112356000033
          ],
          [
            92.20576015000006,
            26.313565605000065
          ],
          [
            92.20676773600007,
            26.31409338700007
          ],
          [
            92.20685803100008,
            26.31408644100003
          ],
          [
            92.20726313100005,
            26.314055280000048
          ],
          [
            92.20731135800008,
            26.31405157100005
          ],
          [
            92.20790402500006,
            26.314005981000037
          ],
          [
            92.21056993300004,
            26.31575411800003
          ],
          [
            92.21244917900003,
            26.31715262700004
          ],
          [
            92.21380398800005,
            26.31837632500003
          ],
          [
            92.21568323500009,
            26.319425205000073
          ],
          [
            92.21773729700004,
            26.319818535000024
          ],
          [
            92.21887358600009,
            26.320954825000058
          ],
          [
            92.22070912800007,
            26.321566673000063
          ],
          [
            92.22088061100004,
            26.322188297000025
          ],
          [
            92.22120967400008,
            26.322665190000066
          ],
          [
            92.22156558400007,
            26.32265947700006
          ],
          [
            92.22277936000006,
            26.323314219000054
          ],
          [
            92.22362404500007,
            26.32429227700004
          ],
          [
            92.22480216000008,
            26.325581533000047
          ],
          [
            92.22671381700007,
            26.326359532000026
          ],
          [
            92.22775856000004,
            26.326715190000073
          ],
          [
            92.22938124600006,
            26.32611502000003
          ],
          [
            92.23022593100006,
            26.32500359100004
          ],
          [
            92.23073718800003,
            26.324358962000076
          ],
          [
            92.23210424400008,
            26.32399219100006
          ],
          [
            92.23361578800007,
            26.323947735000047
          ],
          [
            92.23512732900008,
            26.324014420000026
          ],
          [
            92.23683892900004,
            26.324125563000052
          ],
          [
            92.23841715700007,
            26.324236705000033
          ],
          [
            92.23899510100006,
            26.323169733000043
          ],
          [
            92.24104012800007,
            26.32268070500004
          ],
          [
            92.24268504200006,
            26.322591790000047
          ],
          [
            92.24413572600008,
            26.322371991000068
          ],
          [
            92.24560585700004,
            26.322300665000057
          ],
          [
            92.24720085200005,
            26.322731746000045
          ],
          [
            92.24858031000008,
            26.32372323000004
          ],
          [
            92.24948557900007,
            26.324757823000027
          ],
          [
            92.25069260400005,
            26.325361335000025
          ],
          [
            92.25182033200008,
            26.32589676400005
          ],
          [
            92.25228524000005,
            26.32587567400003
          ],
          [
            92.25261914000004,
            26.325860526000042
          ],
          [
            92.25266307200008,
            26.32585853200004
          ],
          [
            92.25290200600006,
            26.326027193000073
          ],
          [
            92.25313256400005,
            26.326189938000027
          ],
          [
            92.25333646900003,
            26.32633387100003
          ],
          [
            92.25380587800004,
            26.326665219000063
          ],
          [
            92.25398565000006,
            26.326792117000025
          ],
          [
            92.25408350700008,
            26.32686119300007
          ],
          [
            92.25412015500007,
            26.326909501000046
          ],
          [
            92.25431032400007,
            26.327160180000078
          ],
          [
            92.25440332500006,
            26.327282771000057
          ],
          [
            92.25458217000005,
            26.327518522000048
          ],
          [
            92.25470024000003,
            26.32767681000007
          ],
          [
            92.25479954000008,
            26.327873570000065
          ],
          [
            92.25519757500007,
            26.328662270000052
          ],
          [
            92.25588746900007,
            26.329348590000052
          ],
          [
            92.25666495300004,
            26.328557789000058
          ],
          [
            92.25687328200007,
            26.32828297100008
          ],
          [
            92.25734833800004,
            26.327589631000023
          ],
          [
            92.25743592000003,
            26.32740899600003
          ],
          [
            92.25756957700008,
            26.327005143000065
          ],
          [
            92.25789039200004,
            26.32627631200006
          ],
          [
            92.25811188900008,
            26.32584435900003
          ],
          [
            92.25832858800004,
            26.32527074500007
          ],
          [
            92.25852669300008,
            26.324416392000046
          ],
          [
            92.25867810200003,
            26.324063245000048
          ],
          [
            92.25871826300005,
            26.32394113400005
          ],
          [
            92.25876794700008,
            26.323691533000044
          ],
          [
            92.25884118100004,
            26.32341469800008
          ],
          [
            92.25888891500006,
            26.323110780000036
          ],
          [
            92.25896395800004,
            26.32276794200004
          ],
          [
            92.25908208300007,
            26.322467080000024
          ],
          [
            92.25916535000005,
            26.322201278000023
          ],
          [
            92.25921091500004,
            26.32200075800006
          ],
          [
            92.25925661200006,
            26.32170693100005
          ],
          [
            92.25931283100005,
            26.321522764000065
          ],
          [
            92.25933982500004,
            26.321206105000044
          ],
          [
            92.25946253900008,
            26.320716016000063
          ],
          [
            92.25953323200008,
            26.320420496000054
          ],
          [
            92.25965771000006,
            26.319680494000067
          ],
          [
            92.25973142000004,
            26.31936575700007
          ],
          [
            92.25978873200006,
            26.318973269000026
          ],
          [
            92.25988042400007,
            26.31862701500006
          ],
          [
            92.25993829600009,
            26.318553122000026
          ],
          [
            92.25998572600008,
            26.318420960000026
          ],
          [
            92.26005788000003,
            26.317774473000043
          ],
          [
            92.26009180000005,
            26.317598926000073
          ],
          [
            92.26014725700009,
            26.317368400000078
          ],
          [
            92.26024164300009,
            26.317130571000064
          ],
          [
            92.26026712600003,
            26.317037191000054
          ],
          [
            92.26038845200009,
            26.316429242000027
          ],
          [
            92.26055101300005,
            26.315700401000072
          ],
          [
            92.26074821500004,
            26.315033388000074
          ],
          [
            92.26087981300003,
            26.31436583800007
          ],
          [
            92.26098507300009,
            26.31391321600006
          ],
          [
            92.26107052400005,
            26.313631271000077
          ],
          [
            92.26125168400006,
            26.31313162600003
          ],
          [
            92.26132208400008,
            26.31279144000007
          ],
          [
            92.26143606800008,
            26.31244171800006
          ],
          [
            92.26176052700004,
            26.311252074000038
          ],
          [
            92.26190680300004,
            26.310849658000052
          ],
          [
            92.26205136400006,
            26.31033119500006
          ],
          [
            92.26237521900003,
            26.30952928000005
          ],
          [
            92.26258386700005,
            26.30885113100004
          ],
          [
            92.26273301600008,
            26.308453343000053
          ],
          [
            92.26242275300007,
            26.308475465000072
          ],
          [
            92.26224651300004,
            26.30847766100004
          ],
          [
            92.26167071500004,
            26.308431249000023
          ],
          [
            92.26130957000004,
            26.30838527800006
          ],
          [
            92.26091876200007,
            26.308296854000048
          ],
          [
            92.26046193600007,
            26.308258876000025
          ],
          [
            92.26027078700008,
            26.308217771000045
          ],
          [
            92.25981634200008,
            26.308154728000034
          ],
          [
            92.25967392200005,
            26.30812633900007
          ],
          [
            92.25941125400004,
            26.30805313700006
          ],
          [
            92.25919041000003,
            26.307951913000068
          ],
          [
            92.25893678000006,
            26.30786235000005
          ],
          [
            92.25867799600007,
            26.30780253300003
          ],
          [
            92.25832646700007,
            26.30768904400003
          ],
          [
            92.25796796100008,
            26.307610414000067
          ],
          [
            92.25746314600008,
            26.30753234900004
          ],
          [
            92.25739620500008,
            26.307511249000072
          ],
          [
            92.25726758000008,
            26.307445958000073
          ],
          [
            92.25714904100005,
            26.307407626000042
          ],
          [
            92.25656620900008,
            26.307331194000028
          ],
          [
            92.25623536200004,
            26.30726569500007
          ],
          [
            92.25607435000006,
            26.307221554000023
          ],
          [
            92.25573267500005,
            26.307113015000027
          ],
          [
            92.25544169300008,
            26.30699531500005
          ],
          [
            92.25523974300006,
            26.306885101000034
          ],
          [
            92.25500916400006,
            26.306805431000043
          ],
          [
            92.25479222800004,
            26.30674606300005
          ],
          [
            92.25452768400004,
            26.306635038000024
          ],
          [
            92.25436021700006,
            26.30659483100004
          ],
          [
            92.25401631000005,
            26.306556700000044
          ],
          [
            92.25385497600007,
            26.306511176000072
          ],
          [
            92.25353957400006,
            26.306347756000036
          ],
          [
            92.25338234100008,
            26.30622909300007
          ],
          [
            92.25321100800005,
            26.30612911600008
          ],
          [
            92.25283283100003,
            26.306011265000052
          ],
          [
            92.24905218700007,
            26.30446889700005
          ],
          [
            92.24879789500005,
            26.30438524400006
          ],
          [
            92.24856185000004,
            26.30434687500008
          ],
          [
            92.24836018900004,
            26.30429626600005
          ],
          [
            92.24795422700004,
            26.304249559000027
          ],
          [
            92.24734060400004,
            26.30423882200006
          ],
          [
            92.24723089900004,
            26.304221701000074
          ],
          [
            92.24709769700007,
            26.304183936000072
          ],
          [
            92.24690709500004,
            26.304141376000075
          ],
          [
            92.24665526500007,
            26.304040462000046
          ],
          [
            92.24643130800007,
            26.303903535000074
          ],
          [
            92.24627880800006,
            26.303826881000077
          ],
          [
            92.24591776600005,
            26.303737583000043
          ],
          [
            92.24569188000004,
            26.30369679100005
          ],
          [
            92.24557025500008,
            26.30365513000004
          ],
          [
            92.24542748100004,
            26.303585448000035
          ],
          [
            92.24528677300003,
            26.303534394000053
          ],
          [
            92.24502486100005,
            26.303418348000037
          ],
          [
            92.24488418600004,
            26.30336668500007
          ],
          [
            92.24458001900007,
            26.303212502000065
          ],
          [
            92.24427419700004,
            26.303091792000032
          ],
          [
            92.24411410100004,
            26.30301152800007
          ],
          [
            92.24398145400005,
            26.302922661000025
          ],
          [
            92.24377500300005,
            26.302838148000035
          ],
          [
            92.24266353200005,
            26.302487280000037
          ],
          [
            92.24219206100008,
            26.302359299000045
          ],
          [
            92.24187149400007,
            26.302292117000036
          ],
          [
            92.24171846300004,
            26.30224922000008
          ],
          [
            92.24156275800004,
            26.302192803000025
          ],
          [
            92.24140863700006,
            26.30210485400005
          ],
          [
            92.24134733100004,
            26.302078179000034
          ],
          [
            92.24071017300008,
            26.30187432500003
          ],
          [
            92.24027332200006,
            26.30172011700006
          ],
          [
            92.23997775800007,
            26.301639565000073
          ],
          [
            92.23963722400003,
            26.301517799000067
          ],
          [
            92.23925366300006,
            26.301425291000044
          ],
          [
            92.23911178200007,
            26.30136038200004
          ],
          [
            92.23895141300005,
            26.301268528000037
          ],
          [
            92.23886863500007,
            26.301231378000068
          ],
          [
            92.23779115900004,
            26.30090702800004
          ],
          [
            92.23732293700004,
            26.300535256000046
          ],
          [
            92.23659753300007,
            26.300348149000058
          ],
          [
            92.23651894000005,
            26.300317951000068
          ],
          [
            92.23640644500006,
            26.30024782600003
          ],
          [
            92.23631536600004,
            26.300212314000078
          ],
          [
            92.23559409200004,
            26.300016639000035
          ],
          [
            92.23546490500007,
            26.299973738000062
          ],
          [
            92.23527412700008,
            26.299931557000036
          ],
          [
            92.23492638400006,
            26.299812159000055
          ],
          [
            92.23433606900005,
            26.299698826000053
          ],
          [
            92.23407930500008,
            26.29964161600003
          ],
          [
            92.23388537900007,
            26.299576374000026
          ],
          [
            92.23373859900005,
            26.299515817000042
          ],
          [
            92.23336223200005,
            26.29939850100004
          ],
          [
            92.23287014900006,
            26.299293369000054
          ],
          [
            92.23267779300005,
            26.299237616000028
          ],
          [
            92.23240420700006,
            26.299202638000054
          ],
          [
            92.23202788800006,
            26.29912958500006
          ],
          [
            92.23182076400008,
            26.299079921000043
          ],
          [
            92.23155454300007,
            26.299042444000065
          ],
          [
            92.23149702700005,
            26.299021321000055
          ],
          [
            92.23140458200004,
            26.298959609000065
          ],
          [
            92.23106662800006,
            26.298763532000066
          ],
          [
            92.23079033000005,
            26.298772374000066
          ],
          [
            92.23058114400004,
            26.29875699200005
          ]
        ]
      ],
      [
        [
          [
            92.25114242000006,
            26.369307883000033
          ],
          [
            92.25139946400003,
            26.369023553000034
          ],
          [
            92.25174878800004,
            26.368561485000043
          ],
          [
            92.25186983800006,
            26.368363789000057
          ],
          [
            92.25206383300008,
            26.36808205600005
          ],
          [
            92.25226224900007,
            26.367758614000024
          ],
          [
            92.25234732400008,
            26.367593060000047
          ],
          [
            92.25243263900006,
            26.367389848000073
          ],
          [
            92.25262885500007,
            26.36700335200004
          ],
          [
            92.25274408400008,
            26.36674584000008
          ],
          [
            92.25294686900008,
            26.36638792800005
          ],
          [
            92.25308146400005,
            26.366175747000057
          ],
          [
            92.25323099500008,
            26.36585012300003
          ],
          [
            92.25343848200004,
            26.365463591000037
          ],
          [
            92.25355515400008,
            26.365197618000025
          ],
          [
            92.25371381900004,
            26.36487456100008
          ],
          [
            92.25407251000007,
            26.364386936000074
          ],
          [
            92.25426121400005,
            26.36415424300003
          ],
          [
            92.25468945900008,
            26.363350557000047
          ],
          [
            92.25485879800004,
            26.36313530800004
          ],
          [
            92.25501136000008,
            26.36297871100004
          ],
          [
            92.25518595300008,
            26.36273486400006
          ],
          [
            92.25553011900007,
            26.362056591000055
          ],
          [
            92.25582795600008,
            26.361433498000054
          ],
          [
            92.25609162100005,
            26.36104168600008
          ],
          [
            92.25618924900004,
            26.360872033000078
          ],
          [
            92.25629216000004,
            26.360652323000068
          ],
          [
            92.25639589100007,
            26.36046222500005
          ],
          [
            92.25661878600005,
            26.36014517800004
          ],
          [
            92.25679493900003,
            26.359787221000033
          ],
          [
            92.25696524500006,
            26.35952565900004
          ],
          [
            92.25723727300004,
            26.35914399400008
          ],
          [
            92.25737218100005,
            26.358927335000033
          ],
          [
            92.25746343900005,
            26.35873076000007
          ],
          [
            92.25756591100009,
            26.35843274000007
          ],
          [
            92.25772404400004,
            26.35815239200008
          ],
          [
            92.25777383100007,
            26.358013265000068
          ],
          [
            92.25785675200007,
            26.357843885000023
          ],
          [
            92.25790352800004,
            26.357787465000058
          ],
          [
            92.25797633100007,
            26.357729764000055
          ],
          [
            92.25820999200005,
            26.357297567000046
          ],
          [
            92.25866284000006,
            26.356451252000056
          ],
          [
            92.25898600100004,
            26.356015097000068
          ],
          [
            92.25923018800006,
            26.355642896000063
          ],
          [
            92.25939859200008,
            26.355240097000035
          ],
          [
            92.25967275200009,
            26.35469043200004
          ],
          [
            92.25981451300004,
            26.35434551900005
          ],
          [
            92.25997812100007,
            26.354075076000072
          ],
          [
            92.26017108800005,
            26.35368303200005
          ],
          [
            92.26031858700009,
            26.353433986000027
          ],
          [
            92.26038255700007,
            26.353305332000048
          ],
          [
            92.26052321100008,
            26.352968103000023
          ],
          [
            92.26067046900005,
            26.352676074000044
          ],
          [
            92.26074918500007,
            26.35255348000004
          ],
          [
            92.26091716800005,
            26.352329111000074
          ],
          [
            92.26095908200006,
            26.35225649000006
          ],
          [
            92.26117584200006,
            26.35179719200005
          ],
          [
            92.26144621200007,
            26.351275300000054
          ],
          [
            92.26166866700004,
            26.35092037800007
          ],
          [
            92.26182338100006,
            26.350672754000072
          ],
          [
            92.26192802600008,
            26.350473863000047
          ],
          [
            92.26200100600005,
            26.350305865000053
          ],
          [
            92.26208583200008,
            26.350043764000077
          ],
          [
            92.26221653800008,
            26.34975915800004
          ],
          [
            92.26238263100004,
            26.349464719000025
          ],
          [
            92.26253602100007,
            26.349129945000072
          ],
          [
            92.26269544400003,
            26.34888896500007
          ],
          [
            92.26275500600008,
            26.348778207000066
          ],
          [
            92.26296759700006,
            26.348321631000033
          ],
          [
            92.26316558300005,
            26.347809252000047
          ],
          [
            92.26332104300008,
            26.347482453000055
          ],
          [
            92.26344744400006,
            26.347243665000065
          ],
          [
            92.26365631700008,
            26.34693943700006
          ],
          [
            92.26371526100007,
            26.346828195000057
          ],
          [
            92.26387119400005,
            26.346455165000066
          ],
          [
            92.26397737600007,
            26.346094668000035
          ],
          [
            92.26407503900003,
            26.345679571000062
          ],
          [
            92.26346274900004,
            26.345526407000023
          ],
          [
            92.26296623800005,
            26.345356422000066
          ],
          [
            92.26272829000004,
            26.34526413900005
          ],
          [
            92.26237578400008,
            26.345090318000075
          ],
          [
            92.26214954300008,
            26.345003663000057
          ],
          [
            92.26183823000008,
            26.34485618800005
          ],
          [
            92.26107226100004,
            26.344649289000074
          ],
          [
            92.26086221500003,
            26.344580963000055
          ],
          [
            92.26059628600007,
            26.344475475000024
          ],
          [
            92.26008835800008,
            26.34430993600006
          ],
          [
            92.25980004100006,
            26.344200455000077
          ],
          [
            92.25899161700005,
            26.34398192100008
          ],
          [
            92.25865133100007,
            26.343862416000036
          ],
          [
            92.25827093300006,
            26.343693060000078
          ],
          [
            92.25760249000007,
            26.343454060000056
          ],
          [
            92.25683980700006,
            26.343235032000052
          ],
          [
            92.25645136900005,
            26.34308351100003
          ],
          [
            92.25550645900006,
            26.342741568000065
          ],
          [
            92.25488366500008,
            26.342569128000036
          ],
          [
            92.25437172600004,
            26.342335727000034
          ],
          [
            92.25402178600007,
            26.34225471700006
          ],
          [
            92.25293422000004,
            26.34156995400008
          ],
          [
            92.24974422600008,
            26.340621576000046
          ],
          [
            92.24616875700008,
            26.338759352000068
          ],
          [
            92.24605964200003,
            26.338734173000034
          ],
          [
            92.24593071200007,
            26.33869032900003
          ],
          [
            92.24549349600005,
            26.33849774300006
          ],
          [
            92.24497981000007,
            26.338333455000054
          ],
          [
            92.24467950900004,
            26.338276128000075
          ],
          [
            92.24442011900004,
            26.338194310000063
          ],
          [
            92.24403674200005,
            26.338089978000028
          ],
          [
            92.24358751500006,
            26.338029317000064
          ],
          [
            92.24329246300005,
            26.337935196000046
          ],
          [
            92.24283610400005,
            26.33775866900004
          ],
          [
            92.24259259500008,
            26.33767860300003
          ],
          [
            92.24156034600009,
            26.33738653900008
          ],
          [
            92.24111409500006,
            26.337226904000033
          ],
          [
            92.24094756100004,
            26.33715667900003
          ],
          [
            92.24053263400003,
            26.33693703000006
          ],
          [
            92.24024405100005,
            26.33682813000007
          ],
          [
            92.24006422400004,
            26.33677388500007
          ],
          [
            92.23979757800004,
            26.336669589000053
          ],
          [
            92.23955803200005,
            26.336619092000035
          ],
          [
            92.23921109500009,
            26.336588520000078
          ],
          [
            92.23903971600004,
            26.336559734000048
          ],
          [
            92.23864357200006,
            26.33645669300006
          ],
          [
            92.23828103200003,
            26.33633074000005
          ],
          [
            92.23801914400008,
            26.33621442900005
          ],
          [
            92.23746734000008,
            26.336015769000028
          ],
          [
            92.23700520600005,
            26.335813098000074
          ],
          [
            92.23680191800008,
            26.33573381000008
          ],
          [
            92.23634444300006,
            26.335589381000034
          ],
          [
            92.23588733500009,
            26.335409937000065
          ],
          [
            92.23566522800007,
            26.335295532000032
          ],
          [
            92.23550884900004,
            26.335240259000045
          ],
          [
            92.23526192800006,
            26.335168993000025
          ],
          [
            92.23500059000008,
            26.33511562700005
          ],
          [
            92.23457710200006,
            26.33499890300004
          ],
          [
            92.23398803500004,
            26.33487315900004
          ],
          [
            92.23350355700006,
            26.334707191000064
          ],
          [
            92.23298249100009,
            26.334479730000055
          ],
          [
            92.23265191300004,
            26.33438583800006
          ],
          [
            92.23234619800007,
            26.334277825000072
          ],
          [
            92.23202661700003,
            26.334185967000053
          ],
          [
            92.23173763700004,
            26.334118627000066
          ],
          [
            92.23135406700004,
            26.334077389000072
          ],
          [
            92.23114784800003,
            26.33403479100008
          ],
          [
            92.23076340600005,
            26.333880313000066
          ],
          [
            92.23050583900005,
            26.333817746000022
          ],
          [
            92.23019949600007,
            26.33371114700003
          ],
          [
            92.22967228200008,
            26.333551038000053
          ],
          [
            92.22941363900009,
            26.333504624000057
          ],
          [
            92.22922520600008,
            26.333459521000066
          ],
          [
            92.22844341100006,
            26.33333593100008
          ],
          [
            92.22817113100007,
            26.333234799000024
          ],
          [
            92.22808749200004,
            26.333216007000033
          ],
          [
            92.22751246000007,
            26.333184103000065
          ],
          [
            92.22719441500004,
            26.33312889900003
          ],
          [
            92.22674835900006,
            26.333113352000055
          ],
          [
            92.22661744200008,
            26.333099945000072
          ],
          [
            92.22621200900005,
            26.33301184000004
          ],
          [
            92.22566918000007,
            26.332845831000043
          ],
          [
            92.22550614300008,
            26.33280629500007
          ],
          [
            92.22534936700004,
            26.332794224000054
          ],
          [
            92.22519073000007,
            26.332798206000064
          ],
          [
            92.22507444600006,
            26.332812473000047
          ],
          [
            92.22485856400004,
            26.33286290500007
          ],
          [
            92.22462176900007,
            26.33287490200007
          ],
          [
            92.22446429800004,
            26.33286484200005
          ],
          [
            92.22420987500004,
            26.332810387000052
          ],
          [
            92.22389961200008,
            26.332776538000076
          ],
          [
            92.22353678300004,
            26.332691327000077
          ],
          [
            92.22328163900005,
            26.332599903000073
          ],
          [
            92.22315734900008,
            26.33256510900003
          ],
          [
            92.22287485000004,
            26.332521963000033
          ],
          [
            92.22252302500004,
            26.33249173200005
          ],
          [
            92.22234488900006,
            26.332449722000035
          ],
          [
            92.22203687800004,
            26.33241119300004
          ],
          [
            92.22185979800008,
            26.332366567000065
          ],
          [
            92.22163165600006,
            26.33233094700006
          ],
          [
            92.22145387800003,
            26.332288125000048
          ],
          [
            92.22102549100003,
            26.332246734000023
          ],
          [
            92.22059915100004,
            26.332096395000065
          ],
          [
            92.22048545700005,
            26.332075673000077
          ],
          [
            92.22020998600004,
            26.33205890800008
          ],
          [
            92.22009454800008,
            26.332043501000044
          ],
          [
            92.21975369300009,
            26.331921097000077
          ],
          [
            92.21936132900004,
            26.331830283000045
          ],
          [
            92.21899434200003,
            26.33177316900003
          ],
          [
            92.21879506400006,
            26.33172768700007
          ],
          [
            92.21855251100004,
            26.331644855000036
          ],
          [
            92.21837313500004,
            26.331565281000053
          ],
          [
            92.21825227400006,
            26.331522845000052
          ],
          [
            92.21788550900004,
            26.331433960000027
          ],
          [
            92.21762547800006,
            26.331390054000053
          ],
          [
            92.21687740400006,
            26.331194266000068
          ],
          [
            92.21665031700007,
            26.331155386000034
          ],
          [
            92.21646853200008,
            26.331113110000047
          ],
          [
            92.21612959400005,
            26.331086191000054
          ],
          [
            92.21600728700008,
            26.331068861000062
          ],
          [
            92.21574356300005,
            26.330989655000053
          ],
          [
            92.21531562000007,
            26.330908100000045
          ],
          [
            92.21505505000005,
            26.330829425000047
          ],
          [
            92.21408594500008,
            26.33070116600004
          ],
          [
            92.21376931600008,
            26.330684473000076
          ],
          [
            92.21365295900006,
            26.330670932000032
          ],
          [
            92.21345272800005,
            26.33062351700005
          ],
          [
            92.21323472000006,
            26.330540540000072
          ],
          [
            92.21301534800006,
            26.330471811000052
          ],
          [
            92.21254754100005,
            26.330375442000047
          ],
          [
            92.21214106700006,
            26.330298034000066
          ],
          [
            92.21178824400005,
            26.330270017000032
          ],
          [
            92.21153362500007,
            26.330217084000026
          ],
          [
            92.21125900500004,
            26.33019706700003
          ],
          [
            92.21114412600008,
            26.330179374000068
          ],
          [
            92.21102105700004,
            26.330141407000042
          ],
          [
            92.21082923600005,
            26.330064820000075
          ],
          [
            92.21063120400004,
            26.329997458000037
          ],
          [
            92.21052213200005,
            26.329971345000047
          ],
          [
            92.21021215500008,
            26.329939591000027
          ],
          [
            92.21003268500004,
            26.32989652400005
          ],
          [
            92.20972415200004,
            26.329860819000032
          ],
          [
            92.20946488400006,
            26.329812048000065
          ],
          [
            92.20929275500004,
            26.329801727000074
          ],
          [
            92.20901483800009,
            26.329811147000044
          ],
          [
            92.20897445000008,
            26.330384623000043
          ],
          [
            92.20891759100004,
            26.330704971000046
          ],
          [
            92.20889316900008,
            26.331176027000026
          ],
          [
            92.20884010200007,
            26.331501635000052
          ],
          [
            92.20881064100007,
            26.331819800000062
          ],
          [
            92.20873165200004,
            26.33212862700003
          ],
          [
            92.20871426300005,
            26.332226827000056
          ],
          [
            92.20869581800008,
            26.332714628000076
          ],
          [
            92.20867282900008,
            26.332913364000035
          ],
          [
            92.20865848900007,
            26.333206447000066
          ],
          [
            92.20863318100004,
            26.333440105000022
          ],
          [
            92.20861606700004,
            26.33376923900005
          ],
          [
            92.20856852800006,
            26.33401162100006
          ],
          [
            92.20849137300007,
            26.33422389100008
          ],
          [
            92.20847041100006,
            26.334327389000066
          ],
          [
            92.20842823000004,
            26.33477462700006
          ],
          [
            92.20841237500008,
            26.335025683000026
          ],
          [
            92.20838871600006,
            26.335223047000056
          ],
          [
            92.20837512600008,
            26.335674795000045
          ],
          [
            92.20835018400004,
            26.335910811000076
          ],
          [
            92.20833330200009,
            26.336202650000075
          ],
          [
            92.20831681600004,
            26.336308445000043
          ],
          [
            92.20824646300008,
            26.336531438000065
          ],
          [
            92.20822628000008,
            26.336642528000027
          ],
          [
            92.20821694400007,
            26.336836686000026
          ],
          [
            92.20821976600007,
            26.33790529500004
          ],
          [
            92.20821233800007,
            26.338139684000055
          ],
          [
            92.20816566100007,
            26.33846513000003
          ],
          [
            92.20810720700007,
            26.338703285000065
          ],
          [
            92.20806934100005,
            26.338910015000067
          ],
          [
            92.20804663700005,
            26.33935118200003
          ],
          [
            92.20799174800004,
            26.339645508000046
          ],
          [
            92.20795838100008,
            26.339955748000023
          ],
          [
            92.20788114600003,
            26.34021720100003
          ],
          [
            92.20782374300006,
            26.340546737000068
          ],
          [
            92.20779267600005,
            26.340643859000068
          ],
          [
            92.20771590700008,
            26.340823027000056
          ],
          [
            92.20768095900007,
            26.340943438000068
          ],
          [
            92.20766821600006,
            26.341204504000075
          ],
          [
            92.20765276800006,
            26.341267962000074
          ],
          [
            92.20759911900007,
            26.34139889000005
          ],
          [
            92.20758353700006,
            26.341469422000046
          ],
          [
            92.20755788600007,
            26.34173869800003
          ],
          [
            92.20743501000004,
            26.342711020000024
          ],
          [
            92.20739121400004,
            26.34295275000005
          ],
          [
            92.20730157100007,
            26.343208944000025
          ],
          [
            92.20725782500006,
            26.343370225000058
          ],
          [
            92.20721441600006,
            26.343691785000033
          ],
          [
            92.20721421400003,
            26.343972215000065
          ],
          [
            92.20720795800008,
            26.34403336500003
          ],
          [
            92.20695580900008,
            26.345184129000074
          ],
          [
            92.20692367900006,
            26.345290641000076
          ],
          [
            92.20681393300003,
            26.345557365000047
          ],
          [
            92.20673506500003,
            26.34582490100007
          ],
          [
            92.20658276000006,
            26.34621013700007
          ],
          [
            92.20641750000004,
            26.34679916700003
          ],
          [
            92.20630277100008,
            26.347114556000065
          ],
          [
            92.20624444000003,
            26.34731076500003
          ],
          [
            92.20620778100005,
            26.34740400900006
          ],
          [
            92.20612090600008,
            26.347579691000078
          ],
          [
            92.20606449800005,
            26.347735533000048
          ],
          [
            92.20603148900005,
            26.347860625000067
          ],
          [
            92.20596441700008,
            26.34819023800003
          ],
          [
            92.20588996600009,
            26.348662087000037
          ],
          [
            92.20580050400008,
            26.348959016000038
          ],
          [
            92.20568993700005,
            26.349473016000047
          ],
          [
            92.20561666500004,
            26.349676276000025
          ],
          [
            92.20549633300004,
            26.349886534000063
          ],
          [
            92.20544094400003,
            26.35001525100006
          ],
          [
            92.20539525900006,
            26.35021434400005
          ],
          [
            92.20535952800003,
            26.350418681000065
          ],
          [
            92.20533070900007,
            26.35069026000008
          ],
          [
            92.20529612500007,
            26.350895225000045
          ],
          [
            92.20522928600008,
            26.35118464900006
          ],
          [
            92.20519400300003,
            26.351429757000062
          ],
          [
            92.20517627200007,
            26.351745810000068
          ],
          [
            92.20515623100005,
            26.351888315000053
          ],
          [
            92.20511351200008,
            26.352049799000042
          ],
          [
            92.20499921800007,
            26.35232357600006
          ],
          [
            92.20496178900004,
            26.352446841000074
          ],
          [
            92.20494378300003,
            26.35256148700006
          ],
          [
            92.20491948500006,
            26.35283429100008
          ],
          [
            92.20484256300006,
            26.353240839000023
          ],
          [
            92.20475684000007,
            26.35348226600007
          ],
          [
            92.20453311100005,
            26.35381396300005
          ],
          [
            92.20456198400007,
            26.353964051000048
          ],
          [
            92.20465461100008,
            26.354299963000074
          ],
          [
            92.20500834300003,
            26.354345867000063
          ],
          [
            92.20542004500004,
            26.35445369300004
          ],
          [
            92.20595917800006,
            26.35446349600005
          ],
          [
            92.20623411100007,
            26.354340464000074
          ],
          [
            92.20686178800008,
            26.35433508400007
          ],
          [
            92.20699130300005,
            26.354320964000067
          ],
          [
            92.20717845900003,
            26.354278346000058
          ],
          [
            92.20735328500007,
            26.354261981000036
          ],
          [
            92.20771181100008,
            26.35426195900004
          ],
          [
            92.20801618000007,
            26.35428224800006
          ],
          [
            92.20865308400005,
            26.354253620000065
          ],
          [
            92.20907820500008,
            26.354192813000054
          ],
          [
            92.20950462200005,
            26.35416799400008
          ],
          [
            92.20988288200004,
            26.35411013600003
          ],
          [
            92.21000127600007,
            26.354101428000035
          ],
          [
            92.21020117800003,
            26.354102943000044
          ],
          [
            92.21044943400005,
            26.354128598000045
          ],
          [
            92.21060708300007,
            26.35413240500003
          ],
          [
            92.21098462100008,
            26.35410149100005
          ],
          [
            92.21188975900009,
            26.354095406000056
          ],
          [
            92.21231998800005,
            26.354058891000022
          ],
          [
            92.21265957000008,
            26.35405580500003
          ],
          [
            92.21286713600006,
            26.35407270500008
          ],
          [
            92.21313086700007,
            26.354148875000078
          ],
          [
            92.21329130700008,
            26.35417372300003
          ],
          [
            92.21354332100003,
            26.35418062800005
          ],
          [
            92.21452090500009,
            26.35417804100007
          ],
          [
            92.21477282300003,
            26.354185290000032
          ],
          [
            92.21534004000006,
            26.354234435000023
          ],
          [
            92.21541466600007,
            26.354250689000025
          ],
          [
            92.21560054000008,
            26.35431290500003
          ],
          [
            92.21572201000004,
            26.354333127000075
          ],
          [
            92.21593358100006,
            26.354342230000043
          ],
          [
            92.21675061700006,
            26.354342377000023
          ],
          [
            92.21713851000004,
            26.354374220000068
          ],
          [
            92.21760430000006,
            26.354387264000025
          ],
          [
            92.21772667000005,
            26.354403500000046
          ],
          [
            92.21803056700008,
            26.354480360000025
          ],
          [
            92.21820107600007,
            26.354499759000078
          ],
          [
            92.22009007000008,
            26.35450042900004
          ],
          [
            92.22031231400007,
            26.35450727500006
          ],
          [
            92.22046751400006,
            26.354529537000076
          ],
          [
            92.22086558600006,
            26.354636560000074
          ],
          [
            92.22098967600004,
            26.35465676900003
          ],
          [
            92.22116200400006,
            26.354664972000023
          ],
          [
            92.22173019300004,
            26.354668761000028
          ],
          [
            92.22185753900004,
            26.35467972300006
          ],
          [
            92.22216038600004,
            26.354733361000058
          ],
          [
            92.22270757700005,
            26.354757422000034
          ],
          [
            92.22281405600006,
            26.354778878000047
          ],
          [
            92.22309515000006,
            26.35487610900003
          ],
          [
            92.22316893400006,
            26.35489407700004
          ],
          [
            92.22402143100004,
            26.35505045900004
          ],
          [
            92.22436752700008,
            26.35508406400004
          ],
          [
            92.22481676400008,
            26.355169180000075
          ],
          [
            92.22522974200007,
            26.355275025000026
          ],
          [
            92.22566650600004,
            26.355425402000037
          ],
          [
            92.22586619600008,
            26.355464754000025
          ],
          [
            92.22605020100008,
            26.355484137000076
          ],
          [
            92.22641902900006,
            26.355540524000048
          ],
          [
            92.22764945500006,
            26.355901324000058
          ],
          [
            92.22791657800008,
            26.35599366300005
          ],
          [
            92.22811477100004,
            26.356096818000026
          ],
          [
            92.22848597400008,
            26.35624806800007
          ],
          [
            92.22870078000005,
            26.35631075400005
          ],
          [
            92.22923228000008,
            26.356500955000058
          ],
          [
            92.22956838000005,
            26.35663376800005
          ],
          [
            92.22996264000005,
            26.356740127000023
          ],
          [
            92.23019053600007,
            26.356829420000054
          ],
          [
            92.23036450400008,
            26.356911016000026
          ],
          [
            92.23062533400008,
            26.35707003600004
          ],
          [
            92.23111741100007,
            26.357303487000024
          ],
          [
            92.23155625600003,
            26.357476175000045
          ],
          [
            92.23169895000007,
            26.35752277000006
          ],
          [
            92.23226852000005,
            26.357760794000058
          ],
          [
            92.23274688500004,
            26.357999534000044
          ],
          [
            92.23284261100008,
            26.358066463000057
          ],
          [
            92.23300461100007,
            26.358147462000034
          ],
          [
            92.23325188000007,
            26.358258653000064
          ],
          [
            92.23333831600007,
            26.358286236000026
          ],
          [
            92.23355996700008,
            26.358337178000056
          ],
          [
            92.23376342500006,
            26.358417432000067
          ],
          [
            92.23394847200007,
            26.35852385900006
          ],
          [
            92.23421033200003,
            26.35865152300005
          ],
          [
            92.23443226500007,
            26.358771561000026
          ],
          [
            92.23469714200007,
            26.358897296000066
          ],
          [
            92.23503870500008,
            26.359097378000058
          ],
          [
            92.23533415300005,
            26.35924859000005
          ],
          [
            92.23575375400009,
            26.359548760000052
          ],
          [
            92.23584254700006,
            26.359598986000037
          ],
          [
            92.23607323600004,
            26.359708952000062
          ],
          [
            92.23627688200008,
            26.359827820000078
          ],
          [
            92.23655131300006,
            26.36001267900008
          ],
          [
            92.23673934200008,
            26.360151359000042
          ],
          [
            92.23694193700004,
            26.360272949000034
          ],
          [
            92.23734864400006,
            26.360478277000027
          ],
          [
            92.23756307100007,
            26.36061766000006
          ],
          [
            92.23796909300006,
            26.360911679000026
          ],
          [
            92.23820635900006,
            26.361021709000056
          ],
          [
            92.23841243500004,
            26.36114356300004
          ],
          [
            92.23877660200009,
            26.361384475000023
          ],
          [
            92.23904234400004,
            26.36152585800005
          ],
          [
            92.23934565200005,
            26.361749334000024
          ],
          [
            92.23957170200003,
            26.361938087000055
          ],
          [
            92.24016333000009,
            26.362337773000036
          ],
          [
            92.24025635600003,
            26.36242680600003
          ],
          [
            92.24040252100008,
            26.362608917000045
          ],
          [
            92.24047318900006,
            26.362672144000044
          ],
          [
            92.24059245800004,
            26.36273940500007
          ],
          [
            92.24087670300008,
            26.362835714000028
          ],
          [
            92.24093241400004,
            26.362874257000044
          ],
          [
            92.24100598200005,
            26.362961493000057
          ],
          [
            92.24124616000006,
            26.363228461000062
          ],
          [
            92.24138831200008,
            26.36336158200004
          ],
          [
            92.24148011600005,
            26.363426851000042
          ],
          [
            92.24192611600006,
            26.363683562000062
          ],
          [
            92.24234603600007,
            26.364033402000075
          ],
          [
            92.24274144400005,
            26.36434022800006
          ],
          [
            92.24314713900009,
            26.364707063000026
          ],
          [
            92.24351874700005,
            26.364953915000058
          ],
          [
            92.24378428400007,
            26.365196524000055
          ],
          [
            92.24404465300006,
            26.36539823000004
          ],
          [
            92.24429045600004,
            26.365609065000058
          ],
          [
            92.24461038300007,
            26.365807464000056
          ],
          [
            92.24476471000008,
            26.365937604000067
          ],
          [
            92.24499614900003,
            26.36616776900007
          ],
          [
            92.24514455700006,
            26.366332353000075
          ],
          [
            92.24526863500006,
            26.36650784300008
          ],
          [
            92.24556415400008,
            26.366871523000043
          ],
          [
            92.24580190600005,
            26.36719799000008
          ],
          [
            92.24594126900007,
            26.36741454500003
          ],
          [
            92.24610242400007,
            26.367631878000054
          ],
          [
            92.24629659400006,
            26.36794617000004
          ],
          [
            92.24672201000004,
            26.36904968400006
          ],
          [
            92.24766711800004,
            26.37038252800005
          ],
          [
            92.24824872200008,
            26.371230702000048
          ],
          [
            92.24902583100004,
            26.372026265000045
          ],
          [
            92.25021792500007,
            26.37053183000006
          ],
          [
            92.25063130900008,
            26.369823127000075
          ],
          [
            92.25084801700007,
            26.369604666000043
          ],
          [
            92.25114242000006,
            26.369307883000033
          ]
        ]
      ]
    ]
  }
}